{"type":"FeatureCollection","features":[{"type":"Feature","geometry":{"type":"MultiPolygon","coordinates":[[[[-61.8448,17.7291],[-61.7451,17.6462],[-61.732,17.5451],[-61.8224,17.5921],[-61.8588,17.5801],[-61.8564,17.6576],[-61.8871,17.6958],[-61.8448,17.7291]]],[[[-61.746,16.9983],[-61.8906,17.0266],[-61.8833,17.0767],[-61.9063,17.0809],[-61.8736,17.1032],[-61.9034,17.1068],[-61.8862,17.1304],[-61.8449,17.1173],[-61.8643,17.1316],[-61.8325,17.1735],[-61.7729,17.1418],[-61.7751,17.1075],[-61.7486,17.1382],[-61.7501,17.1143],[-61.7262,17.1068],[-61.7337,17.0893],[-61.6775,17.1019],[-61.7143,17.0712],[-61.6783,17.0717],[-61.6922,17.0309],[-61.7429,17.0442],[-61.746,16.9983]]]]},"properties":{"country":"AG"}},{"type":"Feature","geometry":{"type":"MultiPolygon","coordinates":[[[[-61.4707,15.4968],[-61.4584,15.6386],[-61.4225,15.6398],[-61.3897,15.5943],[-61.3025,15.5843],[-61.2556,15.5179],[-61.2448,15.2872],[-61.3301,15.2115],[-61.3741,15.2142],[-61.3943,15.3552],[-61.4707,15.4968]]]]},"properties":{"country":"DM"}},{"type":"Feature","geometry":{"type":"MultiPolygon","coordinates":[[[[-61.0792,13.8819],[-60.9451,14.1104],[-60.883,14.0511],[-60.8849,13.818],[-60.9472,13.7076],[-61.0784,13.8079],[-61.0792,13.8819]]]]},"properties":{"country":"LC"}},{"type":"Feature","geometry":{"type":"MultiPolygon","coordinates":[[[[-92.2246,14.5331],[-92.1472,14.6587],[-92.1848,14.8283],[-92.1362,14.8916],[-92.1505,14.9894],[-92.0593,15.0708],[-92.2105,15.2606],[-91.7316,16.0739],[-90.4422,16.0738],[-90.4263,16.0988],[-90.4576,16.0948],[-90.426,16.1639],[-90.4582,16.2071],[-90.4293,16.2348],[-90.4562,16.2495],[-90.424,16.2594],[-90.4398,16.3045],[-90.3827,16.3396],[-90.4121,16.362],[-90.3715,16.366],[-90.389,16.4126],[-90.4855,16.423],[-90.48,16.461],[-90.5461,16.4829],[-90.6314,16.4779],[-90.6067,16.5019],[-90.6461,16.518],[-90.6263,16.578],[-90.6671,16.5818],[-90.6585,16.6406],[-90.7122,16.7251],[-90.8041,16.7983],[-90.9218,16.8219],[-90.9336,16.8593],[-90.9741,16.8636],[-90.965,16.9015],[-90.9878,16.8631],[-91.0656,16.9029],[-91.1228,17.0034],[-91.1753,17.0157],[-91.2669,17.1079],[-91.2664,17.1701],[-91.3244,17.1831],[-91.3491,17.1597],[-91.4396,17.2479],[-90.9873,17.2513],[-90.9877,17.8153],[-89.1519,17.8156],[-89.1501,17.0586],[-89.225,15.888],[-89.0546,15.9173],[-88.9125,15.9002],[-88.8846,15.8634],[-88.8286,15.8739],[-88.6285,15.7539],[-88.6348,15.6931],[-88.5788,15.7463],[-88.5615,15.8604],[-88.551,15.8363],[-88.4915,15.8478],[-88.6118,15.9357],[-88.6191,15.9665],[-88.5851,15.9617],[-88.2356,15.7227],[-88.6781,15.3424],[-88.975,15.1362],[-89.1543,15.0689],[-89.1844,15.0025],[-89.1566,14.9798],[-89.1726,14.9286],[-89.2281,14.8825],[-89.1654,14.7316],[-89.1312,14.713],[-89.1581,14.5752],[-89.2389,14.5846],[-89.3019,14.4939],[-89.3561,14.4685],[-89.356,14.4206],[-89.3935,14.451],[-89.5296,14.3796],[-89.5739,14.4169],[-89.5634,14.3517],[-89.5923,14.3115],[-89.5455,14.2957],[-89.5254,14.22],[-89.6669,14.1854],[-89.7254,14.1193],[-89.7375,14.0317],[-89.856,14.0586],[-90.0232,13.939],[-90.1122,13.8346],[-90.1036,13.7401],[-90.5562,13.9095],[-91.1085,13.9179],[-91.3012,13.9482],[-91.5439,14.0457],[-91.7902,14.1928],[-92.2246,14.5331]]]]},"properties":{"country":"GT"}},{"type":"Feature","geometry":{"type":"MultiPolygon","coordinates":[[[[-90.1356,13.7462],[-90.093,13.7537],[-90.1179,13.7876],[-90.0981,13.8592],[-89.8985,14.0391],[-89.8226,14.0636],[-89.7375,14.0317],[-89.7254,14.1193],[-89.6669,14.1854],[-89.5254,14.22],[-89.5455,14.2957],[-89.5923,14.3115],[-89.5634,14.3517],[-89.5739,14.4169],[-89.5296,14.3796],[-89.3926,14.451],[-89.182,14.3648],[-89.0979,14.4025],[-89.0826,14.3411],[-89.0223,14.3142],[-89.0258,14.2714],[-88.9723,14.2132],[-88.8667,14.1786],[-88.8313,14.1046],[-88.7989,14.1646],[-88.7376,14.1312],[-88.6836,14.0101],[-88.6277,14.0228],[-88.4998,13.967],[-88.511,13.9109],[-88.4685,13.8488],[-88.2269,13.9378],[-88.23,13.9999],[-88.0727,13.9923],[-88.0148,13.871],[-87.7999,13.9205],[-87.7084,13.804],[-87.7935,13.524],[-87.7208,13.5053],[-87.7164,13.4663],[-87.7939,13.4114],[-87.8584,13.4172],[-87.8729,13.3828],[-87.8795,13.3972],[-87.8862,13.398],[-87.8739,13.4049],[-87.8762,13.4166],[-87.9014,13.3811],[-87.7792,13.2914],[-87.9065,13.2045],[-87.9003,13.1554],[-88.3499,13.1727],[-88.3297,13.1881],[-88.3227,13.1762],[-88.3179,13.1804],[-88.3138,13.1767],[-88.2976,13.1839],[-88.2993,13.1803],[-88.297,13.1801],[-88.2954,13.1835],[-88.2954,13.1802],[-88.2946,13.1794],[-88.2932,13.1794],[-88.2921,13.1808],[-88.2907,13.1806],[-88.2905,13.1795],[-88.2894,13.1779],[-88.292,13.1769],[-88.2931,13.1755],[-88.293,13.1746],[-88.292,13.1734],[-88.2889,13.1736],[-88.2873,13.1763],[-88.2928,13.1748],[-88.2893,13.178],[-88.2901,13.179],[-88.2906,13.1807],[-88.2909,13.1808],[-88.2925,13.1808],[-88.2934,13.1795],[-88.2951,13.1802],[-88.2952,13.1838],[-88.2977,13.1804],[-88.2975,13.1841],[-88.312,13.1808],[-88.3064,13.1838],[-88.306,13.1928],[-88.3222,13.179],[-88.321,13.2199],[-88.3259,13.1946],[-88.3477,13.2142],[-88.3474,13.2159],[-88.3426,13.2157],[-88.3388,13.2187],[-88.3383,13.238],[-88.3442,13.2422],[-88.3481,13.2324],[-88.3411,13.2172],[-88.3615,13.2336],[-88.3674,13.2327],[-88.3714,13.2235],[-88.3356,13.2012],[-88.3463,13.1901],[-88.3998,13.2335],[-88.3953,13.2122],[-88.4036,13.2178],[-88.4149,13.21],[-88.409,13.2153],[-88.4123,13.2212],[-88.4067,13.2232],[-88.4052,13.225],[-88.4184,13.2389],[-88.4336,13.2105],[-88.4298,13.2191],[-88.4376,13.2201],[-88.43,13.2347],[-88.4527,13.2361],[-88.4374,13.2535],[-88.4535,13.2378],[-88.4707,13.2715],[-88.4919,13.2621],[-88.4999,13.2353],[-88.5212,13.2336],[-88.5205,13.2447],[-88.5134,13.2469],[-88.5126,13.2541],[-88.5247,13.247],[-88.5265,13.2371],[-88.532,13.2632],[-88.6403,13.3084],[-88.6396,13.2779],[-88.6509,13.2919],[-88.677,13.2954],[-88.6424,13.2646],[-88.6945,13.2835],[-88.6935,13.26],[-88.7125,13.2801],[-88.7411,13.2709],[-88.7171,13.2738],[-88.7164,13.2655],[-88.722,13.2646],[-88.722,13.2614],[-88.7181,13.2602],[-88.7135,13.2623],[-88.7161,13.2597],[-88.7159,13.2555],[-88.7081,13.2528],[-88.7096,13.2487],[-88.7085,13.2472],[-88.7064,13.2463],[-88.4582,13.1787],[-88.4722,13.1707],[-88.8331,13.2579],[-89.2959,13.4838],[-89.8057,13.5233],[-89.8405,13.5993],[-90.1356,13.7462]]]]},"properties":{"country":"SV"}},{"type":"Feature","geometry":{"type":"MultiPolygon","coordinates":[[[[-56.6703,2.0261],[-56.5628,2.0239],[-56.469,1.9492],[-56.5798,1.9059],[-56.6215,1.9459],[-56.651,1.9171],[-56.721,1.9258],[-56.7979,1.8534],[-56.9197,1.9304],[-57.0142,1.9149],[-57.0867,2.0264],[-57.2292,1.9376],[-57.3071,1.9967],[-57.3691,1.9564],[-57.3677,1.9237],[-57.4334,1.906],[-57.4378,1.8268],[-57.5019,1.7861],[-57.5376,1.7005],[-57.6504,1.6824],[-57.7051,1.7309],[-57.7743,1.7297],[-57.8521,1.6678],[-57.9901,1.6584],[-58.0042,1.503],[-58.0609,1.5253],[-58.1294,1.4989],[-58.1606,1.5601],[-58.236,1.5467],[-58.3171,1.5684],[-58.3224,1.597],[-58.3947,1.5265],[-58.3856,1.47],[-58.5087,1.4629],[-58.5051,1.4032],[-58.4579,1.3715],[-58.4962,1.268],[-58.6946,1.2973],[-58.7396,1.1999],[-58.8212,1.171],[-58.912,1.239],[-58.886,1.261],[-58.918,1.317],[-58.978,1.302],[-59.253,1.389],[-59.284,1.45],[-59.327,1.464],[-59.329,1.514],[-59.3831,1.5056],[-59.539,1.723],[-59.617,1.716],[-59.69,1.757],[-59.654,1.817],[-59.6668,1.8675],[-59.6756,1.8457],[-59.7529,1.8569],[-59.7208,2.0273],[-59.7426,2.069],[-59.7233,2.2768],[-59.7873,2.2837],[-59.8993,2.3635],[-59.8971,2.4806],[-59.9291,2.5691],[-59.9721,2.5931],[-59.9917,2.6861],[-59.9918,2.8346],[-59.947,2.9983],[-59.9565,3.0791],[-59.9082,3.1129],[-59.9084,3.2116],[-59.8746,3.2245],[-59.8328,3.3544],[-59.8048,3.357],[-59.8116,3.4277],[-59.8417,3.4276],[-59.8034,3.5051],[-59.8673,3.5778],[-59.6684,3.7028],[-59.6655,3.7813],[-59.5963,3.7939],[-59.5928,3.8854],[-59.5153,3.9449],[-59.5447,3.9791],[-59.5842,3.9685],[-59.5794,4.0006],[-59.6541,4.0694],[-59.6182,4.1317],[-59.7307,4.1808],[-59.7395,4.2339],[-59.7095,4.2688],[-59.7319,4.2859],[-59.6695,4.3763],[-59.795,4.4655],[-59.8615,4.4524],[-59.8748,4.4872],[-59.9094,4.4604],[-59.9709,4.5096],[-59.9729,4.4801],[-60.0707,4.4933],[-60.0878,4.5336],[-60.1178,4.502],[-60.1611,4.5177],[-60.1572,4.5725],[-60.0705,4.6169],[-60.0754,4.6555],[-60.0252,4.7065],[-60.0344,4.8011],[-59.9703,5.0634],[-60.0877,5.1392],[-60.1342,5.2459],[-60.1831,5.2275],[-60.2193,5.2689],[-60.314,5.2037],[-60.4126,5.2116],[-60.4397,5.1791],[-60.6782,5.2322],[-60.7376,5.2019],[-61.3827,5.9388],[-61.2698,6.11],[-61.2093,6.1115],[-61.1794,6.1872],[-61.1241,6.1945],[-61.1425,6.2163],[-61.114,6.2716],[-61.1843,6.3309],[-61.1528,6.4643],[-61.2322,6.5704],[-61.1414,6.7193],[-60.951,6.7172],[-60.9014,6.755],[-60.9107,6.8152],[-60.7184,6.7553],[-60.6638,6.8295],[-60.5039,6.8804],[-60.4541,6.9366],[-60.3754,6.9306],[-60.3609,7.0025],[-60.3057,7.0401],[-60.2936,7.1335],[-60.3611,7.1819],[-60.4595,7.2048],[-60.5403,7.1237],[-60.6245,7.211],[-60.6362,7.2617],[-60.5881,7.3143],[-60.5934,7.3508],[-60.7204,7.5388],[-60.6894,7.5782],[-60.6389,7.5776],[-60.6178,7.6427],[-60.5903,7.6315],[-60.5836,7.7342],[-60.5402,7.8157],[-60.3498,7.83],[-60.1228,8.029],[-60.0325,8.0337],[-59.9769,8.1875],[-59.8486,8.2249],[-59.8056,8.2716],[-59.9846,8.5405],[-59.8421,8.3602],[-59.784,8.3431],[-59.7685,8.3605],[-59.82,8.3946],[-59.751,8.3988],[-59.1528,8.046],[-58.83,7.7311],[-58.7678,7.6274],[-58.6784,7.5947],[-58.4907,7.356],[-58.4764,7.1133],[-58.3317,6.9554],[-58.3317,6.8836],[-58.177,6.8078],[-58.0612,6.8159],[-57.9508,6.7437],[-57.5709,6.3798],[-57.5324,6.1946],[-57.5174,6.3117],[-57.4454,6.3302],[-57.274,6.2178],[-57.1752,6.1022],[-57.1353,5.8998],[-57.1839,5.7453],[-57.1656,5.6249],[-57.2664,5.478],[-57.2737,5.3928],[-57.3414,5.3257],[-57.2911,5.3214],[-57.2766,5.2223],[-57.2526,5.2265],[-57.2639,5.2698],[-57.2258,5.2605],[-57.1836,5.1668],[-57.2246,5.1345],[-57.2559,5.1883],[-57.2991,5.1737],[-57.3263,5.0715],[-57.2918,5.0158],[-57.3286,5.0375],[-57.4773,4.9908],[-57.6743,5.0117],[-57.7508,4.9641],[-57.7584,4.9253],[-57.8274,4.932],[-57.8816,4.8832],[-57.9264,4.8079],[-57.8717,4.7605],[-57.8352,4.6397],[-57.9623,4.3957],[-57.9464,4.3309],[-57.9915,4.3062],[-58.0709,4.1321],[-58.0284,4.0683],[-58.0308,3.9598],[-57.9446,3.921],[-57.8578,3.797],[-57.8332,3.664],[-57.7427,3.6252],[-57.6543,3.529],[-57.6275,3.4645],[-57.6968,3.4202],[-57.6736,3.3851],[-57.5686,3.3538],[-57.5148,3.3708],[-57.4848,3.3406],[-57.4248,3.3886],[-57.3916,3.3654],[-57.3052,3.3888],[-57.2924,3.1382],[-57.2348,3.1339],[-57.2608,3.0964],[-57.2058,3.0738],[-57.1926,3.025],[-57.2306,3.0184],[-57.2044,2.9998],[-57.22,2.9489],[-57.1734,2.942],[-57.2228,2.8978],[-57.204,2.8364],[-57.172,2.8092],[-57.1183,2.8239],[-57.1341,2.7728],[-57.0872,2.7665],[-57.1026,2.7414],[-57.0509,2.6404],[-57.0166,2.6457],[-57.0304,2.602],[-56.988,2.5575],[-56.9908,2.5029],[-56.9363,2.5013],[-56.9327,2.4002],[-56.8759,2.3586],[-56.8737,2.2901],[-56.8041,2.261],[-56.8151,2.2108],[-56.6703,2.0261]]]]},"properties":{"country":"GY"}},{"type":"Feature","geometry":{"type":"MultiPolygon","coordinates":[[[[-71.4692,17.5848],[-71.5514,17.5461],[-71.5218,17.6186],[-71.4692,17.5848]]],[[[-69.0247,18.3523],[-69.0171,18.377],[-68.9945,18.3399],[-69.0247,18.3523]]],[[[-68.7838,18.1894],[-68.6054,18.1631],[-68.5681,18.1214],[-68.6893,18.1148],[-68.7572,18.1372],[-68.7838,18.1894]]],[[[-72.0084,18.625],[-71.8187,18.6291],[-71.8031,18.6864],[-71.738,18.7222],[-71.7229,18.8805],[-71.7813,18.9547],[-71.8365,18.9703],[-71.8804,18.9416],[-71.8868,18.9587],[-71.8335,19.0055],[-71.7885,18.9932],[-71.7011,19.0732],[-71.7023,19.1061],[-71.6543,19.1159],[-71.6217,19.2065],[-71.7481,19.2742],[-71.786,19.3319],[-71.6941,19.3598],[-71.6783,19.4448],[-71.762,19.6938],[-71.7096,19.6939],[-71.7465,19.7959],[-71.7789,19.7766],[-71.6693,19.8474],[-71.6537,19.899],[-71.4863,19.9084],[-71.2494,19.8287],[-71.2116,19.8702],[-71.181,19.837],[-71.0969,19.8699],[-71.0132,19.932],[-70.9549,19.8943],[-70.839,19.9054],[-70.7831,19.8308],[-70.7454,19.8377],[-70.6314,19.7639],[-70.5271,19.7527],[-70.4515,19.7838],[-70.2673,19.6413],[-70.1471,19.6203],[-70.0457,19.6784],[-69.9616,19.6811],[-69.8864,19.6185],[-69.9046,19.5466],[-69.8687,19.5083],[-69.8428,19.3727],[-69.7462,19.2836],[-69.5074,19.3275],[-69.3301,19.2834],[-69.2149,19.3548],[-69.2505,19.2903],[-69.1519,19.3012],[-69.2208,19.1832],[-69.6234,19.2237],[-69.6347,19.0992],[-69.455,19.0702],[-69.4382,19.0963],[-69.4795,19.0941],[-69.414,19.103],[-69.3784,19.0578],[-69.2624,19.016],[-69.1432,18.9974],[-69.1395,19.0434],[-69.0622,18.9849],[-68.9193,19.0276],[-68.7753,18.9743],[-68.3448,18.6439],[-68.3229,18.5978],[-68.4439,18.4262],[-68.4647,18.345],[-68.6118,18.373],[-68.6425,18.2097],[-68.7548,18.2022],[-68.8139,18.3359],[-68.8958,18.4006],[-69.0858,18.3937],[-69.2096,18.452],[-69.5164,18.4036],[-69.6214,18.4476],[-69.6327,18.4387],[-69.634,18.4003],[-69.6992,18.4547],[-69.8866,18.4683],[-70.018,18.4277],[-70.1536,18.231],[-70.3922,18.2374],[-70.5014,18.1937],[-70.5692,18.2099],[-70.5107,18.2177],[-70.5917,18.277],[-70.5703,18.3709],[-70.6119,18.422],[-70.6902,18.4275],[-70.7252,18.3564],[-70.8426,18.3476],[-70.9314,18.2548],[-71.0564,18.3174],[-71.1089,18.2622],[-71.0552,18.1554],[-71.0739,18.1066],[-71.3283,17.7985],[-71.4226,17.6042],[-71.5332,17.757],[-71.6892,17.7691],[-71.6279,17.8289],[-71.6749,17.9038],[-71.6661,17.9631],[-71.758,18.036],[-71.7354,18.0955],[-71.7878,18.1806],[-71.6952,18.3406],[-71.9043,18.457],[-71.9134,18.4852],[-71.8801,18.504],[-72.0084,18.625]]]]},"properties":{"country":"DO"}},{"type":"Feature","geometry":{"type":"MultiPolygon","coordinates":[[[[-63.0927,18.0459],[-63.0636,18.0636],[-63.0136,18.0537],[-63.0436,18.0052],[-63.0927,18.0459]]],[[[-63.1389,18.0528],[-63.0964,18.0447],[-63.0939,18.0363],[-63.1159,18.0324],[-63.1389,18.0528]]]]},"properties":{"country":"SX"}},{"type":"Feature","geometry":{"type":"MultiPolygon","coordinates":[[[[-59.6508,13.3057],[-59.613,13.3352],[-59.5298,13.2191],[-59.4201,13.1488],[-59.5042,13.0521],[-59.6324,13.1021],[-59.6508,13.3057]]]]},"properties":{"country":"BB"}},{"type":"Feature","geometry":{"type":"MultiPolygon","coordinates":[[[[-67.6334,11.9718],[-67.6674,11.9766],[-67.6799,11.9843],[-67.6718,11.989],[-67.6334,11.9718]]],[[[-64.5719,11.8757],[-64.5714,11.8091],[-64.645,11.8262],[-64.619,11.8992],[-64.5719,11.8757]]],[[[-66.1032,11.7931],[-66.1528,11.7742],[-66.2041,11.8132],[-66.1131,11.8238],[-66.1032,11.7931]]],[[[-66.6415,11.7632],[-66.6208,11.8213],[-66.6069,11.7938],[-66.5898,11.8176],[-66.61,11.7673],[-66.5844,11.7727],[-66.6734,11.7525],[-66.7005,11.7651],[-66.6415,11.7632]]],[[[-64.2137,11.0861],[-64.1519,11.0052],[-64.0408,10.986],[-63.9769,11.1108],[-63.88,11.18],[-63.777,10.9979],[-63.8171,10.9797],[-63.8163,10.9445],[-63.8823,10.9368],[-63.8924,10.8849],[-63.9788,10.8988],[-64.0634,10.8612],[-64.0536,10.8836],[-64.1709,10.9701],[-64.2083,10.9344],[-64.4083,10.9722],[-64.3829,11.0435],[-64.2137,11.0861]]],[[[-64.2253,10.8175],[-64.1412,10.8232],[-64.196,10.7992],[-64.2253,10.8175]]],[[[-63.8927,10.7414],[-63.9995,10.7818],[-63.995,10.8166],[-63.9067,10.7916],[-63.8927,10.7414]]],[[[-65.308,10.9855],[-65.2257,10.9636],[-65.1972,10.9093],[-65.3001,10.8895],[-65.4222,10.923],[-65.308,10.9855]]],[[[-64.7609,10.2909],[-64.7256,10.3103],[-64.7403,10.2758],[-64.7609,10.2909]]],[[[-66.7905,11.7476],[-66.8421,11.7367],[-66.8574,11.7473],[-66.7905,11.7476]]],[[[-71.6213,10.9915],[-71.6052,10.9701],[-71.6075,10.9584],[-71.6289,10.9681],[-71.6213,10.9915]]],[[[-71.5209,10.9277],[-71.5898,10.9797],[-71.5832,11.0199],[-71.5209,10.9277]]],[[[-71.6251,10.9559],[-71.6756,10.9525],[-71.682,10.9608],[-71.6644,10.965],[-71.6251,10.9559]]],[[[-62.8128,10.4974],[-62.7948,10.4389],[-62.8041,10.4313],[-62.8128,10.4974]]],[[[-62.658,10.3555],[-62.666,10.3051],[-62.6652,10.3274],[-62.733,10.3897],[-62.7936,10.4262],[-62.7785,10.5011],[-62.658,10.3555]]],[[[-62.7217,10.3618],[-62.6668,10.3236],[-62.6721,10.3131],[-62.6859,10.3318],[-62.7097,10.3318],[-62.7217,10.3618]]],[[[-62.2998,9.9583],[-62.2792,10.0558],[-62.2432,10.0584],[-62.2295,10.0178],[-62.2998,9.9583]]],[[[-62.3716,9.9778],[-62.397,9.931],[-62.4293,9.9367],[-62.4126,9.9624],[-62.4415,10.0511],[-62.3716,9.9778]]],[[[-62.3101,9.9839],[-62.3249,9.9613],[-62.3449,9.9696],[-62.3335,9.9922],[-62.3101,9.9839]]],[[[-64.4705,10.3637],[-64.4432,10.3681],[-64.4272,10.3499],[-64.4395,10.3492],[-64.4705,10.3637]]],[[[-64.6096,10.2849],[-64.6761,10.2877],[-64.6653,10.3044],[-64.6096,10.2849]]],[[[-62.3137,9.9504],[-62.3354,9.8222],[-62.3561,9.8632],[-62.3519,9.8783],[-62.3498,9.9246],[-62.3137,9.9504]]],[[[-61.617,9.8244],[-61.6117,9.7947],[-61.652,9.8254],[-61.617,9.8244]]],[[[-61.3296,9.6423],[-61.4052,9.7362],[-61.4575,9.8058],[-61.5433,9.8696],[-61.4355,9.8155],[-61.2028,9.5839],[-61.3296,9.6423]]],[[[-60.7727,9.251],[-60.7837,9.2849],[-60.7598,9.2582],[-60.7727,9.251]]],[[[-60.7158,9.0777],[-60.7444,9.0855],[-60.7155,9.1603],[-60.6832,9.1293],[-60.7158,9.0777]]],[[[-60.7233,9.0323],[-60.6757,9.0814],[-60.6742,9.0737],[-60.7,9.033],[-60.7233,9.0323]]],[[[-60.7877,8.9877],[-60.7855,8.9327],[-60.8186,8.9236],[-60.8226,8.9352],[-60.7877,8.9877]]],[[[-60.7675,8.9303],[-60.7985,8.9264],[-60.7873,8.9294],[-60.7796,8.9441],[-60.7675,8.9303]]],[[[-60.6519,8.7786],[-60.6395,8.8101],[-60.6389,8.7697],[-60.6519,8.7786]]],[[[-60.6062,8.6407],[-60.6648,8.6421],[-60.6588,8.6793],[-60.6023,8.6711],[-60.608,8.6516],[-60.6062,8.6407]]],[[[-60.6076,8.6499],[-60.576,8.667],[-60.598,8.6388],[-60.6076,8.6499]]],[[[-59.8124,8.2862],[-59.8486,8.2249],[-59.9774,8.1871],[-60.0326,8.0336],[-60.1228,8.029],[-60.3584,7.8257],[-60.5402,7.8157],[-60.5836,7.7342],[-60.5903,7.6315],[-60.6178,7.6427],[-60.6389,7.5776],[-60.6894,7.5782],[-60.7204,7.5388],[-60.6072,7.3936],[-60.5881,7.3143],[-60.638,7.246],[-60.5465,7.1257],[-60.4595,7.2048],[-60.2936,7.1335],[-60.2894,7.0712],[-60.3609,7.0025],[-60.3754,6.9306],[-60.4541,6.9366],[-60.5039,6.8804],[-60.6655,6.8283],[-60.7202,6.7547],[-60.9107,6.8152],[-60.9014,6.755],[-60.951,6.7172],[-61.1381,6.7221],[-61.2322,6.5707],[-61.1528,6.4643],[-61.1843,6.3309],[-61.114,6.2716],[-61.1425,6.2163],[-61.1241,6.1945],[-61.1794,6.1872],[-61.2093,6.1115],[-61.2698,6.11],[-61.3827,5.9387],[-60.7376,5.2019],[-60.6813,5.1911],[-60.6455,5.0519],[-60.6115,5.038],[-60.5829,4.9572],[-60.7498,4.7545],[-60.8529,4.7027],[-60.9031,4.7153],[-60.9476,4.6558],[-60.9338,4.5852],[-60.9577,4.545],[-60.9978,4.5162],[-61.0932,4.5231],[-61.1456,4.4802],[-61.2168,4.5307],[-61.3235,4.5339],[-61.2775,4.4676],[-61.3449,4.4175],[-61.4475,4.4395],[-61.5138,4.4066],[-61.5061,4.3194],[-61.5578,4.2525],[-61.7235,4.2438],[-61.7286,4.2674],[-61.8018,4.2279],[-61.8165,4.1637],[-61.9224,4.1569],[-61.933,4.1177],[-61.9821,4.1807],[-62.0753,4.154],[-62.0701,4.1244],[-62.1167,4.1178],[-62.1449,4.0749],[-62.3905,4.1786],[-62.4637,4.1782],[-62.4647,4.1395],[-62.5527,4.1091],[-62.5325,4.041],[-62.5564,4.0166],[-62.6479,4.0471],[-62.7339,4.0402],[-62.7689,4.0077],[-62.7436,3.973],[-62.7889,3.8933],[-62.7295,3.8043],[-62.7371,3.6877],[-62.8398,3.7356],[-62.9743,3.6098],[-63.0802,3.6934],[-63.0621,3.7352],[-63.0934,3.7835],[-63.2289,3.8321],[-63.2079,3.9442],[-63.2539,3.9657],[-63.4293,3.9759],[-63.4526,3.9555],[-63.4165,3.9024],[-63.4511,3.8579],[-63.4852,3.8829],[-63.499,3.8407],[-63.5546,3.8898],[-63.5922,3.8852],[-63.5886,3.9187],[-63.6791,4.02],[-63.6818,3.9085],[-63.8475,3.9518],[-63.9168,3.941],[-63.9662,3.8715],[-64.1369,4.1079],[-64.1768,4.094],[-64.2961,4.1626],[-64.3146,4.1256],[-64.3442,4.1466],[-64.4223,4.143],[-64.4396,4.1154],[-64.4746,4.1399],[-64.5018,4.1058],[-64.6303,4.1149],[-64.7329,4.2769],[-64.8116,4.2697],[-64.8262,4.206],[-64.7773,4.1415],[-64.7729,4.0537],[-64.5506,3.9253],[-64.5663,3.9001],[-64.5083,3.8306],[-64.3185,3.7138],[-64.2937,3.6535],[-64.2431,3.6594],[-64.2469,3.6278],[-64.1712,3.5703],[-64.1884,3.5257],[-64.1179,3.469],[-64.1497,3.3684],[-64.1149,3.3348],[-64.1173,3.2783],[-64.1815,3.1647],[-64.2304,3.1373],[-64.2188,3.0905],[-64.1432,3.033],[-64.161,2.9848],[-64.1078,2.9797],[-64.0711,2.9246],[-64.0804,2.8758],[-63.9819,2.7258],[-64.0086,2.7052],[-63.9861,2.6486],[-64.0446,2.5783],[-64.0607,2.5008],[-64.0185,2.4638],[-63.9355,2.4565],[-63.8455,2.496],[-63.7689,2.4425],[-63.5591,2.4514],[-63.5558,2.4225],[-63.488,2.4364],[-63.4654,2.4019],[-63.4147,2.4542],[-63.3549,2.3848],[-63.3717,2.2122],[-63.4354,2.124],[-63.4739,2.1413],[-63.5114,2.1115],[-63.5465,2.1409],[-63.6269,2.1122],[-63.6648,2.0185],[-63.7007,2.0491],[-63.8328,1.967],[-63.8943,1.993],[-63.9927,1.9822],[-64.0613,1.9242],[-64.0735,1.6488],[-64.1967,1.5209],[-64.3136,1.4561],[-64.3376,1.3615],[-64.4102,1.403],[-64.3477,1.495],[-64.3511,1.5294],[-64.3939,1.5291],[-64.4323,1.4728],[-64.5575,1.4137],[-64.5787,1.3404],[-64.6952,1.2848],[-64.7432,1.2271],[-64.8004,1.3154],[-64.8706,1.2268],[-64.9046,1.2514],[-64.9617,1.2155],[-65.0137,1.1088],[-65.1061,1.1558],[-65.1608,1.1221],[-65.1754,1.0156],[-65.1491,1.0031],[-65.1975,0.9133],[-65.33,0.9345],[-65.3559,0.865],[-65.4118,0.8241],[-65.3922,0.7567],[-65.445,0.6894],[-65.5458,0.6474],[-65.6062,0.7069],[-65.4961,0.874],[-65.5585,0.9922],[-65.7433,1.0009],[-65.7725,0.9585],[-65.8937,0.9343],[-65.9673,0.8155],[-66.0706,0.8123],[-66.0775,0.761],[-66.1444,0.7474],[-66.1964,0.7818],[-66.3104,0.7449],[-66.8559,1.2269],[-66.8817,1.2874],[-66.8581,1.3745],[-66.9131,1.4297],[-66.9196,1.5285],[-67.0659,1.9201],[-67.1241,1.978],[-67.1087,2.1202],[-67.162,2.1334],[-67.2217,2.2512],[-67.185,2.3483],[-67.4862,2.6672],[-67.5615,2.6561],[-67.563,2.7254],[-67.6135,2.8117],[-67.6585,2.7975],[-67.7502,2.8383],[-67.8154,2.8323],[-67.8643,2.7894],[-67.8642,2.8676],[-67.4404,3.253],[-67.3812,3.253],[-67.3104,3.3765],[-67.3376,3.4499],[-67.4001,3.4785],[-67.448,3.6786],[-67.501,3.7686],[-67.5969,3.7522],[-67.6343,3.7861],[-67.7278,4.1119],[-67.7948,4.2265],[-67.8063,4.3248],[-67.7608,4.3551],[-67.7704,4.42],[-67.8569,4.5296],[-67.8233,4.7133],[-67.8388,4.9445],[-67.8068,5.0482],[-67.8539,5.1334],[-67.8233,5.2007],[-67.863,5.2724],[-67.6191,5.4752],[-67.5948,5.5429],[-67.6391,5.6546],[-67.5918,5.8276],[-67.4084,5.9943],[-67.4937,6.1249],[-67.4526,6.1901],[-67.5385,6.2598],[-67.8113,6.3288],[-68.0254,6.1945],[-68.0702,6.2345],[-68.154,6.2344],[-68.2784,6.1618],[-68.4711,6.1894],[-68.6716,6.1321],[-69.0469,6.2254],[-69.179,6.1519],[-69.2402,6.0801],[-69.3071,6.089],[-69.3498,6.1477],[-69.4367,6.1057],[-70.1174,6.98],[-70.3228,6.935],[-70.4303,7.0074],[-70.5023,7.0056],[-70.5555,7.0795],[-70.6416,7.0688],[-70.6832,7.1042],[-70.9186,7.0528],[-71.0224,6.974],[-71.1112,6.9902],[-71.1308,7.033],[-71.5856,7.014],[-71.6279,7.0555],[-71.7054,7.0335],[-71.7537,7.0678],[-71.8794,7.019],[-72.05,7.0397],[-72.1743,7.2575],[-72.1537,7.3278],[-72.1949,7.385],[-72.4177,7.3917],[-72.4758,7.488],[-72.4524,7.5602],[-72.4738,7.7547],[-72.4447,7.8564],[-72.4878,7.9391],[-72.4188,7.9956],[-72.4163,8.0337],[-72.3488,8.0042],[-72.3736,8.1055],[-72.3538,8.1657],[-72.3937,8.2522],[-72.3918,8.3576],[-72.6551,8.6147],[-72.7664,9.1056],[-72.8219,9.1405],[-72.9477,9.0917],[-72.9869,9.1424],[-72.9559,9.1812],[-73.0106,9.2913],[-73.2501,9.1582],[-73.3473,9.1734],[-73.353,9.2175],[-73.1893,9.4455],[-73.2033,9.4693],[-73.1367,9.5505],[-73.0852,9.5563],[-73.0548,9.6783],[-72.9454,9.8376],[-72.9928,9.875],[-72.999,9.9239],[-72.9116,10.1127],[-72.8933,10.4467],[-72.7351,10.6515],[-72.649,10.8795],[-72.5538,10.9402],[-72.4816,11.0591],[-72.4976,11.0859],[-72.3493,11.1514],[-72.2494,11.1402],[-71.9714,11.6463],[-71.3784,11.8121],[-71.3358,11.8506],[-71.3392,11.7948],[-71.4403,11.7192],[-71.8479,11.6379],[-71.9438,11.6005],[-71.9723,11.5507],[-71.9678,11.4528],[-71.9374,11.3196],[-71.9189,11.2825],[-71.9341,11.3193],[-71.7912,11.1118],[-71.6154,10.9961],[-71.6743,10.9777],[-71.6669,10.9958],[-71.7395,11.0194],[-71.8234,10.9946],[-71.7819,11.0023],[-71.7266,10.9629],[-71.6727,10.7854],[-71.5818,10.7014],[-71.6174,10.6343],[-71.6297,10.4386],[-71.7909,10.3273],[-71.9045,10.1196],[-71.9781,10.1079],[-72.0421,9.9315],[-72.1275,9.8129],[-71.9671,9.5906],[-71.9647,9.5531],[-71.9891,9.5974],[-72.0114,9.5565],[-71.9778,9.564],[-71.9753,9.5057],[-71.941,9.5062],[-71.9628,9.4765],[-72.0137,9.5135],[-72.0055,9.4599],[-71.9616,9.4646],[-71.9436,9.4982],[-71.8138,9.419],[-71.8788,9.4351],[-71.8899,9.43],[-71.9007,9.4143],[-71.9099,9.3865],[-71.8714,9.4015],[-71.8868,9.4278],[-71.8307,9.4228],[-71.8062,9.4025],[-71.8123,9.3758],[-71.8001,9.3536],[-71.8008,9.3979],[-71.7045,9.3532],[-71.7461,9.3326],[-71.7364,9.2731],[-71.7746,9.2872],[-71.8202,9.2277],[-71.8198,9.2227],[-71.8017,9.2233],[-71.7905,9.2395],[-71.7668,9.2075],[-71.7493,9.2348],[-71.7406,9.1487],[-71.7693,9.1055],[-71.6962,9.0572],[-71.615,9.082],[-71.6017,9.0307],[-71.3412,9.0851],[-71.2348,9.1508],[-71.2077,9.217],[-71.0518,9.3395],[-71.0919,9.4992],[-71.0262,9.7093],[-71.0894,9.7931],[-71.107,9.8969],[-71.2104,9.974],[-71.2848,10.161],[-71.353,10.2009],[-71.4333,10.359],[-71.4795,10.3913],[-71.4582,10.4844],[-71.5408,10.5496],[-71.4961,10.6068],[-71.5317,10.634],[-71.5231,10.7245],[-71.5918,10.7868],[-71.4339,10.7947],[-71.4466,10.8787],[-71.4075,10.915],[-71.4381,10.9021],[-71.4838,10.949],[-71.5273,10.9477],[-71.2695,10.977],[-70.8452,11.1944],[-70.5558,11.2292],[-70.4794,11.2922],[-70.4252,11.2797],[-70.2812,11.356],[-70.195,11.3574],[-70.1469,11.4171],[-70.1413,11.4617],[-70.1653,11.4628],[-70.1367,11.4642],[-70.0976,11.4237],[-70.0411,11.4465],[-70.0464,11.5085],[-70.1189,11.5201],[-70.0835,11.5315],[-70.139,11.5635],[-70.0425,11.5098],[-69.9487,11.5208],[-69.8792,11.4735],[-69.8595,11.4898],[-69.8752,11.4609],[-69.8464,11.463],[-69.8679,11.4342],[-69.8449,11.4223],[-69.755,11.4561],[-69.7244,11.5125],[-69.8046,11.692],[-70.1854,11.6049],[-70.2379,11.6268],[-70.2097,11.7066],[-70.235,11.738],[-70.2039,11.7273],[-70.205,11.7611],[-70.2266,11.7813],[-70.2389,11.7573],[-70.3024,11.8529],[-70.2152,12.0929],[-70.0026,12.1958],[-69.8983,12.1429],[-69.8444,12.0085],[-69.8365,12.029],[-69.758,11.6903],[-69.624,11.4679],[-69.5739,11.4569],[-69.515,11.5059],[-69.3678,11.4833],[-69.2658,11.5346],[-69.1072,11.4929],[-69.0512,11.4392],[-68.86,11.4505],[-68.724,11.3487],[-68.664,11.3484],[-68.6021,11.2817],[-68.5317,11.2649],[-68.4516,11.1778],[-68.4048,11.1881],[-68.2619,10.9069],[-68.3171,10.9371],[-68.3636,10.918],[-68.2568,10.8933],[-68.2534,10.9193],[-68.2195,10.8657],[-68.326,10.8532],[-68.2928,10.8296],[-68.327,10.8336],[-68.2986,10.6848],[-68.2072,10.5422],[-68.1299,10.4841],[-68.0613,10.4978],[-67.9833,10.4642],[-67.9957,10.4922],[-67.9211,10.4537],[-67.8568,10.4785],[-67.8376,10.439],[-67.8234,10.4861],[-67.8106,10.466],[-67.7539,10.4992],[-67.1847,10.5553],[-67.0308,10.6135],[-66.4951,10.6317],[-66.3476,10.6065],[-66.2365,10.6495],[-66.0495,10.5794],[-66.0651,10.5476],[-66.1254,10.539],[-66.0936,10.475],[-65.8209,10.2775],[-65.4768,10.1522],[-65.0587,10.0607],[-64.9523,10.0969],[-64.7548,10.103],[-64.7165,10.1292],[-64.7071,10.2249],[-64.677,10.2006],[-64.6209,10.2549],[-64.4576,10.2535],[-64.3633,10.3025],[-64.3729,10.3204],[-64.4419,10.3103],[-64.4615,10.3306],[-64.3788,10.3367],[-64.3948,10.3798],[-64.3646,10.3979],[-64.3457,10.373],[-64.3697,10.3384],[-64.3363,10.3478],[-64.3369,10.3984],[-64.2227,10.4171],[-64.1868,10.4776],[-64.0241,10.4356],[-63.8207,10.4392],[-63.6407,10.4897],[-63.7038,10.48],[-63.8183,10.5499],[-64.0492,10.5967],[-64.203,10.5545],[-64.2342,10.5053],[-64.2966,10.6315],[-64.2613,10.6652],[-64.1371,10.6158],[-64.0568,10.6516],[-63.9166,10.6246],[-63.8254,10.65],[-63.8113,10.7083],[-63.7626,10.6589],[-63.5311,10.6273],[-63.3858,10.6928],[-63.2462,10.6717],[-63.1555,10.7272],[-63.1339,10.7024],[-63.0018,10.7239],[-62.9028,10.692],[-62.7121,10.7657],[-62.1706,10.6832],[-61.9997,10.7274],[-61.9252,10.7138],[-61.8611,10.7486],[-61.9023,10.6651],[-62.035,10.6315],[-62.2498,10.6351],[-62.3229,10.5383],[-62.7695,10.5638],[-62.8429,10.5265],[-62.8384,10.4701],[-62.8221,10.4199],[-62.7307,10.384],[-62.7128,10.3295],[-62.6859,10.3266],[-62.663,10.1977],[-62.6252,10.1426],[-62.6169,10.2314],[-62.5055,10.1841],[-62.4156,9.9674],[-62.4326,9.9487],[-62.4356,9.9374],[-62.3663,9.8827],[-62.3424,9.8079],[-62.3211,9.8102],[-62.3006,9.9355],[-62.1967,10.0208],[-62.0406,9.9667],[-61.8322,9.799],[-61.7933,9.8311],[-61.662,9.7936],[-61.5975,9.7899],[-61.5838,9.8069],[-61.5922,9.8249],[-61.6386,9.8593],[-61.617,9.8661],[-61.6716,9.8973],[-61.6444,9.8971],[-61.4346,9.7659],[-61.4182,9.726],[-61.3312,9.6316],[-61.2444,9.5905],[-61.2262,9.5919],[-61.2135,9.5802],[-61.2028,9.5798],[-61.1984,9.5983],[-61.0078,9.5383],[-60.8758,9.4687],[-60.782,9.3336],[-60.8108,9.2893],[-60.8198,9.3128],[-60.8448,9.2247],[-60.8152,9.2099],[-60.7693,9.2339],[-60.732,9.1849],[-60.7708,9.1809],[-60.7741,9.1143],[-60.8126,9.1117],[-60.8204,9.0719],[-60.7572,9.0571],[-60.8161,8.9979],[-60.8539,8.9029],[-60.826,8.8704],[-60.8105,8.8678],[-60.7333,8.8893],[-60.7859,8.8318],[-60.7773,8.824],[-60.7153,8.8589],[-60.661,8.7815],[-60.7121,8.701],[-60.6645,8.6795],[-60.6723,8.6444],[-60.7231,8.6386],[-60.7222,8.6081],[-60.6281,8.5492],[-60.4726,8.5224],[-60.4061,8.5734],[-60.4089,8.6255],[-60.22,8.6331],[-60.0109,8.5731],[-59.8124,8.2862]]]]},"properties":{"country":"VE"}},{"type":"Feature","geometry":{"type":"MultiPolygon","coordinates":[[[[-78.2303,26.9839],[-78.1728,27.0333],[-78.2188,26.9416],[-78.2303,26.9839]]],[[[-77.8909,26.674],[-77.9596,26.6545],[-77.9023,26.6831],[-77.8909,26.674]]],[[[-77.3307,26.757],[-77.3415,26.7986],[-77.3068,26.7491],[-77.3307,26.757]]],[[[-77.0876,26.6526],[-77.1712,26.7011],[-77.1581,26.7048],[-77.1517,26.692],[-77.0967,26.664],[-77.0876,26.6526]]],[[[-77.8794,26.6695],[-77.9009,26.6351],[-77.9201,26.6359],[-77.9295,26.6442],[-77.8794,26.6695]]],[[[-77.8656,26.5592],[-77.8965,26.6085],[-77.8473,26.6099],[-77.8829,26.5875],[-77.8656,26.5592]]],[[[-77.9406,26.6533],[-77.8869,26.6683],[-77.9337,26.6435],[-77.9698,26.6532],[-77.9406,26.6533]]],[[[-77.8008,25.3943],[-77.7576,25.4446],[-77.7597,25.4177],[-77.8008,25.3943]]],[[[-78.6275,26.7106],[-78.6212,26.7352],[-78.5929,26.7346],[-78.6025,26.7219],[-78.6275,26.7106]]],[[[-77.915,26.7645],[-77.9068,26.6858],[-77.9738,26.6516],[-78.3921,26.6039],[-78.5564,26.545],[-78.5669,26.5812],[-78.5911,26.5733],[-78.57,26.5861],[-78.6022,26.5734],[-78.6314,26.611],[-78.5547,26.7152],[-78.4962,26.733],[-78.5004,26.7215],[-78.4895,26.7097],[-78.3907,26.7115],[-78.3772,26.6865],[-78.3064,26.6656],[-78.2664,26.715],[-78.2109,26.6929],[-78.1393,26.7146],[-78.1177,26.6828],[-78.0862,26.7193],[-77.9665,26.7173],[-77.9261,26.7382],[-77.915,26.7645]]],[[[-77.8107,25.6926],[-77.8715,25.7493],[-77.8896,25.8166],[-77.8107,25.6926]]],[[[-78.2336,24.7427],[-78.2407,24.7303],[-78.2658,24.7649],[-78.2219,24.7443],[-78.2336,24.7427]]],[[[-78.2999,24.7244],[-78.3149,24.7072],[-78.3304,24.7203],[-78.3286,24.727],[-78.3165,24.726],[-78.3165,24.7383],[-78.2999,24.7244]]],[[[-78.3115,24.7609],[-78.2507,24.6849],[-78.2808,24.6472],[-78.2791,24.7184],[-78.3113,24.7346],[-78.3149,24.7622],[-78.3056,24.7749],[-78.3115,24.7609]]],[[[-77.8488,25.4055],[-77.888,25.4157],[-77.8661,25.4082],[-77.9103,25.4065],[-77.8939,25.4211],[-77.8507,25.4148],[-77.8255,25.4408],[-77.8488,25.4055]]],[[[-77.9096,24.7069],[-77.874,24.7101],[-77.838,24.7286],[-77.8685,24.6947],[-77.9096,24.7069]]],[[[-77.9702,24.9551],[-77.9624,24.9951],[-77.9332,24.9184],[-77.9545,24.959],[-77.9616,24.9503],[-77.9702,24.9551]]],[[[-78.1443,25.0145],[-78.1456,25.0065],[-78.1691,25.0044],[-78.1707,24.9841],[-78.1401,24.9912],[-78.1308,25.0255],[-78.1559,25.0641],[-78.1487,25.0444],[-78.1695,25.0247],[-78.1478,25.0266],[-78.1712,25.0229],[-78.1559,25.0426],[-78.2169,25.1455],[-78.2298,25.1892],[-78.2234,25.2014],[-78.2192,25.1715],[-78.1546,25.179],[-78.1155,25.1378],[-78.0524,25.1528],[-78.0627,25.1808],[-78.024,25.1793],[-77.99,25.1259],[-78.0128,25.085],[-77.958,25.0577],[-78.0055,24.9657],[-77.9629,24.9484],[-77.9853,24.9218],[-77.9529,24.9498],[-77.9546,24.923],[-77.904,24.832],[-77.7835,24.7265],[-77.8212,24.718],[-77.8217,24.7013],[-77.8364,24.7033],[-77.8237,24.7461],[-77.9698,24.6903],[-77.9241,24.6857],[-77.9466,24.6516],[-77.9144,24.6461],[-77.8805,24.6876],[-77.8681,24.6876],[-77.9177,24.6403],[-77.7832,24.7257],[-77.7479,24.6779],[-77.7581,24.5925],[-77.716,24.4886],[-77.7814,24.4807],[-77.8127,24.4659],[-77.7198,24.478],[-77.8722,24.4123],[-77.8879,24.446],[-77.9437,24.4642],[-77.9283,24.4809],[-77.8822,24.4795],[-77.8573,24.4954],[-77.8583,24.543],[-77.862,24.5329],[-77.8654,24.5454],[-77.8718,24.543],[-77.8797,24.531],[-77.8842,24.5308],[-77.8899,24.4993],[-77.9321,24.5223],[-77.9424,24.5208],[-77.918,24.5115],[-77.9454,24.4898],[-77.9319,24.4783],[-77.9803,24.4468],[-77.959,24.4244],[-77.9225,24.4507],[-77.8893,24.4321],[-77.9072,24.4078],[-77.8953,24.3903],[-77.8647,24.3901],[-77.9321,24.378],[-77.9055,24.3574],[-77.9563,24.3312],[-77.9316,24.3302],[-77.8968,24.3568],[-77.9206,24.3296],[-77.9526,24.321],[-77.9758,24.3494],[-78.0401,24.3034],[-78.0387,24.2689],[-78.1021,24.3601],[-78.0738,24.3775],[-78.1075,24.3635],[-78.0961,24.3977],[-78.1272,24.3703],[-78.1802,24.4079],[-78.1224,24.4824],[-78.1209,24.5306],[-78.2087,24.4345],[-78.38,24.5301],[-78.3941,24.599],[-78.3976,24.5485],[-78.462,24.6009],[-78.3888,24.6473],[-78.3957,24.6228],[-78.3504,24.6206],[-78.381,24.5916],[-78.3688,24.5808],[-78.3249,24.6248],[-78.3392,24.561],[-78.2931,24.6049],[-78.2914,24.6167],[-78.2928,24.6322],[-78.2965,24.6351],[-78.2936,24.6476],[-78.2984,24.6472],[-78.2916,24.6525],[-78.2914,24.6777],[-78.2873,24.5935],[-78.2594,24.6072],[-78.273,24.6403],[-78.2338,24.6337],[-78.219,24.7049],[-78.2919,24.7528],[-78.224,24.7217],[-78.2131,24.7424],[-78.2626,24.7698],[-78.249,24.7757],[-78.2612,24.8019],[-78.2698,24.8013],[-78.2758,24.7862],[-78.2923,24.7917],[-78.2739,24.771],[-78.2937,24.7909],[-78.1883,24.8978],[-78.1975,24.9447],[-78.1639,25.02],[-78.1471,25.0203],[-78.1415,25.0262],[-78.1443,25.0145]]],[[[-78.9915,26.7042],[-78.7949,26.5475],[-78.7725,26.5497],[-78.7443,26.5333],[-78.744,26.5616],[-78.6272,26.6005],[-78.6263,26.5954],[-78.6239,26.5915],[-78.6038,26.5726],[-78.573,26.5717],[-78.5693,26.5447],[-78.5594,26.5488],[-78.5564,26.5407],[-78.6099,26.5337],[-78.6904,26.4905],[-78.7646,26.506],[-78.75,26.5339],[-78.7775,26.5194],[-78.8535,26.5682],[-78.9915,26.7042]]],[[[-78.3918,24.6847],[-78.3723,24.7106],[-78.3478,24.6612],[-78.3918,24.6847]]],[[[-78.4588,24.635],[-78.4789,24.6614],[-78.4292,24.6702],[-78.4283,24.6481],[-78.4588,24.635]]],[[[-79.3048,25.6905],[-79.2883,25.7158],[-79.2448,25.6951],[-79.3048,25.6905]]],[[[-77.9329,24.2424],[-77.9812,24.2433],[-77.9175,24.2592],[-77.9329,24.2424]]],[[[-78.0224,24.2335],[-77.9846,24.209],[-77.9476,24.239],[-77.9364,24.2138],[-77.986,24.199],[-78.033,24.2311],[-78.0475,24.2552],[-77.9564,24.2811],[-78.0224,24.2335]]],[[[-77.8425,24.0598],[-77.8433,24.0469],[-77.8642,24.0372],[-77.8245,24.0318],[-77.831,24.0285],[-77.8405,24.0191],[-77.841,24.0163],[-77.8641,24.0323],[-77.865,24.0408],[-77.8526,24.0567],[-77.9305,24.0869],[-77.8425,24.0598]]],[[[-77.2572,26.4855],[-77.2933,26.4911],[-77.2588,26.5097],[-77.2572,26.4855]]],[[[-77.2337,26.462],[-77.2698,26.4484],[-77.2845,26.4695],[-77.2337,26.462]]],[[[-77.5342,26.3028],[-77.5665,26.2555],[-77.5819,26.3284],[-77.5342,26.3028]]],[[[-76.1646,24.9294],[-76.1384,24.8422],[-76.1947,24.7464],[-76.1456,24.6145],[-76.222,24.731],[-76.223,24.7151],[-76.2683,24.7713],[-76.3276,24.784],[-76.3462,24.83],[-76.2534,24.7831],[-76.2055,24.7938],[-76.2071,24.8247],[-76.1875,24.8013],[-76.1767,24.8022],[-76.1648,24.8837],[-76.1919,24.8862],[-76.1907,24.8466],[-76.2155,24.8872],[-76.1992,24.9594],[-76.1436,25.0125],[-76.1519,25.1246],[-76.3165,25.2501],[-76.3598,25.3217],[-76.5051,25.3513],[-76.6081,25.4399],[-76.7135,25.4463],[-76.7928,25.4037],[-76.7602,25.445],[-76.7273,25.5229],[-76.7385,25.5577],[-76.6655,25.5501],[-76.7116,25.5408],[-76.7133,25.4954],[-76.6821,25.4826],[-76.6766,25.5154],[-76.6442,25.4599],[-76.6263,25.4748],[-76.4427,25.3426],[-76.3678,25.3491],[-76.2597,25.2211],[-76.1381,25.1556],[-76.1141,25.128],[-76.1333,25.1126],[-76.1198,25.0724],[-76.1298,25.0537],[-76.1231,25.0337],[-76.1646,24.9294]]],[[[-75.6565,24.6076],[-75.761,24.6791],[-75.6891,24.6917],[-75.6252,24.6383],[-75.6198,24.5768],[-75.5264,24.4317],[-75.3825,24.3022],[-75.2937,24.1369],[-75.4146,24.1536],[-75.4633,24.1138],[-75.4978,24.1227],[-75.5167,24.1442],[-75.4731,24.1792],[-75.532,24.1492],[-75.451,24.1933],[-75.4055,24.2009],[-75.3905,24.2175],[-75.3908,24.2478],[-75.472,24.315],[-75.5926,24.5211],[-75.6488,24.5291],[-75.5985,24.5276],[-75.6379,24.5375],[-75.636,24.5524],[-75.6488,24.596],[-75.6452,24.5929],[-75.6565,24.6076]]],[[[-74.4284,24.0649],[-74.4864,23.9494],[-74.5692,23.9427],[-74.507,24.1202],[-74.4571,24.1276],[-74.4284,24.0649]]],[[[-74.9506,23.6699],[-74.84,23.7124],[-74.7953,23.7047],[-74.7989,23.6505],[-74.8327,23.6351],[-74.9506,23.6699]]],[[[-75.1215,23.8559],[-75.0942,23.8396],[-75.1123,23.8071],[-75.1297,23.8335],[-75.1215,23.8559]]],[[[-77.0625,26.2862],[-77.0179,26.3037],[-77.0863,26.3004],[-77.1782,26.2051],[-77.1809,25.8564],[-77.2147,25.845],[-77.2831,25.9216],[-77.2873,25.9873],[-77.4058,26.0053],[-77.1905,26.1476],[-77.1974,26.1711],[-77.2359,26.1589],[-77.2163,26.1808],[-77.2362,26.2218],[-77.195,26.2632],[-77.2268,26.3085],[-77.2082,26.315],[-77.2118,26.3484],[-77.2068,26.3456],[-77.1955,26.3437],[-77.1645,26.3472],[-77.1547,26.355],[-77.2146,26.3646],[-77.2103,26.395],[-77.2373,26.4081],[-77.1715,26.425],[-77.2238,26.4398],[-77.1777,26.4815],[-77.1786,26.5039],[-77.2112,26.5176],[-77.1913,26.5313],[-77.21,26.5292],[-77.1967,26.5385],[-77.1638,26.5339],[-77.1808,26.5062],[-77.1595,26.494],[-77.1385,26.511],[-77.1354,26.495],[-77.1301,26.5491],[-77.1785,26.5621],[-77.1697,26.5821],[-77.2401,26.5941],[-77.2677,26.5715],[-77.304,26.584],[-77.2952,26.6241],[-77.3014,26.5965],[-77.3432,26.6098],[-77.3135,26.6647],[-77.3363,26.7029],[-77.342,26.6742],[-77.3586,26.7094],[-77.4234,26.6885],[-77.4757,26.8266],[-77.548,26.8935],[-77.583,26.8871],[-77.5769,26.8995],[-77.5871,26.9216],[-77.5328,26.8931],[-77.2981,26.6864],[-77.2644,26.6819],[-77.2944,26.66],[-77.3073,26.6942],[-77.3159,26.6917],[-77.3179,26.6852],[-77.2983,26.6473],[-77.2649,26.6189],[-77.1705,26.6043],[-77.0691,26.5419],[-77.0216,26.5561],[-77.046,26.5479],[-77.0531,26.5376],[-77.0633,26.445],[-77.0411,26.3881],[-77.0003,26.3814],[-77.0029,26.3555],[-77.0268,26.3641],[-77.0398,26.343],[-77.0169,26.3161],[-76.9931,26.3319],[-77.0111,26.2903],[-77.0521,26.2669],[-77.0625,26.2862]]],[[[-77.8275,26.9149],[-77.5892,26.8839],[-77.5774,26.8739],[-77.5373,26.8769],[-77.6226,26.8612],[-77.8275,26.9149]]],[[[-77.3811,25.0785],[-77.2554,25.0393],[-77.3974,24.9775],[-77.3958,24.9987],[-77.4469,24.9783],[-77.5543,25.0128],[-77.4959,25.0629],[-77.3811,25.0785]]],[[[-77.5284,23.9902],[-77.5215,23.9471],[-77.5289,23.9395],[-77.5255,23.9295],[-77.5799,23.9278],[-77.5284,23.9902]]],[[[-77.7761,24.3583],[-77.7191,24.3744],[-77.7898,24.375],[-77.7129,24.425],[-77.6831,24.3382],[-77.7761,24.3583]]],[[[-77.8392,24.3288],[-77.8871,24.3393],[-77.8266,24.3545],[-77.8392,24.3288]]],[[[-77.9223,24.2059],[-77.9659,24.1531],[-77.8918,24.199],[-77.8725,24.2547],[-77.921,24.2224],[-77.8825,24.2704],[-77.803,24.2557],[-77.8686,24.2439],[-77.8715,24.2189],[-77.8447,24.2238],[-77.8596,24.1817],[-77.9627,24.1457],[-77.9943,24.1754],[-77.9223,24.2059]]],[[[-77.7978,24.2869],[-77.7465,24.298],[-77.7961,24.2677],[-77.7978,24.2869]]],[[[-77.831,24.1624],[-77.7823,24.218],[-77.7666,24.2667],[-77.6776,24.3009],[-77.6219,24.2365],[-77.7633,24.1574],[-77.7208,24.16],[-77.7522,24.1356],[-77.8442,24.1566],[-77.8468,24.1929],[-77.8161,24.2228],[-77.831,24.1624]]],[[[-77.8357,24.1188],[-77.7942,24.1442],[-77.7482,24.1176],[-77.6957,24.1182],[-77.7169,24.0443],[-77.7937,24.0712],[-77.7946,24.0483],[-77.8035,24.07],[-77.7792,24.0879],[-77.803,24.0748],[-77.7911,24.0934],[-77.8659,24.1319],[-77.8526,24.1612],[-77.8357,24.1188]]],[[[-77.6933,24.0337],[-77.5993,24.2116],[-77.5245,23.9955],[-77.62,24.0006],[-77.5706,23.9815],[-77.7135,23.9337],[-77.6566,23.9273],[-77.6296,23.9486],[-77.5778,23.9515],[-77.6119,23.9355],[-77.6022,23.8945],[-77.691,23.8429],[-77.6815,23.8604],[-77.7365,23.8539],[-77.7635,23.8819],[-77.7999,23.884],[-77.7617,23.9063],[-77.7675,23.9388],[-77.8029,23.9282],[-77.7831,23.9592],[-77.8009,23.9358],[-77.8232,23.9417],[-77.8001,23.9443],[-77.7589,24.0305],[-77.6933,24.0337]]],[[[-77.6661,23.8324],[-77.5276,23.9255],[-77.5242,23.9315],[-77.5278,23.9397],[-77.5216,23.9463],[-77.522,23.8251],[-77.5417,23.8535],[-77.5407,23.8347],[-77.5787,23.8447],[-77.6452,23.802],[-77.6934,23.8369],[-77.6597,23.8537],[-77.6661,23.8324]]],[[[-77.7757,23.8592],[-77.7962,23.8716],[-77.7302,23.8519],[-77.6947,23.855],[-77.7778,23.8392],[-77.7757,23.8592]]],[[[-77.6213,23.7317],[-77.6203,23.7537],[-77.664,23.7763],[-77.6291,23.7697],[-77.6243,23.757],[-77.6194,23.7535],[-77.6157,23.7432],[-77.5942,23.7488],[-77.5994,23.7433],[-77.5797,23.7336],[-77.6213,23.7317]]],[[[-77.7128,23.7554],[-77.7388,23.7767],[-77.701,23.7563],[-77.6586,23.7659],[-77.6633,23.7472],[-77.6296,23.7287],[-77.645,23.7345],[-77.6421,23.7236],[-77.6542,23.7195],[-77.6528,23.707],[-77.7074,23.7484],[-77.7738,23.7466],[-77.7128,23.7554]]],[[[-76.1188,23.7754],[-76.1014,23.7803],[-76.0704,23.7505],[-76.1188,23.7754]]],[[[-76.0736,23.7218],[-76.0362,23.6965],[-76.0382,23.679],[-76.0671,23.6733],[-76.0736,23.7218]]],[[[-75.9825,23.6274],[-76.033,23.6602],[-76.0001,23.6923],[-75.7459,23.471],[-75.7033,23.468],[-75.6877,23.4502],[-75.6595,23.4501],[-75.6794,23.4389],[-75.7949,23.4637],[-75.8049,23.4871],[-75.7838,23.4789],[-75.8003,23.5144],[-75.8566,23.5355],[-75.8455,23.5151],[-75.859,23.5341],[-75.8602,23.5446],[-75.8443,23.5355],[-75.864,23.5515],[-76.0336,23.6],[-75.9825,23.6274]]],[[[-77.702,23.8186],[-77.6532,23.7933],[-77.6919,23.7914],[-77.7049,23.7683],[-77.7191,23.7967],[-77.7642,23.8046],[-77.702,23.8186]]],[[[-77.5844,23.7811],[-77.5489,23.783],[-77.5945,23.8067],[-77.5768,23.7987],[-77.5679,23.8038],[-77.567,23.8159],[-77.5581,23.8011],[-77.5298,23.793],[-77.5466,23.7541],[-77.5676,23.7711],[-77.5376,23.778],[-77.5844,23.7811]]],[[[-77.5471,23.7545],[-77.5584,23.7329],[-77.5792,23.7188],[-77.5725,23.7321],[-77.5812,23.7397],[-77.5471,23.7545]]],[[[-76.8549,25.3104],[-76.7927,25.4026],[-76.7983,25.3693],[-76.8549,25.3104]]],[[[-77.2385,25.0876],[-77.2034,25.0868],[-77.1461,25.1099],[-77.0885,25.1256],[-77.2385,25.0876]]],[[[-75.6127,23.4145],[-75.6536,23.4643],[-75.5368,23.421],[-75.5175,23.4021],[-75.6127,23.4145]]],[[[-75.2291,23.1742],[-75.0447,23.0823],[-75.1448,23.1976],[-75.1026,23.2767],[-75.1338,23.3634],[-75.1613,23.3548],[-75.1413,23.3769],[-75.2096,23.4052],[-75.2777,23.5868],[-75.3207,23.5669],[-75.3034,23.6382],[-75.3366,23.6238],[-75.3023,23.6536],[-75.3176,23.6422],[-75.3214,23.6602],[-75.344,23.6596],[-75.3305,23.6853],[-75.2775,23.6356],[-75.2083,23.5346],[-75.19,23.4558],[-75.0994,23.3255],[-75.0629,23.1445],[-75.0207,23.1081],[-74.9381,23.0853],[-74.9321,23.0914],[-74.8567,23.0048],[-74.8376,22.8613],[-74.8618,22.8523],[-74.9595,23.0544],[-75.1067,23.0973],[-75.2291,23.1742]]],[[[-73.7331,23.0686],[-73.8225,23.0927],[-73.6638,23.0875],[-73.7331,23.0686]]],[[[-74.2395,22.702],[-74.2874,22.6871],[-74.2863,22.7362],[-74.3487,22.8323],[-74.2298,22.8061],[-74.1405,22.7279],[-74.0038,22.7189],[-74.0982,22.6599],[-74.1064,22.691],[-74.1672,22.6638],[-74.2395,22.702]]],[[[-73.8586,22.7376],[-73.8775,22.6972],[-73.8911,22.665],[-73.9012,22.6973],[-73.8586,22.7376]]],[[[-74.3245,22.595],[-74.3801,22.5423],[-74.282,22.6651],[-74.3245,22.595]]],[[[-73.4699,22.5889],[-73.5244,22.6075],[-73.5617,22.6103],[-73.5065,22.6124],[-73.4699,22.5889]]],[[[-74.2928,22.1649],[-74.2893,22.2173],[-74.2519,22.2327],[-74.2074,22.223],[-74.1821,22.3112],[-74.0891,22.3435],[-74.09,22.3926],[-74.0092,22.4054],[-74.004,22.4494],[-73.9132,22.4689],[-73.8773,22.5104],[-73.9138,22.5924],[-73.9846,22.5826],[-74.0455,22.624],[-73.9967,22.6551],[-74.0283,22.6879],[-73.9768,22.6668],[-73.9677,22.6958],[-73.9828,22.6821],[-74.0019,22.6912],[-73.9655,22.702],[-73.9418,22.698],[-73.958,22.726],[-73.9282,22.7057],[-73.892,22.7215],[-73.9127,22.6941],[-73.9022,22.6892],[-73.9128,22.6829],[-73.9112,22.6707],[-73.899,22.6531],[-73.8758,22.6553],[-73.8711,22.6647],[-73.8383,22.5349],[-73.9979,22.3293],[-74.1331,22.292],[-74.1851,22.2187],[-74.2928,22.1649]]],[[[-73.1304,22.4569],[-72.7281,22.3356],[-72.7806,22.2828],[-72.893,22.3632],[-73.0001,22.3713],[-73.0594,22.3321],[-73.1711,22.3636],[-73.1304,22.4569]]],[[[-75.7526,22.2051],[-75.7273,22.197],[-75.7422,22.2311],[-75.7108,22.1745],[-75.7318,22.1674],[-75.7438,22.185],[-75.7423,22.1938],[-75.7526,22.2051]]],[[[-72.9134,21.507],[-73.0534,21.4246],[-73.0761,21.5074],[-72.9969,21.5597],[-72.9134,21.507]]],[[[-73.5974,21.1095],[-73.518,21.1863],[-73.4294,21.1926],[-73.3907,21.2368],[-73.311,21.1451],[-73.1682,21.1648],[-73.0659,21.3219],[-73.0102,21.3331],[-73.0207,21.1919],[-73.1625,20.9648],[-73.3174,20.9462],[-73.3019,20.9744],[-73.4989,20.9227],[-73.6015,20.9478],[-73.6468,20.9129],[-73.6995,21.0247],[-73.646,21.0508],[-73.6675,21.1127],[-73.5974,21.1095]]]]},"properties":{"country":"BS"}},{"type":"Feature","geometry":{"type":"MultiPolygon","coordinates":[[[[-81.3883,13.3205],[-81.385,13.3703],[-81.3545,13.3775],[-81.3593,13.3343],[-81.3883,13.3205]]],[[[-81.7302,12.4803],[-81.7039,12.5949],[-81.6873,12.5814],[-81.7302,12.4803]]],[[[-75.5374,10.3569],[-75.5488,10.3362],[-75.5908,10.3222],[-75.5754,10.3815],[-75.5374,10.3569]]],[[[-76.9513,8.1904],[-76.9436,8.2107],[-76.9256,8.2013],[-76.9414,8.1798],[-76.9513,8.1904]]],[[[-77.1524,3.8004],[-77.1684,3.7638],[-77.1785,3.8124],[-77.1524,3.8004]]],[[[-78.1662,3.0035],[-78.1746,2.9591],[-78.2041,2.9333],[-78.1887,2.9852],[-78.1662,3.0035]]],[[[-78.661,1.3197],[-78.8148,1.4332],[-78.8026,1.4817],[-78.8722,1.5041],[-78.87,1.5552],[-78.9194,1.5536],[-79.0106,1.6466],[-78.8661,1.8015],[-78.806,1.8299],[-78.8424,1.8112],[-78.7229,1.8245],[-78.764,1.8118],[-78.7242,1.7428],[-78.7168,1.7938],[-78.6999,1.7707],[-78.6022,1.7935],[-78.569,1.7476],[-78.5539,1.7576],[-78.5507,1.8974],[-78.5972,1.8944],[-78.6058,1.9965],[-78.6346,2.0093],[-78.6705,1.9732],[-78.6892,2.1115],[-78.6588,2.0934],[-78.6694,2.1236],[-78.7024,2.1158],[-78.7115,2.1693],[-78.5508,2.4897],[-78.4965,2.4998],[-78.4495,2.5943],[-78.335,2.6558],[-78.1472,2.683],[-78.0743,2.6157],[-77.9773,2.6613],[-77.9392,2.6306],[-77.8723,2.6979],[-77.7938,2.6859],[-77.7931,2.7572],[-77.7272,2.7806],[-77.7636,2.7984],[-77.7066,2.8642],[-77.6672,2.8543],[-77.6996,2.8972],[-77.654,2.9416],[-77.6615,2.9784],[-77.7014,2.9743],[-77.5701,3.1485],[-77.5481,3.2352],[-77.4978,3.3151],[-77.4139,3.3573],[-77.3015,3.5678],[-77.2003,3.6027],[-77.1906,3.6538],[-77.1641,3.6506],[-77.1948,3.7507],[-77.1364,3.7501],[-77.1267,3.7786],[-77.1476,3.8092],[-77.1085,3.8156],[-77.1066,3.8486],[-77.0609,3.86],[-77.0515,3.8812],[-77.0623,3.8942],[-77.0274,3.9071],[-77.1076,3.909],[-77.1811,3.8314],[-77.2817,3.8401],[-77.3046,3.8742],[-77.2744,3.8968],[-77.3208,3.9026],[-77.3178,3.9502],[-77.2729,3.987],[-77.2659,3.9522],[-77.2339,3.9687],[-77.2496,3.988],[-77.1946,4.0595],[-77.2286,4.0589],[-77.2267,4.0733],[-77.2307,4.0794],[-77.2267,4.083],[-77.2308,4.089],[-77.2608,4.0948],[-77.3622,3.9286],[-77.3855,3.9839],[-77.4366,4.0091],[-77.432,4.0745],[-77.454,4.0634],[-77.4749,4.0854],[-77.4888,4.096],[-77.5096,4.1025],[-77.5232,4.1284],[-77.5251,4.2557],[-77.4994,4.2942],[-77.4926,4.254],[-77.4127,4.2924],[-77.4392,4.3109],[-77.3467,4.4217],[-77.321,4.6743],[-77.3038,4.659],[-77.325,4.7453],[-77.2857,4.7408],[-77.3117,4.7793],[-77.3558,4.7778],[-77.3252,4.8055],[-77.3498,4.8062],[-77.3645,5.1041],[-77.3958,5.1715],[-77.3952,5.2977],[-77.3715,5.272],[-77.3587,5.3293],[-77.4049,5.3237],[-77.3744,5.3488],[-77.3865,5.3697],[-77.4011,5.3478],[-77.4141,5.4038],[-77.3808,5.3862],[-77.3795,5.4219],[-77.4541,5.4886],[-77.5396,5.4808],[-77.4887,5.608],[-77.3406,5.616],[-77.2568,5.7407],[-77.348,6.0386],[-77.3632,6.0596],[-77.3513,5.996],[-77.4828,6.1923],[-77.473,6.2965],[-77.3956,6.2351],[-77.3699,6.355],[-77.4121,6.3839],[-77.3574,6.393],[-77.3758,6.4249],[-77.3259,6.5518],[-77.4005,6.6207],[-77.4055,6.6867],[-77.4707,6.7043],[-77.5265,6.648],[-77.5872,6.8179],[-77.667,6.8758],[-77.7029,6.8427],[-77.6982,6.9395],[-77.6629,6.9526],[-77.6589,6.9948],[-77.8932,7.2226],[-77.8179,7.4581],[-77.7434,7.4657],[-77.7015,7.5069],[-77.7486,7.6135],[-77.7286,7.6955],[-77.6463,7.6522],[-77.6089,7.5452],[-77.5649,7.5078],[-77.5253,7.5717],[-77.4912,7.5671],[-77.4657,7.6627],[-77.4404,7.6584],[-77.3912,7.7599],[-77.3394,7.766],[-77.3686,7.8283],[-77.3248,7.8958],[-77.1586,7.9323],[-77.1821,7.9552],[-77.1623,7.9695],[-77.2338,8.0249],[-77.2181,8.0877],[-77.2611,8.211],[-77.3502,8.2978],[-77.3589,8.4021],[-77.412,8.475],[-77.4477,8.4722],[-77.4392,8.5589],[-77.3904,8.5848],[-77.4087,8.6453],[-77.3718,8.6364],[-77.3713,8.6771],[-77.358,8.6752],[-77.2741,8.5041],[-77.1307,8.4125],[-77.0368,8.2524],[-76.9635,8.255],[-76.9505,8.2529],[-76.9421,8.2495],[-76.9708,8.2313],[-76.9574,8.1846],[-76.9592,8.1913],[-76.9412,8.1779],[-76.9098,8.1777],[-76.9504,8.1451],[-76.9315,8.0908],[-76.8911,8.1315],[-76.8121,8.1365],[-76.8575,8.1126],[-76.8339,8.0806],[-76.8735,8.0671],[-76.8308,8.0505],[-76.8368,8.0426],[-76.8526,8.0569],[-76.8755,8.0516],[-76.8318,8.0194],[-76.8921,8.0458],[-76.9262,8.0243],[-76.9229,7.9182],[-76.7573,7.9143],[-76.7262,7.9821],[-76.7524,8.0265],[-76.7149,8.0607],[-76.7288,8.0914],[-76.7431,8.063],[-76.7604,8.118],[-76.7394,8.1671],[-76.7744,8.2657],[-76.7596,8.3987],[-76.8211,8.4927],[-76.9381,8.5546],[-76.8861,8.6229],[-76.6494,8.6721],[-76.6315,8.7316],[-76.5255,8.7729],[-76.4165,8.8881],[-76.3321,8.9242],[-76.1874,9.1185],[-76.1706,9.2298],[-76.1063,9.2677],[-76.0852,9.335],[-75.9702,9.3831],[-75.9524,9.4417],[-75.7952,9.4298],[-75.8248,9.3934],[-75.6334,9.4306],[-75.579,9.5436],[-75.5767,9.631],[-75.6126,9.6946],[-75.7038,9.6994],[-75.6233,9.8058],[-75.5763,9.9683],[-75.5811,10.1227],[-75.5317,10.1637],[-75.5541,10.1782],[-75.5209,10.1736],[-75.5242,10.221],[-75.5509,10.2147],[-75.5225,10.2368],[-75.5433,10.2441],[-75.6383,10.1771],[-75.6372,10.1886],[-75.6689,10.138],[-75.7046,10.1414],[-75.6542,10.1638],[-75.6045,10.2389],[-75.5864,10.2256],[-75.5883,10.2358],[-75.6222,10.2514],[-75.5842,10.2619],[-75.5867,10.298],[-75.5652,10.2611],[-75.5316,10.3102],[-75.5032,10.3013],[-75.5064,10.3842],[-75.549,10.4223],[-75.5449,10.3903],[-75.5664,10.3966],[-75.554,10.4255],[-75.4919,10.4872],[-75.5138,10.5699],[-75.4619,10.5909],[-75.3943,10.6826],[-75.2752,10.7145],[-75.2613,10.801],[-75.0524,10.8947],[-75.0253,10.9672],[-74.9622,10.9865],[-74.9213,11.0455],[-74.8503,11.0553],[-74.8548,11.1066],[-74.5443,10.9934],[-74.304,10.9851],[-74.2176,11.0656],[-74.2416,11.2211],[-74.1914,11.2644],[-74.1943,11.3037],[-74.1501,11.2972],[-74.145,11.3368],[-74.1057,11.3186],[-74.1071,11.3478],[-74.0834,11.3155],[-74.0653,11.3455],[-73.9793,11.3402],[-73.7875,11.2564],[-73.2763,11.286],[-72.7697,11.6784],[-72.4125,11.7927],[-72.2428,11.8945],[-72.1388,12.1034],[-72.1485,12.1997],[-72.1789,12.2167],[-71.9612,12.2577],[-72.0008,12.1865],[-71.9851,12.149],[-71.9295,12.1507],[-71.9247,12.1839],[-71.8604,12.2109],[-71.8935,12.2767],[-71.9558,12.2727],[-71.8226,12.3722],[-71.8172,12.3086],[-71.7567,12.3324],[-71.737,12.3663],[-71.762,12.3809],[-71.7218,12.4125],[-71.7235,12.3759],[-71.692,12.3649],[-71.6958,12.3923],[-71.6291,12.4141],[-71.6765,12.4046],[-71.6765,12.4084],[-71.6593,12.4156],[-71.6468,12.427],[-71.666,12.4364],[-71.6992,12.417],[-71.6845,12.4449],[-71.7363,12.4136],[-71.6685,12.4585],[-71.5258,12.4375],[-71.2673,12.333],[-71.117,12.0905],[-71.1362,12.0025],[-71.2827,11.906],[-71.292,11.9083],[-71.2888,11.9111],[-71.2904,11.9162],[-71.3118,11.9286],[-71.327,11.9211],[-71.2899,11.9133],[-71.3784,11.8121],[-71.9714,11.6463],[-72.2494,11.1402],[-72.4489,11.1249],[-72.4983,11.0851],[-72.4819,11.0585],[-72.5634,10.9279],[-72.6491,10.8794],[-72.7351,10.6515],[-72.8933,10.4467],[-72.9116,10.1127],[-72.999,9.9239],[-72.9928,9.875],[-72.9454,9.8376],[-73.0548,9.6783],[-73.0852,9.5563],[-73.1367,9.5505],[-73.2033,9.4693],[-73.1893,9.4455],[-73.353,9.2175],[-73.349,9.1773],[-73.1774,9.1768],[-73.0106,9.2913],[-72.9559,9.1812],[-72.9869,9.1424],[-72.9477,9.0917],[-72.8219,9.1405],[-72.7664,9.1056],[-72.6551,8.6147],[-72.3918,8.3576],[-72.3937,8.2522],[-72.3538,8.1657],[-72.3736,8.1055],[-72.3488,8.0042],[-72.4163,8.0337],[-72.4188,7.9956],[-72.4878,7.9391],[-72.4447,7.8564],[-72.4738,7.7547],[-72.4524,7.5602],[-72.4758,7.488],[-72.4177,7.3917],[-72.1949,7.385],[-72.1537,7.3278],[-72.1743,7.2575],[-72.05,7.0397],[-71.8794,7.019],[-71.7537,7.0678],[-71.7054,7.0335],[-71.6279,7.0555],[-71.5856,7.014],[-71.1308,7.033],[-71.1112,6.9902],[-71.0224,6.974],[-70.9186,7.0528],[-70.6832,7.1042],[-70.6416,7.0688],[-70.5555,7.0795],[-70.5023,7.0056],[-70.4303,7.0074],[-70.3228,6.935],[-70.1174,6.98],[-69.4367,6.1057],[-69.3498,6.1477],[-69.3071,6.089],[-69.2402,6.0801],[-69.179,6.1519],[-69.0469,6.2254],[-68.6716,6.1321],[-68.4711,6.1894],[-68.2784,6.1618],[-68.154,6.2344],[-68.0702,6.2345],[-68.0254,6.1945],[-67.8113,6.3288],[-67.5385,6.2598],[-67.4526,6.1901],[-67.4937,6.1249],[-67.4084,5.9943],[-67.5918,5.8276],[-67.6391,5.6546],[-67.5948,5.5429],[-67.6191,5.4752],[-67.863,5.2724],[-67.8233,5.2007],[-67.8539,5.1334],[-67.8068,5.0482],[-67.8388,4.9445],[-67.8233,4.7133],[-67.8569,4.5296],[-67.7704,4.42],[-67.7608,4.3551],[-67.8063,4.3248],[-67.7948,4.2265],[-67.7278,4.1119],[-67.6343,3.7861],[-67.5969,3.7522],[-67.501,3.7686],[-67.448,3.6786],[-67.4001,3.4785],[-67.3376,3.4499],[-67.3104,3.3765],[-67.3812,3.253],[-67.4404,3.253],[-67.8642,2.8676],[-67.8643,2.7894],[-67.8154,2.8323],[-67.7502,2.8383],[-67.6585,2.7975],[-67.6135,2.8117],[-67.563,2.7254],[-67.5615,2.6561],[-67.4862,2.6672],[-67.2961,2.4422],[-67.2144,2.3911],[-67.1845,2.3454],[-67.2217,2.2512],[-67.162,2.1334],[-67.1087,2.1202],[-67.1241,1.978],[-67.0659,1.9201],[-66.9196,1.5285],[-66.9131,1.4297],[-66.8512,1.3422],[-66.8817,1.2874],[-66.8559,1.2269],[-67.093,1.1708],[-67.1006,1.2597],[-67.1561,1.3172],[-67.0802,1.3814],[-67.1273,1.6399],[-67.1592,1.675],[-67.1538,1.8315],[-67.2283,1.8413],[-67.3308,1.9416],[-67.353,2.0053],[-67.3267,2.0639],[-67.3974,2.2297],[-67.4369,2.2213],[-67.4492,2.1696],[-67.4952,2.1631],[-67.5509,2.0477],[-67.732,2.0285],[-67.8139,1.9726],[-67.9016,1.8117],[-68.0904,1.8977],[-68.1442,1.9785],[-68.1803,1.9767],[-68.1958,2.0348],[-68.2855,1.8308],[-68.2269,1.8292],[-68.2395,1.7704],[-68.1921,1.7797],[-68.1933,1.7375],[-68.1633,1.7278],[-69.3929,1.7267],[-69.5346,1.7769],[-69.6549,1.7177],[-69.7212,1.7351],[-69.7826,1.6925],[-69.8429,1.715],[-69.8427,1.0727],[-69.7046,1.1184],[-69.7042,1.0757],[-69.6772,1.0699],[-69.6099,1.0983],[-69.5663,1.0714],[-69.4381,1.074],[-69.4227,1.0436],[-69.3764,1.0879],[-69.2449,1.0566],[-69.1979,0.9997],[-69.2178,0.9731],[-69.166,0.941],[-69.1903,0.9161],[-69.1358,0.872],[-69.1669,0.8429],[-69.1488,0.7675],[-69.19,0.7406],[-69.1156,0.6448],[-69.1943,0.6498],[-69.1997,0.6059],[-69.2948,0.6039],[-69.2891,0.65],[-69.3528,0.6142],[-69.48,0.7358],[-69.597,0.6544],[-69.6053,0.6133],[-69.6713,0.6677],[-69.8028,0.5724],[-69.9152,0.5901],[-69.9354,0.5529],[-69.978,0.5783],[-70.0051,0.5448],[-70.0471,0.5631],[-70.0432,-0.19],[-69.9205,-0.3257],[-69.8446,-0.3373],[-69.8282,-0.3757],[-69.6078,-0.5008],[-69.603,-0.5953],[-69.5618,-0.6369],[-69.6252,-0.7462],[-69.5258,-0.8679],[-69.528,-0.9251],[-69.4186,-0.9983],[-69.4449,-1.0241],[-69.3953,-1.1256],[-69.4306,-1.2276],[-69.3973,-1.3651],[-69.4566,-1.4912],[-69.9333,-4.2197],[-70.0684,-4.0817],[-70.1744,-4.0501],[-70.1767,-3.9513],[-70.2841,-3.824],[-70.3448,-3.8034],[-70.3965,-3.8516],[-70.5152,-3.8809],[-70.5778,-3.8167],[-70.6164,-3.8435],[-70.7133,-3.7963],[-70.0588,-2.7573],[-70.0845,-2.6504],[-70.1528,-2.7174],[-70.1648,-2.6417],[-70.217,-2.657],[-70.245,-2.5568],[-70.3591,-2.5636],[-70.3001,-2.5046],[-70.3601,-2.493],[-70.431,-2.529],[-70.4684,-2.4575],[-70.5104,-2.4773],[-70.5675,-2.4193],[-70.5856,-2.4296],[-70.5505,-2.4696],[-70.6184,-2.484],[-70.6436,-2.458],[-70.6283,-2.3983],[-70.6817,-2.4059],[-70.6655,-2.3565],[-70.8384,-2.2918],[-70.8778,-2.2227],[-70.9395,-2.2563],[-70.9963,-2.2111],[-70.9927,-2.3076],[-71.0353,-2.2762],[-71.1222,-2.2848],[-71.1272,-2.3388],[-71.1672,-2.3444],[-71.1761,-2.3822],[-71.2295,-2.348],[-71.2854,-2.3887],[-71.2764,-2.3525],[-71.2996,-2.3469],[-71.396,-2.4113],[-71.3991,-2.3554],[-71.4562,-2.2787],[-71.4982,-2.356],[-71.5179,-2.2529],[-71.6537,-2.2023],[-71.731,-2.2262],[-71.7401,-2.1464],[-71.7983,-2.2071],[-71.8335,-2.1949],[-71.8812,-2.312],[-71.927,-2.3149],[-71.9225,-2.3825],[-72.0531,-2.3406],[-72.1572,-2.4806],[-72.1859,-2.4344],[-72.2483,-2.4315],[-72.2587,-2.4603],[-72.3722,-2.4921],[-72.4075,-2.4155],[-72.4357,-2.442],[-72.5205,-2.4259],[-72.6313,-2.3594],[-72.68,-2.4521],[-72.7027,-2.3979],[-72.7511,-2.4288],[-72.7745,-2.3934],[-72.9341,-2.4572],[-72.972,-2.3473],[-73.0023,-2.3625],[-73.0399,-2.3278],[-73.0663,-2.3618],[-73.1254,-2.324],[-73.1679,-2.2355],[-73.175,-2.1895],[-73.1331,-2.1806],[-73.0703,-2.0879],[-73.1156,-2.0743],[-73.11,-1.8813],[-73.1562,-1.8582],[-73.147,-1.8059],[-73.1865,-1.808],[-73.2199,-1.7494],[-73.2316,-1.8011],[-73.2867,-1.78],[-73.3141,-1.8286],[-73.3802,-1.7808],[-73.4313,-1.7899],[-73.5357,-1.7062],[-73.4586,-1.5747],[-73.5004,-1.5616],[-73.4904,-1.4854],[-73.589,-1.4227],[-73.5524,-1.4045],[-73.5837,-1.3737],[-73.5714,-1.3208],[-73.6127,-1.3201],[-73.6198,-1.2653],[-73.732,-1.2512],[-73.744,-1.2012],[-73.7701,-1.2627],[-73.8625,-1.2301],[-73.9056,-1.1271],[-73.9671,-1.128],[-73.9629,-1.0846],[-74.0115,-1.0983],[-74.0246,-1.0058],[-74.0503,-1.0528],[-74.0873,-1.0541],[-74.2743,-0.9796],[-74.2751,-0.9103],[-74.3217,-0.8796],[-74.2706,-0.8792],[-74.2544,-0.821],[-74.2804,-0.8293],[-74.291,-0.7809],[-74.3176,-0.7961],[-74.3145,-0.7673],[-74.3751,-0.7349],[-74.3397,-0.685],[-74.3756,-0.655],[-74.3927,-0.5419],[-74.4239,-0.5459],[-74.4224,-0.4993],[-74.5351,-0.4591],[-74.5537,-0.4077],[-74.6127,-0.3813],[-74.6086,-0.3519],[-74.6547,-0.3749],[-74.6797,-0.3308],[-74.7275,-0.3433],[-74.7935,-0.1888],[-74.885,-0.2434],[-74.9727,-0.155],[-75.1621,-0.0447],[-75.2093,-0.0462],[-75.2734,-0.1251],[-75.4271,-0.087],[-75.5301,-0.0197],[-75.5744,-0.0269],[-75.6298,0.0476],[-75.8066,0.0508],[-75.8563,0.1348],[-75.9055,0.1395],[-75.9592,0.2383],[-76.0054,0.2479],[-75.9824,0.2563],[-76.0037,0.2965],[-76.0679,0.336],[-76.1134,0.3159],[-76.1306,0.3693],[-76.2264,0.3768],[-76.2783,0.4371],[-76.3142,0.4339],[-76.344,0.3812],[-76.412,0.3802],[-76.4127,0.2407],[-76.5328,0.2587],[-76.5863,0.2187],[-76.6256,0.2619],[-76.7329,0.2886],[-76.7561,0.2482],[-76.7975,0.2644],[-76.8456,0.239],[-77.0067,0.2943],[-77.0761,0.2843],[-77.1126,0.3713],[-77.165,0.3887],[-77.229,0.3609],[-77.3717,0.401],[-77.5276,0.4001],[-77.4804,0.6562],[-77.5619,0.6501],[-77.666,0.7051],[-77.6979,0.7416],[-77.6648,0.8178],[-77.7138,0.8509],[-77.8427,0.8022],[-77.9362,0.8164],[-78.1122,0.9323],[-78.1853,0.9378],[-78.2062,1.002],[-78.2818,1.056],[-78.2508,1.0993],[-78.3111,1.1912],[-78.4294,1.1396],[-78.432,1.1894],[-78.5163,1.1875],[-78.5448,1.2445],[-78.6172,1.2472],[-78.661,1.3197]]]]},"properties":{"country":"CO"}},{"type":"Feature","geometry":{"type":"MultiPolygon","coordinates":[[[[-82.2409,9.3353],[-82.3291,9.4053],[-82.3244,9.428],[-82.2599,9.4332],[-82.2409,9.3353]]],[[[-82.1704,9.2986],[-82.2079,9.309],[-82.2197,9.3345],[-82.1854,9.3198],[-82.1704,9.2986]]],[[[-82.1455,9.3425],[-82.0811,9.2906],[-82.1475,9.248],[-82.1726,9.31],[-82.1506,9.3103],[-82.2147,9.3475],[-82.1455,9.3425]]],[[[-82.2599,9.2324],[-82.2549,9.2143],[-82.2956,9.2388],[-82.2916,9.2989],[-82.24,9.2543],[-82.2599,9.2324]]],[[[-82.1588,9.1915],[-82.1331,9.1999],[-82.1362,9.2352],[-82.1265,9.2266],[-82.1171,9.2314],[-82.1071,9.2221],[-82.1148,9.1891],[-82.0816,9.1752],[-82.0981,9.1298],[-82.1536,9.1481],[-82.1588,9.1915]]],[[[-78.7841,8.834],[-78.7849,8.8139],[-78.8076,8.7961],[-78.8176,8.8303],[-78.797,8.8318],[-78.7929,8.8371],[-78.7887,8.8387],[-78.7841,8.834]]],[[[-78.3544,8.4625],[-78.3471,8.5036],[-78.3205,8.4756],[-78.3544,8.4625]]],[[[-78.974,8.4895],[-78.9771,8.4454],[-79.0232,8.466],[-78.974,8.4895]]],[[[-78.2692,8.4621],[-78.2328,8.472],[-78.233,8.4368],[-78.2692,8.4621]]],[[[-78.8979,8.2232],[-78.9714,8.3055],[-78.9332,8.3273],[-78.9716,8.3689],[-78.975,8.4468],[-78.909,8.4703],[-78.896,8.4491],[-78.8896,8.4753],[-78.8583,8.4468],[-78.8677,8.4022],[-78.8367,8.4021],[-78.8632,8.3852],[-78.8511,8.3417],[-78.8311,8.3442],[-78.857,8.2958],[-78.9205,8.2988],[-78.8979,8.2232]]],[[[-79.121,8.4042],[-79.0901,8.4187],[-79.0859,8.3781],[-79.121,8.4042]]],[[[-79.1443,8.2394],[-79.104,8.3172],[-79.0661,8.2586],[-79.1017,8.2558],[-79.1114,8.2096],[-79.1443,8.2394]]],[[[-81.0963,7.5827],[-81.0386,7.5717],[-81.0832,7.529],[-81.1251,7.548],[-81.1861,7.4942],[-81.259,7.4879],[-81.0963,7.5827]]],[[[-82.3187,8.1359],[-82.3265,8.0933],[-82.3691,8.0929],[-82.3461,8.134],[-82.3187,8.1359]]],[[[-81.633,7.3952],[-81.5914,7.3266],[-81.7569,7.3503],[-81.8599,7.4413],[-81.8918,7.5217],[-81.8604,7.5171],[-81.8337,7.5868],[-81.7507,7.6494],[-81.7136,7.5467],[-81.6767,7.5264],[-81.7282,7.4402],[-81.6946,7.3936],[-81.633,7.3952]]],[[[-81.8026,7.2274],[-81.8204,7.2941],[-81.7697,7.2905],[-81.7858,7.2739],[-81.8026,7.2274]]],[[[-82.841,9.4972],[-82.8851,9.5689],[-82.8505,9.6221],[-82.7433,9.59],[-82.6712,9.4941],[-82.6079,9.5029],[-82.6016,9.5593],[-82.5549,9.5401],[-82.564,9.5734],[-82.3921,9.4231],[-82.3427,9.4315],[-82.3891,9.3419],[-82.3447,9.2955],[-82.4012,9.2939],[-82.3982,9.264],[-82.3135,9.1881],[-82.2815,9.2001],[-82.2904,9.2263],[-82.2621,9.1797],[-82.2516,9.2181],[-82.2334,9.1892],[-82.1978,9.2182],[-82.1754,9.149],[-82.204,9.1706],[-82.2337,9.1742],[-82.271,9.1492],[-82.2502,9.1126],[-82.2806,9.1069],[-82.2437,9.0895],[-82.2649,9.0145],[-82.1392,8.99],[-82.1092,8.9321],[-82.009,8.9578],[-81.9503,8.9383],[-81.923,8.9914],[-81.9026,8.9531],[-81.78,8.9499],[-81.776,9.0021],[-81.9473,9.1379],[-81.8814,9.1381],[-81.9207,9.1831],[-81.881,9.1839],[-81.8182,9.1255],[-81.8495,9.1148],[-81.8236,9.0634],[-81.722,9.0377],[-81.5438,8.8256],[-81.3001,8.7826],[-81.0702,8.8115],[-80.8248,8.8944],[-80.6967,9.022],[-80.4953,9.1172],[-80.0857,9.2334],[-79.9803,9.3609],[-79.9221,9.3889],[-79.9524,9.3199],[-79.9132,9.2783],[-79.896,9.3816],[-79.8686,9.4049],[-79.8398,9.3785],[-79.8486,9.3973],[-79.8422,9.4042],[-79.7974,9.3604],[-79.8139,9.4118],[-79.6916,9.5022],[-79.6529,9.5628],[-79.6818,9.5668],[-79.6207,9.617],[-79.5875,9.6039],[-79.5393,9.6341],[-79.5224,9.5788],[-79.439,9.6035],[-79.198,9.5405],[-79.1436,9.5606],[-79.0191,9.5564],[-78.9729,9.5674],[-79.0753,9.513],[-79.0609,9.4407],[-78.9612,9.459],[-78.8706,9.4188],[-78.728,9.4586],[-78.6185,9.4183],[-78.5618,9.4427],[-78.0427,9.2443],[-77.9765,9.1923],[-77.9552,9.1485],[-77.8867,9.0933],[-77.8918,9.0771],[-77.8657,9.0549],[-77.8775,9.1159],[-77.8106,9.0549],[-77.7432,8.9703],[-77.762,8.9511],[-77.6447,8.8197],[-77.6189,8.8177],[-77.6326,8.8512],[-77.5743,8.7685],[-77.5461,8.7757],[-77.5451,8.7107],[-77.4438,8.6619],[-77.3693,8.6756],[-77.3648,8.6413],[-77.4089,8.6449],[-77.3904,8.5848],[-77.4392,8.5589],[-77.4477,8.4722],[-77.412,8.475],[-77.3589,8.4021],[-77.3502,8.2978],[-77.2611,8.211],[-77.2181,8.0877],[-77.2338,8.0249],[-77.1623,7.9695],[-77.1821,7.9552],[-77.1586,7.9323],[-77.3248,7.8958],[-77.3686,7.8283],[-77.3394,7.766],[-77.3912,7.7599],[-77.4404,7.6584],[-77.4657,7.6627],[-77.4912,7.5671],[-77.5253,7.5717],[-77.5649,7.5078],[-77.6089,7.5452],[-77.6463,7.6522],[-77.7286,7.6955],[-77.7486,7.6135],[-77.7015,7.5069],[-77.7434,7.4657],[-77.8179,7.4581],[-77.8932,7.2226],[-77.999,7.306],[-78.043,7.4236],[-78.1234,7.4629],[-78.1691,7.5187],[-78.1488,7.5322],[-78.1836,7.5188],[-78.1716,7.5771],[-78.2018,7.5846],[-78.2063,7.5562],[-78.1999,7.6128],[-78.2449,7.6649],[-78.2981,7.6836],[-78.2905,7.7658],[-78.4004,7.9169],[-78.4455,8.0453],[-78.4213,8.1052],[-78.4012,8.0661],[-78.2823,8.0833],[-78.2455,8.1863],[-78.3084,8.2569],[-78.2756,8.2428],[-78.2625,8.2462],[-78.2841,8.2483],[-78.2561,8.297],[-78.1807,8.2699],[-78.1917,8.3347],[-78.1695,8.3262],[-78.1556,8.4182],[-78.1289,8.3419],[-78.1104,8.3571],[-78.0951,8.3446],[-78.1092,8.331],[-78.0944,8.314],[-78.082,8.3409],[-78.0336,8.3115],[-78.0773,8.4196],[-78.0181,8.4038],[-78.112,8.4741],[-78.0844,8.4927],[-78.0825,8.5197],[-78.1271,8.5391],[-78.1463,8.6178],[-78.1362,8.5109],[-78.1066,8.5119],[-78.1299,8.504],[-78.1005,8.4117],[-78.1607,8.479],[-78.2258,8.3854],[-78.2667,8.4104],[-78.2529,8.4371],[-78.2083,8.4151],[-78.2134,8.536],[-78.2474,8.5273],[-78.2205,8.5084],[-78.2312,8.4769],[-78.2386,8.5006],[-78.2588,8.5077],[-78.2837,8.5101],[-78.2582,8.4849],[-78.2711,8.4706],[-78.2826,8.471],[-78.2883,8.4839],[-78.2929,8.4895],[-78.2993,8.4934],[-78.2889,8.4389],[-78.3042,8.4422],[-78.3022,8.4664],[-78.3532,8.5203],[-78.3651,8.4554],[-78.3338,8.4527],[-78.3724,8.4242],[-78.3761,8.5379],[-78.4016,8.5555],[-78.3993,8.5608],[-78.3884,8.5586],[-78.3667,8.5644],[-78.3656,8.5682],[-78.3745,8.579],[-78.3668,8.5665],[-78.4001,8.5619],[-78.4042,8.5554],[-78.4009,8.5667],[-78.4056,8.5803],[-78.4085,8.5804],[-78.4099,8.5862],[-78.4167,8.5903],[-78.408,8.5474],[-78.4426,8.533],[-78.4298,8.5374],[-78.4056,8.5168],[-78.4132,8.5226],[-78.4074,8.516],[-78.4131,8.5217],[-78.4107,8.517],[-78.4245,8.5226],[-78.427,8.5201],[-78.3694,8.41],[-78.3875,8.3376],[-78.4505,8.384],[-78.4679,8.434],[-78.4519,8.4305],[-78.4611,8.4624],[-78.4743,8.425],[-78.5082,8.4661],[-78.4884,8.5035],[-78.546,8.588],[-78.522,8.5861],[-78.5163,8.566],[-78.489,8.5538],[-78.5443,8.6951],[-78.5447,8.6459],[-78.5985,8.7067],[-78.6219,8.6728],[-78.6286,8.7414],[-78.663,8.7067],[-78.6766,8.7726],[-78.6868,8.7478],[-78.7414,8.7649],[-78.7547,8.8332],[-78.7586,8.8103],[-78.7821,8.8233],[-78.7556,8.8386],[-78.8174,8.883],[-78.7973,8.8348],[-78.8192,8.8348],[-78.8395,8.8132],[-78.912,8.9261],[-79.174,9.0172],[-79.4827,9.0081],[-79.5531,8.9463],[-79.5206,8.9068],[-79.567,8.9478],[-79.5889,8.9942],[-79.5649,8.9027],[-79.662,8.8948],[-79.6667,8.8628],[-79.7045,8.8787],[-79.741,8.849],[-79.7728,8.779],[-79.753,8.6922],[-79.821,8.6564],[-79.8347,8.643],[-79.8354,8.6364],[-79.7824,8.6113],[-79.7028,8.6438],[-80.1827,8.3267],[-80.4073,8.2912],[-80.494,8.1751],[-80.4443,8.0224],[-80.362,8.0007],[-80.3201,7.9006],[-80.0472,7.636],[-80.0,7.4666],[-80.1619,7.4116],[-80.2597,7.4356],[-80.3137,7.4097],[-80.3684,7.3639],[-80.3673,7.3574],[-80.3524,7.3479],[-80.342,7.3203],[-80.3918,7.3055],[-80.4377,7.2404],[-80.8875,7.2054],[-80.9405,7.2574],[-80.8907,7.3322],[-80.9299,7.4005],[-80.9204,7.4495],[-80.9728,7.5004],[-80.9491,7.5532],[-81.0518,7.672],[-81.0198,7.696],[-81.016,7.6813],[-81.0113,7.6761],[-80.9946,7.6711],[-81.0152,7.6953],[-81.0042,7.6867],[-80.9917,7.6854],[-80.9912,7.6904],[-81.0501,7.7196],[-81.0162,7.7216],[-81.0437,7.7377],[-81.0129,7.7287],[-81.008,7.7495],[-81.0901,7.7738],[-81.0682,7.8173],[-81.0068,7.8243],[-81.0168,7.8511],[-81.0617,7.8255],[-81.064,7.8609],[-81.0615,7.8548],[-81.0588,7.8537],[-81.0421,7.8555],[-81.0644,7.8815],[-81.0353,7.8725],[-81.0202,7.8734],[-81.0654,7.884],[-81.0548,7.9146],[-81.0886,7.8585],[-81.1051,7.9224],[-81.1286,7.9176],[-81.1286,7.8775],[-81.0907,7.8482],[-81.1401,7.8451],[-81.1386,7.8712],[-81.1445,7.8689],[-81.145,7.8584],[-81.1523,7.8625],[-81.1454,7.8562],[-81.1631,7.8553],[-81.2004,7.9016],[-81.2154,7.9055],[-81.2141,7.9125],[-81.2076,7.9102],[-81.2047,7.912],[-81.2079,7.9204],[-81.1991,7.9322],[-81.1989,7.9441],[-81.2094,7.9321],[-81.2097,7.9182],[-81.2062,7.911],[-81.2144,7.9138],[-81.2162,7.9036],[-81.2348,7.9316],[-81.2651,7.9347],[-81.2364,7.93],[-81.2221,7.9018],[-81.1989,7.8953],[-81.2425,7.8937],[-81.2067,7.838],[-81.1787,7.8492],[-81.1903,7.8292],[-81.1701,7.8085],[-81.1768,7.7497],[-81.206,7.7381],[-81.1864,7.7567],[-81.2108,7.771],[-81.2195,7.726],[-81.2214,7.7577],[-81.2549,7.756],[-81.2161,7.7215],[-81.2497,7.724],[-81.2364,7.7007],[-81.1935,7.7025],[-81.2293,7.6082],[-81.2975,7.6598],[-81.539,7.7195],[-81.4911,7.7593],[-81.5428,7.7675],[-81.5445,7.7397],[-81.5843,7.7688],[-81.5633,7.8615],[-81.6112,7.8644],[-81.5939,7.8945],[-81.74,8.0742],[-81.7267,8.1159],[-81.9075,8.1885],[-82.1172,8.2264],[-82.1417,8.165],[-82.1612,8.2196],[-82.264,8.2073],[-82.2515,8.173],[-82.3226,8.2378],[-82.3891,8.2191],[-82.4413,8.2806],[-82.702,8.3295],[-82.8383,8.2927],[-82.8751,8.2473],[-82.8522,8.072],[-82.8752,8.0303],[-82.9034,8.0405],[-82.8858,8.1083],[-82.9418,8.2728],[-82.9896,8.2713],[-83.0519,8.3345],[-82.8394,8.4803],[-82.8297,8.6347],[-82.9188,8.7654],[-82.8664,8.8053],[-82.8621,8.8528],[-82.7119,8.9223],[-82.7507,8.9926],[-82.8871,9.0879],[-82.9344,9.0839],[-82.9432,9.4725],[-82.841,9.4972]]]]},"properties":{"country":"PA"}},{"type":"Feature","geometry":{"type":"MultiPolygon","coordinates":[[[[-80.8632,23.2363],[-80.9537,23.2235],[-80.9891,23.2424],[-80.9019,23.2767],[-80.8632,23.2363]]],[[[-80.5072,23.1772],[-80.4793,23.2077],[-80.4685,23.1729],[-80.5011,23.1533],[-80.6079,23.1749],[-80.6477,23.1462],[-80.6266,23.177],[-80.8515,23.2074],[-80.597,23.2219],[-80.5072,23.1772]]],[[[-80.366,23.1361],[-80.4648,23.1385],[-80.371,23.1533],[-80.366,23.1361]]],[[[-80.1254,23.0979],[-80.1335,23.0612],[-80.1766,23.0301],[-80.1724,23.0565],[-80.333,23.1208],[-80.2754,23.1458],[-80.2339,23.1356],[-80.2336,23.0896],[-80.2011,23.1184],[-80.1569,23.0842],[-80.1254,23.0979]]],[[[-80.9819,23.1097],[-80.8333,23.18],[-80.7837,23.1438],[-80.902,23.1333],[-80.9721,23.0917],[-80.9819,23.1097]]],[[[-80.0834,23.0346],[-80.0676,23.0718],[-80.0498,23.0189],[-80.0834,23.0346]]],[[[-80.1315,23.0295],[-80.0652,23.0023],[-80.1513,23.0002],[-80.1315,23.0295]]],[[[-80.1758,23.0158],[-80.1682,22.9949],[-80.1364,22.97],[-80.1859,22.9799],[-80.1758,23.0158]]],[[[-79.881,22.9365],[-79.8737,22.9165],[-79.9173,22.9452],[-79.9336,22.9176],[-79.9511,22.9481],[-79.8738,22.9643],[-79.881,22.9365]]],[[[-78.9963,22.6266],[-78.9969,22.6539],[-79.092,22.6634],[-78.9675,22.6658],[-78.9963,22.6266]]],[[[-79.1353,22.5604],[-79.0821,22.5315],[-79.108,22.5328],[-79.1335,22.5406],[-79.1353,22.5604]]],[[[-79.6913,22.8611],[-79.6533,22.8512],[-79.6985,22.8357],[-79.6913,22.8611]]],[[[-79.4771,22.6755],[-79.5306,22.7166],[-79.5682,22.7911],[-79.6226,22.7728],[-79.628,22.7991],[-79.5766,22.8077],[-79.3718,22.6736],[-79.3165,22.6066],[-79.4286,22.6884],[-79.4771,22.6755]]],[[[-79.4019,22.6244],[-79.51,22.6399],[-79.5277,22.6651],[-79.505,22.6908],[-79.4669,22.6636],[-79.4289,22.6757],[-79.3784,22.5949],[-79.4129,22.6045],[-79.4019,22.6244]]],[[[-79.2225,22.6437],[-79.1691,22.6461],[-79.2173,22.6177],[-79.2225,22.6437]]],[[[-82.5517,21.7119],[-82.5709,21.7136],[-82.5743,21.7612],[-82.5531,21.7208],[-82.5271,21.7368],[-82.5517,21.7119]]],[[[-82.8501,21.9306],[-82.6758,21.8631],[-82.6794,21.7978],[-82.5762,21.7405],[-82.6046,21.6623],[-82.5621,21.6384],[-82.547,21.56],[-82.8397,21.4431],[-83.0818,21.4727],[-83.1924,21.6257],[-83.0893,21.5463],[-83.0268,21.5385],[-82.9608,21.5802],[-82.9551,21.5994],[-83.0917,21.7804],[-83.0562,21.8482],[-82.945,21.9293],[-82.9998,21.9315],[-82.8501,21.9306]]],[[[-81.9777,21.6388],[-82.0106,21.6479],[-81.968,21.642],[-81.9672,21.6177],[-82.0347,21.5927],[-81.9777,21.6388]]],[[[-81.4562,22.0756],[-81.3826,22.0238],[-81.3639,22.0587],[-81.2994,22.0343],[-81.3844,22.0224],[-81.4562,22.0756]]],[[[-81.4858,21.633],[-81.4538,21.6383],[-81.3593,21.7003],[-81.5086,21.5966],[-81.559,21.5899],[-81.5775,21.6119],[-81.5108,21.6049],[-81.4858,21.633]]],[[[-82.1066,21.5576],[-82.0465,21.6092],[-82.0395,21.5981],[-82.0355,21.5958],[-82.1066,21.5576]]],[[[-76.2335,19.9954],[-76.864,19.9392],[-76.9898,19.8861],[-77.3075,19.9138],[-77.3418,19.8818],[-77.3077,19.882],[-77.3508,19.8544],[-77.7382,19.842],[-77.7211,19.9071],[-77.57,20.0639],[-77.5819,20.091],[-77.5369,20.0828],[-77.3846,20.2073],[-77.273,20.2427],[-77.2538,20.2911],[-77.1835,20.285],[-77.1056,20.3745],[-77.0806,20.4603],[-77.1102,20.51],[-77.2515,20.5462],[-77.1988,20.6267],[-77.2394,20.6654],[-77.2642,20.6429],[-77.3495,20.7158],[-77.4716,20.6688],[-77.57,20.6947],[-77.6126,20.6718],[-77.7457,20.685],[-77.855,20.7258],[-77.9237,20.6935],[-78.0393,20.7007],[-78.1396,20.7589],[-78.1986,20.8348],[-78.2432,20.8299],[-78.2624,20.8997],[-78.4874,21.0274],[-78.5293,21.2545],[-78.4864,21.2934],[-78.5387,21.2861],[-78.5866,21.4505],[-78.6553,21.5385],[-78.7427,21.5711],[-78.781,21.5333],[-78.7631,21.6372],[-79.2099,21.5434],[-79.3614,21.6018],[-79.452,21.5988],[-79.5067,21.6413],[-79.5435,21.6158],[-79.6313,21.6809],[-79.7171,21.6768],[-79.7631,21.7169],[-79.8128,21.7147],[-79.8248,21.6666],[-79.8475,21.7005],[-79.8881,21.6922],[-79.8554,21.7036],[-79.8974,21.722],[-79.8657,21.7526],[-80.0155,21.7502],[-79.9885,21.7268],[-80.0221,21.7433],[-80.0379,21.8071],[-80.149,21.8241],[-80.2902,21.8976],[-80.4061,22.0314],[-80.4483,22.0376],[-80.4558,22.0732],[-80.4274,22.0637],[-80.4022,22.0714],[-80.3961,22.0781],[-80.3983,22.0849],[-80.3934,22.0878],[-80.4235,22.1258],[-80.454,22.1172],[-80.469,22.1442],[-80.4457,22.1568],[-80.4871,22.1803],[-80.5503,22.1668],[-80.4807,22.109],[-80.4639,22.0401],[-80.5374,22.0624],[-80.8838,22.0377],[-81.0475,22.0664],[-81.1129,22.1049],[-81.1423,22.2263],[-81.2091,22.284],[-81.1975,22.0862],[-81.2139,22.0494],[-81.2018,22.1026],[-81.248,22.1395],[-81.2816,22.1073],[-81.2558,22.0879],[-81.3734,22.0659],[-81.355,22.0723],[-81.3548,22.0875],[-81.401,22.0991],[-81.377,22.1052],[-81.3838,22.1486],[-81.4148,22.1825],[-81.4853,22.1709],[-81.5212,22.2028],[-81.5615,22.1697],[-81.6706,22.2005],[-81.6433,22.1575],[-81.7083,22.1979],[-81.7481,22.184],[-81.7556,22.165],[-81.8044,22.1743],[-81.8675,22.2575],[-82.0966,22.3404],[-82.1007,22.3734],[-82.137,22.3629],[-82.1577,22.395],[-82.1097,22.4312],[-81.8132,22.4302],[-81.6472,22.4893],[-81.6495,22.5752],[-81.871,22.679],[-82.0982,22.6561],[-82.1965,22.6861],[-82.5556,22.6684],[-82.7591,22.7029],[-82.8142,22.603],[-83.0969,22.4901],[-83.0813,22.4751],[-83.1539,22.3451],[-83.2654,22.346],[-83.3701,22.2011],[-83.3974,22.2311],[-83.3942,22.2003],[-83.4802,22.1697],[-83.5504,22.2006],[-83.5633,22.266],[-83.655,22.1658],[-83.6753,22.1924],[-83.9222,22.1638],[-83.9725,22.1166],[-83.9699,22.0538],[-83.9852,22.0762],[-83.9967,22.0425],[-83.9601,22.0308],[-84.0348,21.9063],[-84.0972,21.9313],[-84.2602,21.8955],[-84.4358,21.7698],[-84.5066,21.7551],[-84.5123,21.8039],[-84.4542,21.8777],[-84.4968,21.9285],[-84.6813,21.8967],[-84.8034,21.8118],[-84.9185,21.8289],[-84.9517,21.8686],[-84.9245,21.9173],[-84.8349,21.891],[-84.826,21.9184],[-84.797,21.9036],[-84.4915,22.0458],[-84.4541,22.0062],[-84.3861,22.0386],[-84.3282,21.9899],[-84.2793,22.0065],[-84.2593,22.0741],[-84.3162,22.0259],[-84.3188,22.0791],[-84.3549,22.0858],[-84.3369,22.1274],[-84.4032,22.1397],[-84.4115,22.201],[-84.4271,22.2057],[-84.447,22.1893],[-84.3721,22.3774],[-84.2763,22.4699],[-84.2971,22.4753],[-84.205,22.5117],[-84.1929,22.56],[-84.2199,22.5687],[-84.1299,22.5693],[-84.1218,22.6046],[-84.0789,22.6156],[-84.0881,22.6458],[-84.0421,22.6416],[-84.0143,22.6675],[-84.0307,22.7057],[-84.0597,22.6815],[-84.0442,22.7079],[-84.0225,22.7156],[-84.0015,22.6711],[-83.9668,22.6724],[-83.9314,22.7215],[-83.8892,22.7097],[-83.8604,22.7501],[-83.8342,22.7401],[-83.8083,22.7426],[-83.6845,22.7854],[-83.6766,22.7986],[-83.645,22.7858],[-83.6307,22.8245],[-83.5617,22.8186],[-83.5432,22.8585],[-83.49,22.8506],[-83.4646,22.8895],[-83.4451,22.887],[-83.436,22.8963],[-83.4421,22.9012],[-83.3842,22.8653],[-83.3362,22.9309],[-83.2201,22.9958],[-83.1683,22.9796],[-83.1987,22.9609],[-83.1654,22.9219],[-83.1287,22.995],[-82.9881,23.0098],[-83.0163,22.9812],[-82.9971,22.9588],[-82.9725,22.9867],[-82.9908,22.9614],[-82.9794,22.9555],[-82.9191,22.9879],[-82.9716,22.9909],[-82.9571,23.0172],[-82.7834,23.0282],[-82.7624,22.9816],[-82.7547,23.0245],[-82.5711,23.0421],[-82.3958,23.1456],[-82.3552,23.1459],[-82.338,23.1127],[-82.3213,23.1415],[-82.3535,23.1539],[-82.2287,23.1807],[-82.0256,23.1877],[-81.7799,23.1396],[-81.6065,23.1536],[-81.528,23.1021],[-81.5574,23.035],[-81.4979,23.0477],[-81.4725,23.0959],[-81.3641,23.1104],[-81.1425,23.2054],[-81.1245,23.1968],[-81.1183,23.1859],[-81.1945,23.1789],[-81.2813,23.1187],[-81.2317,23.1212],[-81.2513,23.1073],[-81.1947,23.043],[-81.1286,23.018],[-81.0776,23.0869],[-80.99,23.0926],[-80.998,23.1154],[-80.9539,23.0491],[-80.751,23.0959],[-80.6573,23.0788],[-80.6041,23.1266],[-80.6299,23.091],[-80.5344,22.9884],[-80.3985,22.9377],[-80.3594,22.9445],[-80.3638,22.9843],[-80.2135,23.0238],[-80.2189,22.9505],[-80.3445,22.9556],[-80.2633,22.9005],[-80.1522,22.933],[-80.1711,22.9543],[-80.1429,22.9649],[-80.0593,22.9298],[-80.0481,22.9556],[-80.0064,22.9463],[-79.9871,22.8826],[-79.9043,22.8404],[-79.883,22.8784],[-79.8357,22.8783],[-79.7865,22.9024],[-79.8033,22.8645],[-79.8613,22.8655],[-79.8554,22.7979],[-79.7991,22.8007],[-79.7031,22.7444],[-79.6481,22.7607],[-79.6132,22.6599],[-79.523,22.5452],[-79.5018,22.5248],[-79.4441,22.5326],[-79.3675,22.4243],[-79.2713,22.38],[-78.7775,22.389],[-78.7664,22.3275],[-78.7155,22.2921],[-78.7174,22.3645],[-78.6912,22.3751],[-78.7115,22.3765],[-78.7246,22.385],[-78.695,22.3819],[-78.5033,22.2601],[-78.4017,22.2651],[-78.3674,22.2116],[-78.2307,22.1245],[-78.2004,22.1297],[-78.2005,22.1627],[-78.1754,22.1507],[-78.0569,22.073],[-77.8918,21.8585],[-77.8613,21.874],[-77.8589,21.9649],[-77.8331,21.9713],[-77.7992,21.9596],[-77.8124,21.9405],[-77.7564,21.9425],[-77.8585,21.9249],[-77.8197,21.8724],[-77.7698,21.8728],[-77.7435,21.7968],[-77.5225,21.7522],[-77.4378,21.6495],[-77.4256,21.6446],[-77.4226,21.6457],[-77.4631,21.7022],[-77.4655,21.7397],[-77.5111,21.7662],[-77.481,21.7731],[-77.463,21.7387],[-77.4335,21.7565],[-77.4103,21.7314],[-77.445,21.7231],[-77.436,21.7531],[-77.4645,21.7348],[-77.4207,21.6475],[-77.3458,21.6313],[-77.3241,21.6484],[-77.3573,21.6434],[-77.3528,21.679],[-77.4085,21.701],[-77.3892,21.7212],[-77.4472,21.7734],[-77.4378,21.8063],[-77.1712,21.6472],[-77.1412,21.6633],[-77.1079,21.5966],[-77.1531,21.5435],[-77.2694,21.613],[-77.3686,21.6046],[-77.2071,21.5439],[-77.2804,21.5188],[-77.2615,21.4707],[-77.2066,21.4597],[-77.2188,21.4378],[-77.1489,21.4777],[-77.0988,21.6054],[-77.0648,21.5935],[-76.9498,21.4618],[-77.0426,21.4057],[-76.9884,21.4193],[-76.9845,21.4068],[-76.9907,21.4015],[-76.9898,21.392],[-76.9456,21.4575],[-76.8138,21.3926],[-76.8308,21.3482],[-76.8971,21.343],[-76.8934,21.2984],[-76.8339,21.3381],[-76.8341,21.2993],[-76.8031,21.3913],[-76.6375,21.336],[-76.6463,21.305],[-76.7081,21.288],[-76.7264,21.3092],[-76.7386,21.2805],[-76.6444,21.2434],[-76.6532,21.2992],[-76.5545,21.2662],[-76.5481,21.29],[-76.533,21.2397],[-76.6223,21.2322],[-76.5869,21.2273],[-76.6079,21.211],[-76.5873,21.1934],[-76.5371,21.233],[-76.535,21.1803],[-76.4806,21.2204],[-76.4554,21.2057],[-76.4544,21.2198],[-76.4912,21.2332],[-76.5254,21.2383],[-76.5205,21.2785],[-76.4106,21.2803],[-76.149,21.1702],[-76.1327,21.095],[-76.0657,21.1038],[-76.0307,21.0874],[-76.041,21.0657],[-75.9745,21.0943],[-75.9586,21.0658],[-75.9623,21.097],[-75.9221,21.1143],[-75.8823,21.1105],[-75.8809,21.0846],[-75.8781,21.1146],[-75.8112,21.1344],[-75.7659,21.0991],[-75.767,21.1247],[-75.6979,21.1169],[-75.6752,21.0677],[-75.6195,21.0727],[-75.5732,21.0061],[-75.6556,20.882],[-75.7165,20.929],[-75.7616,20.88],[-75.7247,20.8797],[-75.7313,20.848],[-75.6842,20.8839],[-75.6858,20.8683],[-75.6731,20.8557],[-75.677,20.8814],[-75.6113,20.8732],[-75.5511,20.8275],[-75.5517,20.7947],[-75.5799,20.7914],[-75.6197,20.8484],[-75.7019,20.8174],[-75.7733,20.8385],[-75.7831,20.7482],[-75.7559,20.7026],[-75.6924,20.6967],[-75.6554,20.7678],[-75.6249,20.7429],[-75.6154,20.7771],[-75.586,20.7315],[-75.6078,20.7239],[-75.6125,20.7104],[-75.5869,20.7139],[-75.5682,20.7419],[-75.5502,20.7432],[-75.5768,20.7788],[-75.5215,20.7925],[-75.4807,20.7249],[-75.5479,20.7394],[-75.5804,20.69],[-75.5507,20.7151],[-75.4975,20.6845],[-75.4746,20.7317],[-75.4746,20.6977],[-75.4457,20.6821],[-75.4722,20.7334],[-75.4301,20.7451],[-75.3275,20.7153],[-75.3747,20.6955],[-75.3204,20.6546],[-75.2423,20.6667],[-75.2542,20.6952],[-75.3042,20.6842],[-75.3189,20.7201],[-75.1742,20.7023],[-75.1552,20.6944],[-75.1869,20.6893],[-75.1893,20.6775],[-75.1483,20.691],[-75.1558,20.6662],[-75.1229,20.6938],[-75.1033,20.6604],[-75.0877,20.6899],[-75.0744,20.6669],[-75.0379,20.6983],[-74.9467,20.688],[-74.8439,20.6212],[-74.7322,20.6176],[-74.7458,20.5965],[-74.726,20.5536],[-74.7225,20.5744],[-74.672,20.5111],[-74.5946,20.4821],[-74.4902,20.3408],[-74.4534,20.3474],[-74.3841,20.2837],[-74.2285,20.318],[-74.1319,20.2125],[-74.2706,20.0686],[-74.859,20.0332],[-74.8814,19.9895],[-74.9542,19.9748],[-74.9831,19.921],[-75.078,19.8991],[-75.1666,19.8961],[-75.0975,19.9447],[-75.1169,19.9735],[-75.1314,19.9531],[-75.1415,19.9737],[-75.0825,20.0217],[-75.0997,20.0593],[-75.1298,20.0125],[-75.1772,20.0159],[-75.142,19.9823],[-75.1733,19.9712],[-75.1521,19.9385],[-75.3042,19.8811],[-75.441,19.9044],[-75.5388,19.8847],[-75.7018,19.9598],[-75.8687,19.9664],[-75.8432,20.0285],[-75.8741,20.0276],[-75.874,19.9698],[-75.9181,19.9858],[-75.9641,19.9561],[-76.2335,19.9954]]],[[[-78.6913,22.5746],[-78.6859,22.6154],[-78.6409,22.5687],[-78.6913,22.5746]]],[[[-78.4328,22.4474],[-78.546,22.4366],[-78.5599,22.4643],[-78.7022,22.4954],[-78.6956,22.5671],[-78.5451,22.523],[-78.3788,22.5504],[-78.2696,22.4291],[-78.4088,22.4215],[-78.4577,22.3768],[-78.4328,22.4474]]],[[[-78.1242,22.4409],[-78.1492,22.4723],[-78.1573,22.4316],[-78.1962,22.4471],[-78.1662,22.4826],[-78.1496,22.476],[-78.1242,22.4409]]],[[[-78.3234,22.2228],[-78.3176,22.2656],[-78.2973,22.267],[-78.3234,22.2228]]],[[[-79.1087,20.9335],[-78.9675,20.8703],[-78.9667,20.8392],[-79.0529,20.8696],[-79.2304,21.0089],[-79.1881,21.0141],[-79.1087,20.9335]]],[[[-77.8754,22.305],[-77.8458,22.3047],[-77.7439,22.1674],[-77.8084,22.1895],[-77.8754,22.305]]],[[[-77.9513,22.1037],[-78.0901,22.1797],[-78.0656,22.2154],[-78.0178,22.2085],[-78.0671,22.2963],[-78.0101,22.2683],[-78.0164,22.3104],[-77.9788,22.2942],[-77.9788,22.2288],[-77.9598,22.2688],[-77.9241,22.2099],[-77.8608,22.2245],[-77.8619,22.1867],[-77.8972,22.176],[-77.8381,22.1691],[-77.8416,22.0973],[-77.7865,22.0961],[-77.7624,22.0433],[-77.7498,22.0769],[-77.7326,22.0568],[-77.7326,22.0726],[-77.7214,22.0556],[-77.6824,22.0497],[-77.6484,22.059],[-77.6216,22.0086],[-77.6602,21.9607],[-77.6275,21.9448],[-77.6865,21.9078],[-77.6367,21.9076],[-77.615,21.9508],[-77.6056,21.9228],[-77.5738,21.9301],[-77.6156,21.9005],[-77.6215,21.8606],[-77.755,21.8937],[-77.7077,21.8905],[-77.7366,21.9506],[-77.8295,21.9761],[-77.8099,22.0077],[-77.8296,22.0325],[-77.8251,21.9885],[-77.8458,22.0249],[-77.8496,21.9836],[-77.9015,22.0036],[-77.9513,22.1037]]],[[[-77.4837,21.7973],[-77.6048,21.8202],[-77.5695,21.849],[-77.5907,21.8964],[-77.6187,21.8747],[-77.6063,21.905],[-77.5719,21.9247],[-77.4815,21.8293],[-77.4553,21.8135],[-77.4419,21.8133],[-77.4837,21.7973]]],[[[-78.1222,22.2448],[-78.1399,22.2868],[-78.2259,22.3025],[-78.3331,22.3996],[-78.2037,22.4384],[-78.1105,22.4133],[-78.066,22.3716],[-78.0781,22.3747],[-78.0642,22.3372],[-78.0738,22.3175],[-78.0676,22.2778],[-78.1152,22.3006],[-78.1222,22.2448]]],[[[-77.8939,20.5526],[-77.905,20.5708],[-77.8922,20.5783],[-77.8726,20.5691],[-77.8939,20.5526]]]]},"properties":{"country":"CU"}},{"type":"Feature","geometry":{"type":"MultiPolygon","coordinates":[[[[-61.4997,12.4358],[-61.4974,12.4779],[-61.4585,12.4831],[-61.438,12.5301],[-61.4302,12.4582],[-61.4997,12.4358]]],[[[-61.7458,12.0442],[-61.7635,12.0844],[-61.7242,12.1837],[-61.6637,12.234],[-61.6089,12.227],[-61.603,12.1252],[-61.6347,12.0442],[-61.7174,12.0152],[-61.7089,11.9937],[-61.7265,12.016],[-61.7616,11.9872],[-61.8025,12.0026],[-61.7458,12.0442]]]]},"properties":{"country":"GD"}},{"type":"Feature","geometry":{"type":"MultiPolygon","coordinates":[[[[-61.7309,10.6813],[-61.7422,10.6733],[-61.7648,10.6715],[-61.7523,10.7009],[-61.7309,10.6813]]],[[[-61.1617,10.0754],[-61.6272,10.0563],[-61.8069,10.0868],[-61.9308,10.0512],[-61.8261,10.1346],[-61.6978,10.1664],[-61.633,10.2471],[-61.5295,10.2317],[-61.4564,10.2991],[-61.5024,10.4176],[-61.4626,10.5431],[-61.4968,10.6419],[-61.6033,10.6917],[-61.6313,10.6659],[-61.6697,10.7127],[-61.6118,10.7476],[-61.4833,10.7536],[-61.4757,10.7772],[-61.4292,10.7582],[-61.3645,10.8126],[-61.2087,10.795],[-61.0429,10.8408],[-60.909,10.8349],[-61.0383,10.6811],[-61.0125,10.5229],[-61.0422,10.5106],[-61.0379,10.4553],[-61.0014,10.3506],[-60.9655,10.3398],[-60.9971,10.3024],[-60.9882,10.1395],[-61.0209,10.1531],[-61.1617,10.0754]]],[[[-60.8447,11.146],[-60.6979,11.2868],[-60.5199,11.3371],[-60.5527,11.2445],[-60.6609,11.1853],[-60.7388,11.1823],[-60.7878,11.1344],[-60.8447,11.146]]]]},"properties":{"country":"TT"}},{"type":"Feature","geometry":{"type":"MultiPolygon","coordinates":[[[[-72.6226,20.0012],[-72.9709,20.064],[-72.8017,20.089],[-72.6226,20.0012]]],[[[-73.2176,18.8356],[-73.2979,18.936],[-73.2049,18.9698],[-72.8467,18.8363],[-72.7939,18.7375],[-72.8227,18.6938],[-72.8397,18.7238],[-73.0002,18.7467],[-73.2176,18.8356]]],[[[-73.7083,18.5996],[-73.7739,18.5904],[-73.7939,18.6266],[-73.7068,18.6293],[-73.7083,18.5996]]],[[[-73.6015,18.0997],[-73.586,18.0559],[-73.6749,18.0598],[-73.7062,18.1099],[-73.6397,18.0825],[-73.6015,18.0997]]],[[[-71.7586,19.7015],[-71.7433,19.5847],[-71.6783,19.4448],[-71.6941,19.3598],[-71.786,19.3319],[-71.7327,19.2628],[-71.6389,19.2291],[-71.6272,19.1818],[-71.6541,19.116],[-71.7023,19.1061],[-71.7011,19.0732],[-71.7885,18.9932],[-71.8335,19.0055],[-71.8868,18.9587],[-71.7813,18.9547],[-71.7229,18.8805],[-71.738,18.7222],[-71.8031,18.6864],[-71.8187,18.6291],[-71.9681,18.6546],[-72.0084,18.625],[-71.8801,18.504],[-71.9134,18.4852],[-71.9043,18.457],[-71.6952,18.3406],[-71.7871,18.185],[-71.7354,18.0955],[-71.7571,18.0344],[-71.9204,18.1859],[-72.0513,18.2368],[-72.5475,18.2317],[-72.5467,18.1741],[-72.75,18.184],[-72.7492,18.1541],[-72.8156,18.1419],[-73.2811,18.2326],[-73.3697,18.2168],[-73.3484,18.2573],[-73.3893,18.2798],[-73.3907,18.2613],[-73.4045,18.2661],[-73.4076,18.2496],[-73.4513,18.2667],[-73.5077,18.2325],[-73.5636,18.2591],[-73.5671,18.2158],[-73.6196,18.217],[-73.6096,18.2567],[-73.6621,18.2099],[-73.6476,18.2536],[-73.6966,18.2364],[-73.8391,18.1286],[-73.7895,18.0278],[-73.8785,18.0222],[-73.9793,18.1633],[-74.0915,18.2472],[-74.2294,18.311],[-74.3697,18.2966],[-74.4476,18.3494],[-74.4806,18.4153],[-74.425,18.6163],[-74.2069,18.6753],[-73.791,18.5351],[-73.7225,18.551],[-73.7025,18.577],[-73.5648,18.5834],[-73.592,18.5525],[-73.6874,18.5655],[-73.7246,18.5462],[-73.6636,18.5415],[-73.6733,18.5094],[-73.6621,18.4992],[-73.4577,18.5289],[-73.2457,18.4768],[-73.1602,18.4856],[-73.094,18.4434],[-72.9719,18.4665],[-72.8918,18.4247],[-72.6946,18.4392],[-72.6522,18.5245],[-72.5843,18.5642],[-72.3501,18.5439],[-72.3591,18.6274],[-72.3222,18.68],[-72.5422,18.7765],[-72.6352,18.9063],[-72.8219,19.0454],[-72.8086,19.0794],[-72.7028,19.1081],[-72.8,19.2211],[-72.7803,19.2197],[-72.7523,19.233],[-72.7856,19.2332],[-72.7724,19.283],[-72.717,19.2917],[-72.728,19.3261],[-72.7727,19.3507],[-72.7115,19.3858],[-72.7193,19.4306],[-72.6839,19.4042],[-72.6973,19.4574],[-72.7706,19.4536],[-72.8503,19.5311],[-73.0633,19.6338],[-73.1306,19.622],[-73.2086,19.662],[-73.2353,19.6291],[-73.3913,19.6346],[-73.4551,19.6926],[-73.4526,19.7607],[-73.3732,19.8086],[-73.3602,19.8341],[-73.4132,19.8203],[-73.409,19.8429],[-73.3406,19.8381],[-73.165,19.9296],[-72.9591,19.9095],[-72.7813,19.9513],[-72.5812,19.8974],[-72.4943,19.8201],[-72.3809,19.8166],[-72.319,19.7069],[-72.3188,19.7701],[-72.2589,19.7595],[-72.2475,19.7889],[-72.1889,19.7827],[-72.1996,19.745],[-72.1457,19.7433],[-72.1578,19.7605],[-72.1144,19.7305],[-72.0827,19.7225],[-72.0639,19.7255],[-72.0794,19.7029],[-72.0515,19.6892],[-71.9912,19.6981],[-71.9858,19.7335],[-71.8509,19.7164],[-71.8988,19.6681],[-71.8411,19.6757],[-71.8233,19.6479],[-71.8108,19.6754],[-71.8439,19.7122],[-71.7586,19.7015]]]]},"properties":{"country":"HT"}},{"type":"Feature","geometry":{"type":"MultiPolygon","coordinates":[[[[-87.9398,17.2659],[-87.9229,17.3847],[-87.8111,17.5475],[-87.7814,17.5346],[-87.7958,17.518],[-87.7614,17.5075],[-87.8338,17.4216],[-87.8102,17.4254],[-87.8078,17.2839],[-87.8941,17.1727],[-87.9398,17.2659]]],[[[-87.8512,18.1843],[-87.8288,18.1205],[-87.8781,18.0844],[-87.9318,17.9614],[-87.9553,17.9311],[-87.9641,17.9298],[-87.9533,17.9364],[-87.9444,17.9474],[-87.9408,17.976],[-87.995,17.9216],[-87.9383,18.0321],[-87.9372,17.9777],[-87.9193,17.9934],[-87.901,18.0578],[-87.9255,18.0357],[-87.9374,18.0616],[-87.8512,18.1843]]],[[[-89.225,15.888],[-89.1501,17.0586],[-89.152,17.9396],[-89.0373,18.0048],[-88.9872,17.9473],[-88.9448,17.9591],[-88.8598,17.8943],[-88.769,18.0313],[-88.7165,18.0608],[-88.6941,18.187],[-88.6045,18.2408],[-88.5171,18.4638],[-88.4758,18.4942],[-88.3173,18.4884],[-88.2961,18.4575],[-88.3945,18.3843],[-88.3831,18.345],[-88.3199,18.3663],[-88.3332,18.3267],[-88.2408,18.3601],[-88.2059,18.3513],[-88.2183,18.3233],[-88.0972,18.3734],[-88.1529,18.3021],[-88.0953,18.3472],[-88.0895,18.2123],[-88.1321,18.0249],[-88.2019,17.9016],[-88.2131,17.8531],[-88.2235,17.7547],[-88.2307,17.7178],[-88.2332,17.7946],[-88.2725,17.7207],[-88.264,17.7055],[-88.232,17.7149],[-88.2927,17.6223],[-88.2863,17.5515],[-88.181,17.4945],[-88.2506,17.473],[-88.3038,17.2416],[-88.3002,17.1191],[-88.2464,17.066],[-88.2184,16.9684],[-88.289,16.8892],[-88.2511,16.8055],[-88.3119,16.7646],[-88.3094,16.6646],[-88.3127,16.6529],[-88.317,16.6472],[-88.352,16.6228],[-88.3558,16.59],[-88.365,16.578],[-88.3554,16.5426],[-88.3635,16.5134],[-88.3659,16.5923],[-88.3565,16.6016],[-88.3505,16.6299],[-88.3147,16.6519],[-88.32,16.6706],[-88.3727,16.6145],[-88.3727,16.5422],[-88.4078,16.5271],[-88.3833,16.5265],[-88.4216,16.4448],[-88.4768,16.4014],[-88.5446,16.2724],[-88.5883,16.2379],[-88.6463,16.2845],[-88.6609,16.2498],[-88.7301,16.2364],[-88.7507,16.1381],[-88.9351,15.9794],[-88.9236,15.8874],[-89.0546,15.9173],[-89.225,15.888]]]]},"properties":{"country":"BZ"}},{"type":"Feature","geometry":{"type":"MultiPolygon","coordinates":[[[[-80.8601,-6.4756],[-80.8626,-6.4232],[-80.8481,-6.3793],[-80.84,-6.4664],[-80.8601,-6.4756]]],[[[-77.1887,-12.1059],[-77.2376,-12.0936],[-77.2479,-12.0602],[-77.1887,-12.1059]]],[[[-76.4343,-13.8363],[-76.4672,-13.8499],[-76.4544,-13.8206],[-76.4343,-13.8363]]],[[[-69.9489,-4.2456],[-69.9467,-4.315],[-69.981,-4.3443],[-70.011,-4.3308],[-70.0327,-4.3743],[-70.0796,-4.3143],[-70.0396,-4.2944],[-70.0949,-4.2896],[-70.1084,-4.2552],[-70.1195,-4.2854],[-70.1551,-4.2731],[-70.1514,-4.3279],[-70.1919,-4.3618],[-70.2133,-4.2987],[-70.258,-4.309],[-70.2467,-4.2735],[-70.2888,-4.2879],[-70.31,-4.2533],[-70.2786,-4.2302],[-70.2877,-4.1655],[-70.3228,-4.1421],[-70.3389,-4.18],[-70.3802,-4.1334],[-70.4365,-4.1321],[-70.4335,-4.1619],[-70.4853,-4.1613],[-70.5042,-4.201],[-70.5104,-4.1482],[-70.5508,-4.1369],[-70.5657,-4.2117],[-70.5654,-4.1737],[-70.6322,-4.1829],[-70.6199,-4.1274],[-70.6513,-4.1634],[-70.6697,-4.1441],[-70.6822,-4.2073],[-70.7614,-4.1592],[-70.8458,-4.2187],[-70.8168,-4.23],[-70.8628,-4.2489],[-70.8448,-4.2791],[-70.9358,-4.3837],[-70.9954,-4.3448],[-70.9937,-4.386],[-71.0378,-4.4021],[-71.0531,-4.3689],[-71.0818,-4.3965],[-71.0848,-4.3729],[-71.1152,-4.4105],[-71.1505,-4.3822],[-71.1942,-4.4247],[-71.202,-4.3794],[-71.2261,-4.4086],[-71.2698,-4.385],[-71.2779,-4.4413],[-71.3209,-4.4201],[-71.3075,-4.4629],[-71.3445,-4.427],[-71.3905,-4.4276],[-71.4249,-4.469],[-71.4115,-4.4374],[-71.4342,-4.4279],[-71.4834,-4.4576],[-71.507,-4.4384],[-71.4943,-4.4861],[-71.5371,-4.4633],[-71.5965,-4.5285],[-71.6335,-4.5152],[-71.6127,-4.4817],[-71.6193,-4.4679],[-71.6503,-4.5039],[-71.6548,-4.4721],[-71.6612,-4.5033],[-71.7081,-4.5112],[-71.7504,-4.4679],[-71.7664,-4.5039],[-71.784,-4.4833],[-71.8651,-4.5271],[-71.9073,-4.5158],[-71.8854,-4.5375],[-71.919,-4.5292],[-71.9473,-4.6082],[-71.9946,-4.6094],[-72.0068,-4.6457],[-72.0433,-4.6233],[-72.1259,-4.734],[-72.141,-4.7113],[-72.2713,-4.7985],[-72.2785,-4.7702],[-72.3261,-4.779],[-72.3204,-4.7883],[-72.3232,-4.8122],[-72.3712,-4.805],[-72.4146,-4.9004],[-72.4709,-4.892],[-72.451,-4.9156],[-72.4818,-4.9519],[-72.5212,-4.9329],[-72.5222,-4.96],[-72.5985,-4.9834],[-72.622,-5.0515],[-72.7281,-5.0515],[-72.74,-5.0885],[-72.8187,-5.1027],[-72.8155,-5.1391],[-72.8878,-5.1629],[-72.8605,-5.2712],[-72.9589,-5.4661],[-72.9386,-5.5413],[-72.9737,-5.6129],[-72.959,-5.6564],[-73.053,-5.7952],[-73.1521,-5.868],[-73.1868,-6.0051],[-73.2365,-6.036],[-73.2466,-6.1496],[-73.1038,-6.4109],[-73.1352,-6.5105],[-73.188,-6.523],[-73.2274,-6.5888],[-73.3528,-6.5933],[-73.3911,-6.6419],[-73.5364,-6.6834],[-73.7105,-6.8402],[-73.7999,-7.1171],[-73.7166,-7.2276],[-73.6956,-7.3115],[-73.7546,-7.3538],[-73.8225,-7.3392],[-73.8635,-7.3892],[-73.9512,-7.3575],[-73.9098,-7.473],[-73.9417,-7.5334],[-73.9831,-7.5347],[-73.889,-7.6036],[-73.9005,-7.6402],[-73.8392,-7.6669],[-73.8198,-7.7158],[-73.7148,-7.7424],[-73.6787,-7.7814],[-73.6792,-7.8596],[-73.7615,-7.8606],[-73.7723,-7.9092],[-73.6169,-8.0343],[-73.5874,-8.2409],[-73.5263,-8.2708],[-73.5419,-8.3502],[-73.3881,-8.4702],[-73.3318,-8.474],[-73.341,-8.6168],[-73.2555,-8.6902],[-73.1672,-8.6983],[-73.0589,-8.9058],[-72.9993,-8.9178],[-72.9409,-8.9849],[-72.9582,-9.143],[-73.0261,-9.1779],[-73.0093,-9.2224],[-73.0735,-9.2346],[-73.1014,-9.3081],[-73.1888,-9.3632],[-73.2038,-9.4072],[-72.7174,-9.4121],[-72.5187,-9.4915],[-72.3547,-9.4952],[-72.3186,-9.5437],[-72.2836,-9.54],[-72.2889,-9.6021],[-72.2534,-9.6168],[-72.263,-9.7509],[-72.1514,-9.7974],[-72.1359,-9.8749],[-72.181,-10.0004],[-71.378,-10.0004],[-71.3427,-9.967],[-71.2981,-9.9924],[-71.2204,-9.9699],[-71.1575,-9.8724],[-70.9941,-9.8174],[-70.9632,-9.748],[-70.7932,-9.6386],[-70.7503,-9.5603],[-70.6624,-9.5263],[-70.5957,-9.4412],[-70.4946,-9.424],[-70.5145,-9.5007],[-70.5677,-9.5313],[-70.5534,-9.5705],[-70.6005,-9.5605],[-70.5847,-9.6408],[-70.5252,-9.715],[-70.5366,-9.7658],[-70.6234,-9.8205],[-70.6141,-10.9966],[-70.5303,-10.9347],[-70.4377,-11.0391],[-70.3086,-11.0708],[-70.1583,-11.0428],[-69.9335,-10.9212],[-69.77,-10.9296],[-69.7151,-10.9769],[-69.5743,-10.9426],[-68.9702,-11.9131],[-68.652,-12.498],[-68.7419,-12.6343],[-68.7127,-12.6807],[-68.7288,-12.7125],[-68.804,-12.7566],[-68.8348,-12.8578],[-68.8707,-12.8706],[-68.8798,-12.9889],[-68.8489,-13.0464],[-68.878,-13.1362],[-68.8453,-13.2467],[-68.8961,-13.4613],[-68.9525,-13.6044],[-69.067,-13.6733],[-68.9745,-13.7606],[-68.9948,-13.787],[-68.9172,-13.8142],[-68.9836,-13.8953],[-68.9787,-13.9761],[-68.8908,-14.0463],[-68.8268,-14.2156],[-68.985,-14.2371],[-69.0152,-14.3147],[-68.9854,-14.3747],[-69.154,-14.5216],[-69.15,-14.5803],[-69.2214,-14.5818],[-69.2584,-14.684],[-69.2399,-14.7595],[-69.3538,-14.8017],[-69.3606,-14.9611],[-69.2773,-15.1099],[-69.1905,-15.1588],[-69.1196,-15.259],[-69.1763,-15.2614],[-69.2603,-15.374],[-69.2408,-15.4604],[-69.2901,-15.4369],[-69.3145,-15.518],[-69.4018,-15.606],[-69.1964,-16.1681],[-69.0983,-16.2257],[-68.9613,-16.1944],[-68.8007,-16.3492],[-68.9885,-16.4254],[-69.0401,-16.5723],[-68.9961,-16.6566],[-69.17,-16.7275],[-69.1862,-16.7976],[-69.3936,-17.0206],[-69.3737,-17.0731],[-69.5569,-17.1593],[-69.6449,-17.2811],[-69.5762,-17.2914],[-69.4685,-17.3741],[-69.4685,-17.4984],[-69.6664,-17.6603],[-69.7963,-17.6459],[-69.8222,-17.744],[-69.7502,-17.9473],[-69.8162,-18.1164],[-69.9659,-18.2622],[-70.1494,-18.3194],[-70.3215,-18.3119],[-70.381,-18.3501],[-70.8877,-18.0093],[-70.9138,-17.9414],[-71.0975,-17.8691],[-71.1841,-17.7818],[-71.3269,-17.7043],[-71.3814,-17.7073],[-71.3414,-17.6368],[-71.3849,-17.4091],[-71.5093,-17.2686],[-71.8122,-17.1843],[-72.0228,-17.0225],[-72.1123,-17.0159],[-72.1193,-16.9699],[-72.2885,-16.8751],[-72.3101,-16.8076],[-72.4479,-16.7024],[-72.752,-16.6381],[-72.9201,-16.5185],[-73.0488,-16.4999],[-73.2084,-16.4004],[-73.2918,-16.4048],[-73.3159,-16.3371],[-73.4516,-16.2807],[-73.6199,-16.2301],[-73.7009,-16.2412],[-73.7279,-16.1952],[-74.0178,-16.0369],[-74.0545,-15.9545],[-74.279,-15.8388],[-74.3955,-15.8294],[-74.4725,-15.7195],[-74.8534,-15.5732],[-74.8876,-15.5241],[-75.1404,-15.4072],[-75.1937,-15.3679],[-75.1546,-15.3538],[-75.1645,-15.3115],[-75.264,-15.2508],[-75.2228,-15.2564],[-75.2322,-15.2028],[-75.3156,-15.1504],[-75.3717,-15.1515],[-75.5098,-14.9108],[-75.9168,-14.6589],[-75.9723,-14.4705],[-76.1365,-14.3488],[-76.1053,-14.3141],[-76.1436,-14.2276],[-76.221,-14.153],[-76.266,-14.1401],[-76.2749,-14.1973],[-76.2936,-14.1628],[-76.2922,-14.089],[-76.2606,-14.0558],[-76.2822,-13.9106],[-76.3963,-13.9089],[-76.358,-13.8006],[-76.2967,-13.7924],[-76.3116,-13.8471],[-76.2509,-13.8542],[-76.1899,-13.5729],[-76.208,-13.3844],[-76.4905,-13.0302],[-76.5198,-12.8499],[-76.6379,-12.7452],[-76.7092,-12.5755],[-76.8038,-12.5088],[-76.7749,-12.4377],[-76.7999,-12.3614],[-76.8538,-12.3016],[-77.0378,-12.2056],[-77.0251,-12.1476],[-77.0531,-12.1132],[-77.1709,-12.0727],[-77.141,-12.0465],[-77.1347,-11.9614],[-77.1869,-11.8389],[-77.1983,-11.7682],[-77.1698,-11.7359],[-77.2086,-11.6479],[-77.2727,-11.596],[-77.2808,-11.6015],[-77.288,-11.5951],[-77.2758,-11.5599],[-77.3605,-11.4602],[-77.6483,-11.3027],[-77.6471,-11.2217],[-77.6019,-11.2133],[-77.5936,-11.1771],[-77.6621,-10.951],[-77.9656,-10.493],[-78.0074,-10.379],[-78.0552,-10.3454],[-78.1016,-10.2011],[-78.1856,-10.1096],[-78.1758,-10.0447],[-78.2344,-9.9513],[-78.2261,-9.7969],[-78.3673,-9.6288],[-78.4047,-9.4746],[-78.3832,-9.4465],[-78.4336,-9.39],[-78.4094,-9.3621],[-78.5259,-9.2737],[-78.4855,-9.2038],[-78.553,-9.1773],[-78.5539,-9.2351],[-78.6102,-9.1762],[-78.5678,-9.1678],[-78.5618,-9.1197],[-78.6299,-9.0736],[-78.6536,-8.9209],[-78.7612,-8.774],[-78.7434,-8.6485],[-78.7945,-8.5543],[-78.934,-8.4379],[-78.8965,-8.3839],[-78.9841,-8.2132],[-79.3079,-7.9254],[-79.466,-7.7169],[-79.438,-7.6699],[-79.5779,-7.4602],[-79.5915,-7.3048],[-79.6916,-7.1756],[-79.6853,-7.1236],[-79.9306,-6.8749],[-79.986,-6.7471],[-80.2565,-6.5608],[-80.7869,-6.2969],[-81.098,-6.0768],[-81.1489,-5.9826],[-81.1254,-5.8418],[-81.0637,-5.787],[-81.0032,-5.8354],[-80.922,-5.8369],[-80.8668,-5.7701],[-80.8507,-5.6555],[-80.9385,-5.4465],[-81.1958,-5.2106],[-81.1678,-5.081],[-81.0907,-5.0817],[-81.0608,-5.0342],[-81.093,-4.9571],[-81.3284,-4.6827],[-81.2735,-4.5723],[-81.3045,-4.48],[-81.2554,-4.3995],[-81.2391,-4.2507],[-81.0551,-4.1042],[-80.9641,-3.9585],[-80.8356,-3.8766],[-80.7539,-3.7178],[-80.5759,-3.6295],[-80.5036,-3.5051],[-80.4592,-3.4862],[-80.4657,-3.505],[-80.4795,-3.5022],[-80.4828,-3.5052],[-80.4192,-3.5105],[-80.3975,-3.5037],[-80.3795,-3.4948],[-80.3068,-3.3977],[-80.2944,-3.4295],[-80.2739,-3.4435],[-80.2476,-3.4496],[-80.2211,-3.4381],[-80.2458,-3.4858],[-80.2158,-3.5007],[-80.2185,-3.5749],[-80.1906,-3.6013],[-80.1928,-3.775],[-80.1264,-3.8953],[-80.235,-3.9484],[-80.2727,-4.008],[-80.3981,-3.9808],[-80.4819,-4.0549],[-80.4681,-4.1283],[-80.4476,-4.1207],[-80.4502,-4.2096],[-80.3064,-4.1999],[-80.446,-4.3678],[-80.4491,-4.4482],[-80.3866,-4.4875],[-80.3293,-4.4653],[-80.1951,-4.3504],[-80.1769,-4.2937],[-80.1354,-4.2855],[-79.9917,-4.3809],[-79.8706,-4.4133],[-79.8128,-4.492],[-79.6291,-4.4391],[-79.563,-4.5139],[-79.4878,-4.5303],[-79.488,-4.6273],[-79.4213,-4.7941],[-79.2657,-4.9668],[-79.0759,-4.9698],[-79.0154,-5.0159],[-78.9726,-4.8942],[-78.8929,-4.8979],[-78.9149,-4.7801],[-78.8559,-4.667],[-78.6558,-4.5849],[-78.6611,-4.5301],[-78.6003,-4.4251],[-78.6341,-4.4152],[-78.6523,-4.3325],[-78.5985,-4.2579],[-78.5812,-4.1349],[-78.5372,-4.0616],[-78.5677,-4.0451],[-78.5657,-3.992],[-78.4888,-3.9338],[-78.4659,-3.8275],[-78.4094,-3.7824],[-78.4234,-3.6932],[-78.3932,-3.6772],[-78.3498,-3.3679],[-78.2467,-3.3986],[-78.2315,-3.5028],[-78.1871,-3.5001],[-78.1468,-3.4627],[-78.1978,-3.3627],[-78.1087,-3.2788],[-78.0918,-3.2164],[-78.0108,-3.1906],[-77.948,-3.07],[-77.8439,-3.0004],[-76.6327,-2.5911],[-76.0444,-2.1249],[-75.585,-1.5496],[-75.5592,-1.563],[-75.3842,-0.9338],[-75.3137,-0.9845],[-75.1925,-0.9713],[-75.2335,-0.9338],[-75.2212,-0.8692],[-75.2777,-0.73],[-75.2476,-0.6997],[-75.2742,-0.6647],[-75.2233,-0.6284],[-75.2279,-0.5503],[-75.313,-0.4947],[-75.3251,-0.4527],[-75.3882,-0.4342],[-75.5308,-0.1809],[-75.6105,-0.1926],[-75.6104,-0.1134],[-75.5162,-0.1144],[-75.4064,-0.17],[-75.3129,-0.1601],[-75.1928,-0.0393],[-75.0775,-0.0818],[-74.885,-0.2434],[-74.7935,-0.1888],[-74.7275,-0.3433],[-74.6797,-0.3308],[-74.6547,-0.3749],[-74.6086,-0.3519],[-74.6127,-0.3813],[-74.5537,-0.4077],[-74.5241,-0.468],[-74.4224,-0.4993],[-74.4239,-0.5459],[-74.3927,-0.5419],[-74.3628,-0.6219],[-74.3748,-0.6571],[-74.3406,-0.6791],[-74.3751,-0.7349],[-74.3145,-0.7673],[-74.3176,-0.7961],[-74.291,-0.7809],[-74.2804,-0.8293],[-74.2544,-0.821],[-74.2706,-0.8792],[-74.3217,-0.8796],[-74.2751,-0.9103],[-74.2732,-0.9806],[-74.0873,-1.0541],[-74.0503,-1.0528],[-74.0246,-1.0058],[-74.0115,-1.0983],[-73.9629,-1.0846],[-73.9671,-1.128],[-73.9056,-1.1271],[-73.8625,-1.2301],[-73.7701,-1.2627],[-73.7455,-1.2008],[-73.7296,-1.2527],[-73.6198,-1.2653],[-73.553,-1.4013],[-73.589,-1.4227],[-73.4904,-1.4854],[-73.5004,-1.5616],[-73.4586,-1.5747],[-73.5415,-1.6986],[-73.4313,-1.7899],[-73.3802,-1.7808],[-73.3141,-1.8286],[-73.2867,-1.78],[-73.2316,-1.8011],[-73.2199,-1.7494],[-73.1865,-1.808],[-73.147,-1.8059],[-73.1562,-1.8582],[-73.11,-1.8813],[-73.1156,-2.0743],[-73.0703,-2.0879],[-73.1331,-2.1806],[-73.175,-2.1895],[-73.1679,-2.2355],[-73.1254,-2.324],[-73.0663,-2.3618],[-73.0399,-2.3278],[-73.0023,-2.3625],[-72.972,-2.3473],[-72.9341,-2.4572],[-72.7745,-2.3934],[-72.7511,-2.4288],[-72.7027,-2.3979],[-72.68,-2.4521],[-72.6313,-2.3594],[-72.5205,-2.4259],[-72.4357,-2.442],[-72.4075,-2.4155],[-72.3722,-2.4921],[-72.2587,-2.4603],[-72.2483,-2.4315],[-72.1859,-2.4344],[-72.1572,-2.4806],[-72.0531,-2.3406],[-71.9225,-2.3825],[-71.927,-2.3149],[-71.8812,-2.312],[-71.8335,-2.1949],[-71.7983,-2.2071],[-71.7401,-2.1464],[-71.731,-2.2262],[-71.6537,-2.2023],[-71.5179,-2.2529],[-71.4982,-2.356],[-71.4562,-2.2787],[-71.3917,-2.4118],[-71.2996,-2.3469],[-71.2764,-2.3525],[-71.2854,-2.3887],[-71.2295,-2.348],[-71.1761,-2.3822],[-71.1672,-2.3444],[-71.1272,-2.3388],[-71.1222,-2.2848],[-71.0353,-2.2762],[-70.9927,-2.3076],[-71.0018,-2.2113],[-70.9395,-2.2563],[-70.8778,-2.2227],[-70.8384,-2.2918],[-70.6655,-2.3565],[-70.6817,-2.4059],[-70.6283,-2.3983],[-70.6283,-2.479],[-70.559,-2.4787],[-70.5675,-2.4193],[-70.5104,-2.4773],[-70.4684,-2.4575],[-70.431,-2.529],[-70.3601,-2.493],[-70.3001,-2.5046],[-70.3591,-2.5636],[-70.245,-2.5568],[-70.217,-2.657],[-70.1648,-2.6417],[-70.1528,-2.7174],[-70.0845,-2.6504],[-70.0741,-2.7904],[-70.7133,-3.7963],[-70.6164,-3.8435],[-70.5778,-3.8167],[-70.5152,-3.8809],[-70.3965,-3.8516],[-70.3448,-3.8034],[-70.2841,-3.824],[-70.1767,-3.9513],[-70.1744,-4.0501],[-70.0654,-4.0843],[-69.9489,-4.2456]]]]},"properties":{"country":"PE"}},{"type":"Feature","geometry":{"type":"MultiPolygon","coordinates":[[[[-77.8467,18.0221],[-77.9431,18.0349],[-78.0617,18.2096],[-78.2387,18.1953],[-78.3565,18.2416],[-78.3386,18.3667],[-78.2683,18.3903],[-78.2127,18.4569],[-77.9376,18.442],[-77.9243,18.5013],[-77.8469,18.525],[-77.6387,18.4824],[-77.2687,18.467],[-77.1116,18.4071],[-76.8973,18.413],[-76.8919,18.3732],[-76.8087,18.3329],[-76.7784,18.2706],[-76.6834,18.2663],[-76.6447,18.2272],[-76.3376,18.1554],[-76.2341,17.9442],[-76.183,17.914],[-76.3095,17.8685],[-76.3194,17.892],[-76.3389,17.86],[-76.4011,17.8818],[-76.5292,17.8502],[-76.6078,17.8729],[-76.6704,17.94],[-76.7056,17.949],[-76.7783,17.9282],[-76.8455,17.9328],[-76.7224,17.949],[-76.8363,17.9893],[-76.9509,17.8389],[-77.0398,17.8457],[-77.0276,17.8758],[-77.0582,17.9083],[-77.1318,17.8905],[-77.1636,17.8369],[-77.141,17.8136],[-77.2141,17.7782],[-77.1387,17.7665],[-77.1274,17.7264],[-77.1752,17.7059],[-77.4055,17.8627],[-77.7409,17.8545],[-77.8396,17.9456],[-77.8467,18.0221]]]]},"properties":{"country":"JM"}},{"type":"Feature","geometry":{"type":"MultiPolygon","coordinates":[[[[-117.2969,32.4436],[-117.2944,32.4346],[-117.2999,32.4395],[-117.2969,32.4436]]],[[[-117.2349,32.4139],[-117.2411,32.4377],[-117.2298,32.4085],[-117.2349,32.4139]]],[[[-116.8004,31.8075],[-116.8021,31.8059],[-116.802,31.8127],[-116.8004,31.8075]]],[[[-116.7884,31.7917],[-116.7984,31.8066],[-116.7888,31.8064],[-116.7884,31.7917]]],[[[-114.5888,31.7429],[-114.6136,31.7259],[-114.6834,31.7553],[-114.6158,31.757],[-114.5888,31.7429]]],[[[-114.7493,31.8045],[-114.7219,31.7249],[-114.7072,31.7448],[-114.6688,31.7193],[-114.6501,31.6681],[-114.7149,31.7135],[-114.7013,31.6627],[-114.808,31.7434],[-114.796,31.8114],[-114.7493,31.8045]]],[[[-116.1233,30.4912],[-116.1025,30.4825],[-116.1217,30.4835],[-116.1233,30.4912]]],[[[-114.0162,31.5343],[-114.0261,31.533],[-114.0177,31.5356],[-114.0162,31.5343]]],[[[-114.0244,31.496],[-114.0436,31.5039],[-114.019,31.5219],[-114.0244,31.496]]],[[[-113.2456,31.0171],[-113.2436,31.0157],[-113.2448,31.0097],[-113.2456,31.0171]]],[[[-113.5454,29.5656],[-113.5398,29.5664],[-113.5348,29.5619],[-113.5454,29.5656]]],[[[-114.5353,30.0834],[-114.5539,30.0899],[-114.54,30.092],[-114.5353,30.0834]]],[[[-114.489,30.0544],[-114.4868,30.0508],[-114.4911,30.0532],[-114.489,30.0544]]],[[[-114.4746,30.0131],[-114.48,30.0201],[-114.4735,30.023],[-114.4746,30.0131]]],[[[-114.4186,29.988],[-114.3919,29.9607],[-114.4147,29.9501],[-114.4186,29.988]]],[[[-114.39,29.8083],[-114.3828,29.8225],[-114.3722,29.8096],[-114.39,29.8083]]],[[[-115.7951,29.7866],[-115.7949,29.7926],[-115.7882,29.7934],[-115.7951,29.7866]]],[[[-118.3651,29.1464],[-118.2626,29.1897],[-118.2872,29.1309],[-118.2215,29.0107],[-118.2279,28.9216],[-118.296,28.8801],[-118.2908,28.9675],[-118.3634,29.0747],[-118.3651,29.1464]]],[[[-118.2929,28.8673],[-118.2958,28.8706],[-118.29,28.8713],[-118.2929,28.8673]]],[[[-113.5668,29.5662],[-113.5758,29.5461],[-113.5794,29.5605],[-113.5668,29.5662]]],[[[-113.5579,29.5544],[-113.5567,29.5525],[-113.5605,29.5498],[-113.5579,29.5544]]],[[[-112.4606,29.2747],[-112.4623,29.2666],[-112.4626,29.2744],[-112.4606,29.2747]]],[[[-113.4045,29.2095],[-113.5925,29.4178],[-113.5588,29.5458],[-113.5143,29.5512],[-113.394,29.4594],[-113.3523,29.3873],[-113.3655,29.3068],[-113.1679,29.279],[-113.1745,29.1264],[-113.1496,29.0667],[-113.1014,29.0556],[-113.1159,28.9875],[-113.4045,29.2095]]],[[[-113.5024,29.048],[-113.5138,29.0521],[-113.514,29.0669],[-113.5267,29.0957],[-113.5024,29.048]]],[[[-113.5151,29.065],[-113.5174,29.0649],[-113.5164,29.0676],[-113.5151,29.065]]],[[[-113.0965,29.0619],[-113.0827,29.0683],[-113.0848,29.0631],[-113.0965,29.0619]]],[[[-113.4665,29.0141],[-113.4695,29.0244],[-113.4604,29.0132],[-113.4665,29.0141]]],[[[-118.2789,28.8485],[-118.286,28.8489],[-118.28,28.8528],[-118.2789,28.8485]]],[[[-115.5734,28.3144],[-115.5606,28.3084],[-115.5718,28.3089],[-115.5734,28.3144]]],[[[-115.5741,28.3081],[-115.6063,28.3002],[-115.601,28.3157],[-115.5741,28.3081]]],[[[-115.5362,28.3006],[-115.5446,28.2907],[-115.5452,28.312],[-115.5362,28.3006]]],[[[-112.9312,28.6965],[-112.8979,28.6973],[-112.8949,28.68],[-112.9312,28.6965]]],[[[-112.7828,28.5805],[-112.8944,28.679],[-112.7542,28.593],[-112.7828,28.5805]]],[[[-114.0667,28.2223],[-114.0783,28.2457],[-114.0541,28.2147],[-114.0667,28.2223]]],[[[-114.0613,28.105],[-114.0567,28.1033],[-114.0569,28.103],[-114.0613,28.105]]],[[[-115.3593,28.0806],[-115.238,28.2319],[-115.2643,28.294],[-115.2164,28.3777],[-115.1566,28.1795],[-115.1858,28.0313],[-115.2514,28.0358],[-115.3086,28.0944],[-115.3593,28.0806]]],[[[-114.1525,28.0072],[-114.1356,27.9526],[-114.1833,27.949],[-114.2672,27.8869],[-114.2742,27.928],[-114.1222,28.0845],[-114.1525,28.0072]]],[[[-114.1834,27.9281],[-114.183,27.9299],[-114.1786,27.9295],[-114.1834,27.9281]]],[[[-114.1783,27.9277],[-114.1755,27.9263],[-114.1782,27.9242],[-114.1783,27.9277]]],[[[-114.1955,27.9233],[-114.1968,27.9239],[-114.193,27.9259],[-114.1955,27.9233]]],[[[-114.2319,27.8967],[-114.2263,27.8957],[-114.2268,27.8949],[-114.2319,27.8967]]],[[[-114.2298,27.8872],[-114.2317,27.8899],[-114.2285,27.8918],[-114.2298,27.8872]]],[[[-115.1751,27.8486],[-115.2166,27.8961],[-115.1593,27.8641],[-115.1751,27.8486]]],[[[-114.2296,27.8337],[-114.2264,27.8347],[-114.2292,27.83],[-114.2296,27.8337]]],[[[-114.365,27.8232],[-114.3683,27.8256],[-114.3666,27.8282],[-114.365,27.8232]]],[[[-114.3807,27.8183],[-114.3747,27.8234],[-114.3742,27.8219],[-114.3807,27.8183]]],[[[-114.1852,27.7216],[-114.2507,27.7483],[-114.249,27.7555],[-114.2246,27.7655],[-114.1852,27.7216]]],[[[-113.5165,29.014],[-113.5142,29.0167],[-113.5116,29.0132],[-113.5165,29.014]]],[[[-112.4778,29.1674],[-112.2645,29.2454],[-112.2743,29.1371],[-112.1949,29.0211],[-112.2165,28.9606],[-112.1889,28.9767],[-112.275,28.8165],[-112.2529,28.7672],[-112.31,28.7468],[-112.5839,28.876],[-112.4903,28.9484],[-112.5059,29.0632],[-112.4778,29.1674]]],[[[-113.5017,28.9939],[-113.5115,28.9888],[-113.5082,29.0016],[-113.5017,28.9939]]],[[[-113.4853,28.9789],[-113.4774,28.9752],[-113.4814,28.9673],[-113.4853,28.9789]]],[[[-113.0466,28.8924],[-113.0328,28.8969],[-113.0407,28.8845],[-113.0466,28.8924]]],[[[-112.9865,28.826],[-112.976,28.8257],[-112.9816,28.821],[-112.9865,28.826]]],[[[-112.9658,28.7319],[-112.9617,28.7349],[-112.9462,28.717],[-112.9658,28.7319]]],[[[-112.6126,28.7263],[-112.5573,28.7347],[-112.554,28.672],[-112.6058,28.6675],[-112.6126,28.7263]]],[[[-111.9638,28.8161],[-111.9666,28.8088],[-111.9719,28.8115],[-111.9638,28.8161]]],[[[-111.4214,28.3721],[-111.42,28.3687],[-111.4261,28.3685],[-111.4214,28.3721]]],[[[-111.4371,28.3673],[-111.4314,28.3682],[-111.4323,28.3643],[-111.4371,28.3673]]],[[[-111.3817,27.9603],[-111.3891,27.9853],[-111.3669,27.9522],[-111.3817,27.9603]]],[[[-112.2864,28.722],[-112.2894,28.7117],[-112.2979,28.7351],[-112.2864,28.722]]],[[[-112.2965,28.3884],[-112.3002,28.3723],[-112.3206,28.3821],[-112.2965,28.3884]]],[[[-112.0985,25.6996],[-112.1,25.7442],[-112.097,25.6934],[-112.0985,25.6996]]],[[[-112.0978,25.6765],[-112.0893,25.6038],[-112.0993,25.5079],[-112.0978,25.6765]]],[[[-114.0561,28.0973],[-114.0487,28.099],[-114.0528,28.094],[-114.0561,28.0973]]],[[[-113.1608,26.9303],[-113.16,26.9195],[-113.168,26.9278],[-113.1608,26.9303]]],[[[-113.1626,26.9039],[-113.1493,26.9046],[-113.1504,26.8921],[-113.1626,26.9039]]],[[[-113.1451,26.7993],[-113.1425,26.7989],[-113.1494,26.7946],[-113.1451,26.7993]]],[[[-113.2391,26.7716],[-113.2073,26.7605],[-113.1911,26.7452],[-113.2148,26.7385],[-113.2391,26.7716]]],[[[-113.1347,26.6585],[-113.2606,26.7092],[-113.2616,26.7164],[-113.1756,26.7188],[-113.1347,26.6585]]],[[[-113.0924,26.6641],[-113.0944,26.6595],[-113.0962,26.6637],[-113.0924,26.6641]]],[[[-113.0866,26.6623],[-113.0869,26.6597],[-113.0896,26.6637],[-113.0866,26.6623]]],[[[-113.0658,26.6494],[-113.0745,26.6422],[-113.0747,26.6503],[-113.0658,26.6494]]],[[[-113.0843,26.6427],[-113.085,26.6453],[-113.0807,26.6453],[-113.0843,26.6427]]],[[[-113.0658,26.6066],[-113.1218,26.6369],[-113.1244,26.6513],[-113.1007,26.6561],[-113.0658,26.6066]]],[[[-112.9685,26.5365],[-112.9517,26.5393],[-112.9827,26.5442],[-112.9685,26.5365]]],[[[-114.1728,27.7123],[-114.1528,27.7041],[-114.1588,27.7027],[-114.1728,27.7123]]],[[[-114.3711,27.1478],[-114.3723,27.1453],[-114.3848,27.1463],[-114.3711,27.1478]]],[[[-114.2933,27.1106],[-114.2892,27.1013],[-114.2947,27.1011],[-114.2933,27.1106]]],[[[-115.7672,24.9527],[-115.7616,24.9619],[-115.7635,24.9528],[-115.7672,24.9527]]],[[[-112.0812,25.4994],[-112.0775,25.5087],[-112.0819,25.4945],[-112.0812,25.4994]]],[[[-112.0824,25.4943],[-112.073,25.4875],[-112.0837,25.4904],[-112.0824,25.4943]]],[[[-112.0836,25.4845],[-112.0769,25.4786],[-112.0846,25.4789],[-112.0836,25.4845]]],[[[-112.0836,25.4516],[-112.0884,25.4432],[-112.0869,25.455],[-112.0836,25.4516]]],[[[-112.1077,25.4837],[-112.1047,25.3355],[-112.1347,25.2878],[-112.1077,25.4837]]],[[[-112.0928,25.3562],[-112.0964,25.3475],[-112.0935,25.3601],[-112.0928,25.3562]]],[[[-112.1011,25.2425],[-112.1049,25.2485],[-112.098,25.2519],[-112.1011,25.2425]]],[[[-112.0987,25.2384],[-112.0979,25.2327],[-112.103,25.2317],[-112.0987,25.2384]]],[[[-112.0763,25.4405],[-112.082,25.4514],[-112.0707,25.4475],[-112.0763,25.4405]]],[[[-112.0819,25.3635],[-112.0843,25.3527],[-112.0875,25.3586],[-112.0819,25.3635]]],[[[-112.0871,25.239],[-112.0886,25.2282],[-112.0934,25.2336],[-112.0871,25.239]]],[[[-112.0929,24.901],[-112.0863,24.8992],[-112.0932,24.9003],[-112.0929,24.901]]],[[[-112.1311,25.1699],[-112.1289,25.1684],[-112.136,25.1656],[-112.1311,25.1699]]],[[[-112.1175,25.0985],[-112.1198,25.0881],[-112.124,25.0933],[-112.1175,25.0985]]],[[[-112.1198,25.0874],[-112.1127,25.0845],[-112.1163,25.0787],[-112.1198,25.0874]]],[[[-112.1517,25.0831],[-112.1447,25.0827],[-112.1493,25.0812],[-112.1517,25.0831]]],[[[-112.1509,25.0758],[-112.1511,25.0714],[-112.1536,25.0748],[-112.1509,25.0758]]],[[[-112.1471,25.0497],[-112.1531,25.0224],[-112.1622,25.0374],[-112.1471,25.0497]]],[[[-112.1113,25.01],[-112.1133,25.0102],[-112.1118,25.0144],[-112.1113,25.01]]],[[[-112.1067,24.9993],[-112.1047,25.0028],[-112.1031,24.9995],[-112.1067,24.9993]]],[[[-112.1108,24.9986],[-112.1084,24.9963],[-112.1132,24.9938],[-112.1108,24.9986]]],[[[-112.1138,24.9886],[-112.1087,24.9871],[-112.1145,24.9819],[-112.1138,24.9886]]],[[[-112.1481,24.9815],[-112.1467,24.9797],[-112.1507,24.9785],[-112.1481,24.9815]]],[[[-112.1671,24.9677],[-112.1629,24.9653],[-112.1681,24.965],[-112.1671,24.9677]]],[[[-112.1201,24.9629],[-112.1219,24.9601],[-112.1231,24.964],[-112.1201,24.9629]]],[[[-112.1769,24.9568],[-112.1687,24.9558],[-112.1769,24.9553],[-112.1769,24.9568]]],[[[-112.1237,24.9499],[-112.122,24.9368],[-112.1285,24.9423],[-112.1237,24.9499]]],[[[-112.0982,24.9417],[-112.0839,24.938],[-112.0909,24.9352],[-112.0982,24.9417]]],[[[-112.1191,24.9257],[-112.117,24.9234],[-112.119,24.9216],[-112.1191,24.9257]]],[[[-112.1374,24.9176],[-112.1334,24.9159],[-112.1378,24.9136],[-112.1374,24.9176]]],[[[-112.1361,24.9087],[-112.1258,24.9214],[-112.1345,24.8924],[-112.1361,24.9087]]],[[[-112.1019,24.9032],[-112.0984,24.9066],[-112.0995,24.904],[-112.1019,24.9032]]],[[[-110.5841,27.4527],[-110.5729,27.446],[-110.5812,27.4402],[-110.5841,27.4527]]],[[[-110.5496,27.4427],[-110.5491,27.4399],[-110.5724,27.4392],[-110.5496,27.4427]]],[[[-110.5528,27.4355],[-110.5514,27.4273],[-110.5578,27.4262],[-110.5528,27.4355]]],[[[-110.595,27.4168],[-110.6022,27.3619],[-110.5779,27.3317],[-110.6054,27.3457],[-110.595,27.4168]]],[[[-110.5235,27.3946],[-110.5187,27.3942],[-110.5192,27.3929],[-110.5235,27.3946]]],[[[-110.5266,27.3829],[-110.5233,27.3862],[-110.5211,27.3839],[-110.5266,27.3829]]],[[[-110.5587,27.37],[-110.544,27.3862],[-110.5271,27.3929],[-110.5587,27.37]]],[[[-110.2675,27.1446],[-110.2361,27.1427],[-110.2247,27.1377],[-110.2295,27.1353],[-110.2675,27.1446]]],[[[-110.604,27.3387],[-110.531,27.3016],[-110.5363,27.2886],[-110.5905,27.3077],[-110.6006,27.3172],[-110.604,27.3387]]],[[[-111.0266,25.651],[-111.0471,25.6644],[-111.0591,25.7091],[-111.0174,25.6937],[-111.0266,25.651]]],[[[-110.7745,25.7138],[-110.7694,25.6773],[-110.7593,25.5936],[-110.8052,25.6465],[-110.7745,25.7138]]],[[[-110.711,25.2661],[-110.7311,25.2914],[-110.6901,25.3126],[-110.711,25.2661]]],[[[-111.8902,26.7215],[-111.8894,26.7259],[-111.8835,26.7218],[-111.8902,26.7215]]],[[[-111.4306,26.624],[-111.4285,26.637],[-111.4246,26.6252],[-111.4306,26.624]]],[[[-111.263,26.1062],[-111.2972,26.0985],[-111.2788,26.1349],[-111.263,26.1062]]],[[[-111.1196,25.9943],[-111.202,25.8076],[-111.2332,25.8484],[-111.168,25.9893],[-111.1753,26.0418],[-111.0598,26.0729],[-111.0669,25.9659],[-111.1196,25.9943]]],[[[-109.2514,26.2347],[-109.2391,26.2284],[-109.2471,26.2244],[-109.2514,26.2347]]],[[[-109.2545,25.7128],[-109.2535,25.7144],[-109.2495,25.7092],[-109.2545,25.7128]]],[[[-109.2287,25.645],[-109.2219,25.6448],[-109.2248,25.6418],[-109.2287,25.645]]],[[[-109.0159,25.6196],[-109.0114,25.6224],[-109.0107,25.6196],[-109.0159,25.6196]]],[[[-109.4324,25.9338],[-109.4267,25.9349],[-109.423,25.9266],[-109.4324,25.9338]]],[[[-109.4259,25.918],[-109.4302,25.9262],[-109.4246,25.9237],[-109.4259,25.918]]],[[[-109.4094,25.8985],[-109.4033,25.8965],[-109.4048,25.8955],[-109.4094,25.8985]]],[[[-109.4072,25.8928],[-109.4036,25.8907],[-109.4127,25.8889],[-109.4072,25.8928]]],[[[-109.4336,25.9195],[-109.4072,25.8687],[-109.427,25.8219],[-109.4336,25.9195]]],[[[-109.4113,25.8389],[-109.401,25.8459],[-109.4145,25.8324],[-109.4113,25.8389]]],[[[-109.405,25.8371],[-109.4114,25.8315],[-109.4056,25.8374],[-109.405,25.8371]]],[[[-109.3827,25.7808],[-109.3751,25.7767],[-109.3868,25.7716],[-109.3827,25.7808]]],[[[-109.3041,25.7611],[-109.3051,25.7563],[-109.3081,25.7594],[-109.3041,25.7611]]],[[[-109.4263,25.8158],[-109.4061,25.7623],[-109.3916,25.6767],[-109.4323,25.8073],[-109.4263,25.8158]]],[[[-109.3713,25.6536],[-109.3302,25.6679],[-109.2965,25.6567],[-109.3412,25.6585],[-109.3713,25.6536]]],[[[-109.3962,25.6405],[-109.3207,25.6568],[-109.2312,25.6429],[-109.1806,25.6163],[-109.2241,25.6315],[-109.1748,25.6037],[-109.1582,25.5646],[-109.2481,25.634],[-109.3962,25.6405]]],[[[-111.3086,25.8139],[-111.2921,25.8129],[-111.2975,25.8078],[-111.3086,25.8139]]],[[[-111.2449,25.7646],[-111.2593,25.7831],[-111.2604,25.8116],[-111.2432,25.7892],[-111.2449,25.7646]]],[[[-112.0892,25.6568],[-112.0896,25.6668],[-112.0879,25.6647],[-112.0892,25.6568]]],[[[-112.0843,25.6442],[-112.0821,25.6472],[-112.0835,25.6362],[-112.0843,25.6442]]],[[[-111.152,25.5887],[-111.1442,25.5857],[-111.1527,25.5824],[-111.152,25.5887]]],[[[-112.0843,25.5669],[-112.0835,25.571],[-112.0792,25.5642],[-112.0843,25.5669]]],[[[-112.0739,25.5342],[-112.0685,25.5298],[-112.0738,25.531],[-112.0739,25.5342]]],[[[-112.0821,25.5238],[-112.0859,25.5302],[-112.0863,25.536],[-112.0821,25.5238]]],[[[-110.6994,25.2032],[-110.6956,25.1995],[-110.7047,25.1939],[-110.6994,25.2032]]],[[[-110.575,25.0158],[-110.5451,24.8732],[-110.6146,24.9139],[-110.6411,24.9136],[-110.6787,25.0177],[-110.7161,25.0391],[-110.7072,25.1055],[-110.6744,25.0555],[-110.575,25.0158]]],[[[-110.571,24.8784],[-110.5906,24.8661],[-110.5727,24.8864],[-110.571,24.8784]]],[[[-110.5602,24.8225],[-110.5869,24.8285],[-110.5683,24.8436],[-110.5602,24.8225]]],[[[-110.3828,24.5568],[-110.4098,24.5474],[-110.3979,24.5918],[-110.3613,24.5542],[-110.3671,24.5313],[-110.3992,24.5362],[-110.3828,24.5568]]],[[[-110.4047,24.485],[-110.4015,24.4817],[-110.4085,24.4796],[-110.4047,24.485]]],[[[-110.326,24.4029],[-110.3989,24.5195],[-110.3608,24.5337],[-110.2889,24.4711],[-110.326,24.4029]]],[[[-109.8736,24.1526],[-109.9322,24.3731],[-109.8025,24.1363],[-109.8736,24.1526]]],[[[-112.1274,25.2647],[-112.1792,25.0404],[-112.1538,24.9712],[-112.1724,24.9703],[-112.1891,24.9577],[-112.1665,24.9118],[-112.1766,24.8873],[-112.1966,24.917],[-112.1782,24.8703],[-112.2421,24.8411],[-112.2149,24.844],[-112.2303,24.8293],[-112.1352,24.7353],[-112.1159,24.6889],[-112.1517,24.6606],[-112.0571,24.5398],[-112.1745,24.6526],[-112.1366,24.6854],[-112.1515,24.7447],[-112.2719,24.8048],[-112.2601,24.7503],[-112.3038,24.7944],[-112.1274,25.2647]]],[[[-112.1783,24.8768],[-112.1811,24.8827],[-112.1779,24.8822],[-112.1783,24.8768]]],[[[-112.1234,24.8729],[-112.1185,24.8799],[-112.1208,24.8684],[-112.1234,24.8729]]],[[[-112.17,24.8527],[-112.1577,24.8557],[-112.154,24.848],[-112.17,24.8527]]],[[[-112.1698,24.8431],[-112.1766,24.8509],[-112.1609,24.8436],[-112.1698,24.8431]]],[[[-112.185,24.8495],[-112.1682,24.8392],[-112.1708,24.8376],[-112.185,24.8495]]],[[[-112.1469,24.8061],[-112.1414,24.8444],[-112.1361,24.8622],[-112.1469,24.8061]]],[[[-112.1204,24.7863],[-112.0953,24.8011],[-112.0903,24.7784],[-112.1204,24.7863]]],[[[-112.0459,24.8039],[-112.053,24.8196],[-112.0446,24.8117],[-112.0459,24.8039]]],[[[-112.09,24.8063],[-112.0847,24.803],[-112.0835,24.8006],[-112.09,24.8063]]],[[[-112.0418,24.7916],[-112.0393,24.7941],[-112.0371,24.7909],[-112.0418,24.7916]]],[[[-112.0383,24.7681],[-112.0323,24.7731],[-112.0275,24.7648],[-112.0383,24.7681]]],[[[-111.8022,24.535],[-111.7982,24.5369],[-111.7941,24.5329],[-111.8022,24.535]]],[[[-111.7949,24.5181],[-111.7876,24.5187],[-111.7827,24.5139],[-111.7949,24.5181]]],[[[-111.8496,24.5075],[-111.6845,24.3797],[-111.7106,24.305],[-112.0045,24.5116],[-111.8496,24.5075]]],[[[-111.4463,24.3258],[-111.5754,24.3677],[-111.6694,24.3574],[-111.569,24.3763],[-111.4463,24.3258]]],[[[-110.8694,27.9112],[-110.8747,27.9065],[-110.8723,27.9124],[-110.8694,27.9112]]],[[[-110.8482,27.8916],[-110.8335,27.8997],[-110.8414,27.8878],[-110.8482,27.8916]]],[[[-110.8601,27.8772],[-110.866,27.8752],[-110.8602,27.8801],[-110.8601,27.8772]]],[[[-110.6125,27.8226],[-110.6129,27.8226],[-110.613,27.8368],[-110.6125,27.8226]]],[[[-110.5928,27.814],[-110.5835,27.8076],[-110.5896,27.8031],[-110.5928,27.814]]],[[[-110.5622,27.7996],[-110.5571,27.7981],[-110.5611,27.7969],[-110.5622,27.7996]]],[[[-110.6104,27.7602],[-110.6071,27.7324],[-110.6046,27.7271],[-110.6077,27.7325],[-110.6104,27.7602]]],[[[-110.5971,27.7466],[-110.5953,27.7446],[-110.6032,27.7405],[-110.5971,27.7466]]],[[[-110.5779,27.723],[-110.5854,27.7177],[-110.5833,27.7286],[-110.5779,27.723]]],[[[-110.5921,27.7138],[-110.5972,27.714],[-110.5876,27.7178],[-110.5921,27.7138]]],[[[-110.6016,27.7124],[-110.6021,27.7078],[-110.6011,27.7223],[-110.6016,27.7124]]],[[[-110.6079,27.6912],[-110.6036,27.7037],[-110.6072,27.6784],[-110.6079,27.6912]]],[[[-110.6015,27.6998],[-110.6006,27.6631],[-110.607,27.6655],[-110.6015,27.6998]]],[[[-110.5714,27.669],[-110.5801,27.6613],[-110.5775,27.6658],[-110.5803,27.6733],[-110.5714,27.669]]],[[[-110.5794,27.664],[-110.5865,27.6602],[-110.5817,27.6705],[-110.5794,27.664]]],[[[-110.6125,27.6614],[-110.6107,27.6536],[-110.6152,27.6546],[-110.6125,27.6614]]],[[[-110.617,27.5953],[-110.6107,27.583],[-110.613,27.5838],[-110.617,27.5953]]],[[[-110.6092,27.5944],[-110.6055,27.5838],[-110.611,27.5937],[-110.6092,27.5944]]],[[[-110.6123,27.5875],[-110.6069,27.5845],[-110.6103,27.584],[-110.6123,27.5875]]],[[[-110.6053,27.5769],[-110.6078,27.571],[-110.6129,27.5834],[-110.6053,27.5769]]],[[[-110.6026,27.5692],[-110.5929,27.5574],[-110.595,27.5562],[-110.6026,27.5692]]],[[[-110.5938,27.5506],[-110.5952,27.5322],[-110.6052,27.5691],[-110.5938,27.5506]]],[[[-110.5785,27.5363],[-110.5752,27.5354],[-110.5779,27.5313],[-110.5785,27.5363]]],[[[-110.5768,27.5287],[-110.5767,27.5226],[-110.578,27.5286],[-110.5768,27.5287]]],[[[-111.1193,27.9593],[-111.1208,27.9532],[-111.1246,27.9527],[-111.1193,27.9593]]],[[[-111.857,27.434],[-111.8965,27.4319],[-111.9015,27.4492],[-111.869,27.4546],[-111.857,27.434]]],[[[-112.0755,27.1776],[-112.1085,27.2388],[-112.0905,27.2588],[-112.0433,27.2084],[-112.0755,27.1776]]],[[[-111.9087,27.0427],[-111.91,27.0375],[-111.9158,27.0375],[-111.9087,27.0427]]],[[[-110.5598,27.4697],[-110.5398,27.4645],[-110.5603,27.4588],[-110.5598,27.4697]]],[[[-110.5164,27.4346],[-110.5245,27.4397],[-110.5193,27.4382],[-110.5164,27.4346]]],[[[-110.5416,27.4357],[-110.5416,27.432],[-110.5448,27.4368],[-110.5416,27.4357]]],[[[-110.5444,27.4127],[-110.5347,27.4114],[-110.5402,27.4099],[-110.5444,27.4127]]],[[[-110.0518,27.1012],[-110.0453,27.0924],[-110.0547,27.0909],[-110.0518,27.1012]]],[[[-110.0654,27.0949],[-110.0553,27.0905],[-110.0591,27.0876],[-110.0654,27.0949]]],[[[-110.0504,27.075],[-110.05,27.0733],[-110.0533,27.0843],[-110.0504,27.075]]],[[[-110.0453,27.0856],[-109.9737,27.065],[-109.9494,27.0407],[-109.9392,27.0182],[-110.0453,27.0856]]],[[[-109.9213,26.9743],[-109.9319,26.9947],[-109.9363,26.9992],[-109.9296,26.9983],[-109.9213,26.9743]]],[[[-109.8941,26.9757],[-109.8951,26.9719],[-109.9041,26.9704],[-109.8941,26.9757]]],[[[-109.8958,26.9483],[-109.8949,26.9455],[-109.8977,26.9443],[-109.8958,26.9483]]],[[[-109.3978,26.0642],[-109.404,26.0579],[-109.4052,26.0595],[-109.3978,26.0642]]],[[[-109.244,26.4245],[-109.241,26.4125],[-109.2431,26.4123],[-109.244,26.4245]]],[[[-109.2417,26.4009],[-109.2299,26.3658],[-109.2485,26.339],[-109.2518,26.343],[-109.2417,26.4009]]],[[[-109.2058,26.3478],[-109.2109,26.3483],[-109.2091,26.3506],[-109.2058,26.3478]]],[[[-109.2057,26.3421],[-109.2041,26.3401],[-109.2091,26.3403],[-109.2057,26.3421]]],[[[-109.3986,26.0422],[-109.4013,26.0522],[-109.3984,26.0484],[-109.3986,26.0422]]],[[[-109.4069,26.0385],[-109.4017,26.0432],[-109.4033,26.0394],[-109.4069,26.0385]]],[[[-109.4445,25.9498],[-109.4406,25.9611],[-109.4313,25.9428],[-109.4445,25.9498]]],[[[-109.4387,25.9291],[-109.4445,25.9494],[-109.4368,25.9328],[-109.4387,25.9291]]],[[[-109.1554,25.5879],[-109.1589,25.5889],[-109.1593,25.5924],[-109.1554,25.5879]]],[[[-109.091,25.5835],[-109.0906,25.5858],[-109.0793,25.583],[-109.091,25.5835]]],[[[-109.128,25.5885],[-109.1024,25.5702],[-109.1192,25.5801],[-109.128,25.5885]]],[[[-109.0136,25.5706],[-109.0098,25.5702],[-109.014,25.5655],[-109.0136,25.5706]]],[[[-109.1505,25.552],[-109.1593,25.5453],[-109.1574,25.547],[-109.1505,25.552]]],[[[-108.8156,25.5224],[-108.8183,25.5261],[-108.8114,25.5207],[-108.8156,25.5224]]],[[[-108.8854,25.5238],[-108.8774,25.524],[-108.8813,25.5131],[-108.8854,25.5238]]],[[[-108.8684,25.5091],[-108.8665,25.5117],[-108.8651,25.5111],[-108.8684,25.5091]]],[[[-108.8169,25.4838],[-108.8214,25.5156],[-108.8071,25.5004],[-108.8169,25.4838]]],[[[-108.8589,25.512],[-108.8457,25.4905],[-108.8822,25.4941],[-108.8589,25.512]]],[[[-108.7987,25.4953],[-108.7963,25.5003],[-108.791,25.4967],[-108.7987,25.4953]]],[[[-108.713,25.4949],[-108.7184,25.4973],[-108.7108,25.498],[-108.713,25.4949]]],[[[-108.8792,25.4786],[-108.8775,25.4837],[-108.8728,25.4821],[-108.8792,25.4786]]],[[[-108.7305,25.4835],[-108.7287,25.4846],[-108.7294,25.4763],[-108.7305,25.4835]]],[[[-108.8443,25.4827],[-108.8382,25.4796],[-108.8423,25.4731],[-108.8443,25.4827]]],[[[-109.0269,25.4869],[-109.001,25.4723],[-109.0184,25.4624],[-109.0318,25.4679],[-109.0269,25.4869]]],[[[-109.0651,25.4702],[-109.0598,25.472],[-109.0596,25.4704],[-109.0651,25.4702]]],[[[-108.8071,25.4662],[-108.8011,25.4697],[-108.8,25.4626],[-108.8071,25.4662]]],[[[-109.0491,25.4498],[-109.0552,25.4558],[-109.0468,25.4584],[-109.0491,25.4498]]],[[[-108.735,25.4526],[-108.729,25.4446],[-108.7354,25.4444],[-108.735,25.4526]]],[[[-108.7113,25.432],[-108.7079,25.4302],[-108.7099,25.4265],[-108.7113,25.432]]],[[[-108.8923,25.4367],[-108.8008,25.3768],[-109.0251,25.4414],[-108.8923,25.4367]]],[[[-108.7214,25.3807],[-108.7312,25.3845],[-108.728,25.3839],[-108.7214,25.3807]]],[[[-108.782,25.3806],[-108.7798,25.3654],[-108.79,25.3987],[-108.7369,25.394],[-108.782,25.3806]]],[[[-108.7695,25.376],[-108.7631,25.3808],[-108.7634,25.3771],[-108.7695,25.376]]],[[[-108.6748,25.3508],[-108.752,25.3675],[-108.5359,25.3034],[-108.6748,25.3508]]],[[[-108.561,25.319],[-108.5656,25.3222],[-108.5596,25.3215],[-108.561,25.319]]],[[[-108.5458,25.3151],[-108.5466,25.3169],[-108.5405,25.3159],[-108.5458,25.3151]]],[[[-108.5359,25.3356],[-108.53,25.3135],[-108.5446,25.3212],[-108.5359,25.3356]]],[[[-108.5165,25.3098],[-108.5085,25.3156],[-108.5076,25.3128],[-108.5165,25.3098]]],[[[-108.3495,25.2538],[-108.3409,25.2513],[-108.3442,25.2505],[-108.3495,25.2538]]],[[[-108.3325,25.1698],[-108.3528,25.2076],[-108.2697,25.1454],[-108.3574,25.1672],[-108.3693,25.1966],[-108.3325,25.1698]]],[[[-108.2561,25.1539],[-108.2716,25.1828],[-108.2409,25.1761],[-108.2561,25.1539]]],[[[-108.3819,25.1615],[-108.3698,25.1495],[-108.383,25.1618],[-108.3777,25.184],[-108.3819,25.1615]]],[[[-108.363,25.1662],[-108.3673,25.1597],[-108.3687,25.1618],[-108.363,25.1662]]],[[[-108.2403,25.1405],[-108.2404,25.1429],[-108.2315,25.1339],[-108.2403,25.1405]]],[[[-108.2969,25.1139],[-108.2921,25.112],[-108.304,25.1089],[-108.2969,25.1139]]],[[[-108.1371,25.0985],[-108.1276,25.0987],[-108.1298,25.0977],[-108.1371,25.0985]]],[[[-108.2521,25.0926],[-108.2512,25.0991],[-108.2432,25.0887],[-108.2521,25.0926]]],[[[-108.2376,25.0837],[-108.2351,25.0827],[-108.2277,25.0744],[-108.2376,25.0837]]],[[[-108.1949,25.0132],[-108.1955,25.0159],[-108.1853,25.0006],[-108.1949,25.0132]]],[[[-108.1698,24.9734],[-108.1636,24.9769],[-108.1636,24.9702],[-108.1698,24.9734]]],[[[-108.3171,25.1206],[-108.1325,24.9259],[-108.1033,24.8842],[-108.1168,24.829],[-108.0894,24.816],[-108.1178,24.8245],[-108.2507,25.0452],[-108.3412,25.1202],[-108.3171,25.1206]]],[[[-108.1491,24.9556],[-108.1427,24.9492],[-108.1426,24.9467],[-108.1491,24.9556]]],[[[-108.134,24.9417],[-108.1346,24.9406],[-108.1396,24.9467],[-108.134,24.9417]]],[[[-108.1311,24.9391],[-108.1275,24.9353],[-108.1326,24.939],[-108.1311,24.9391]]],[[[-108.059,24.9957],[-108.0371,24.9281],[-108.05,24.8238],[-108.0677,24.8263],[-108.0898,24.8375],[-108.0856,24.8464],[-108.0731,24.84],[-108.0783,24.8353],[-108.0747,24.8351],[-108.0751,24.8323],[-108.0738,24.8306],[-108.0716,24.8305],[-108.0738,24.8307],[-108.0728,24.8399],[-108.0791,24.8563],[-108.0908,24.8621],[-108.1211,24.9591],[-108.1278,24.9394],[-108.1559,24.9647],[-108.1327,24.9755],[-108.1407,25.0503],[-108.059,24.9957]]],[[[-108.1067,24.9118],[-108.1275,24.9393],[-108.1264,24.9416],[-108.1263,24.9431],[-108.1233,24.9374],[-108.1158,24.9403],[-108.1067,24.9118]]],[[[-108.1034,24.8624],[-108.0951,24.8583],[-108.0971,24.8503],[-108.1034,24.8624]]],[[[-108.0759,24.8131],[-108.0847,24.8238],[-108.0553,24.8008],[-108.0759,24.8131]]],[[[-107.9731,24.7544],[-107.9647,24.7253],[-107.9915,24.7519],[-107.9731,24.7544]]],[[[-107.5366,24.5274],[-107.5297,24.5248],[-107.5373,24.5236],[-107.5366,24.5274]]],[[[-107.5798,24.504],[-107.5704,24.505],[-107.5676,24.5012],[-107.5798,24.504]]],[[[-107.5856,24.5004],[-107.5891,24.4997],[-107.5831,24.503],[-107.5856,24.5004]]],[[[-107.7268,24.4983],[-107.7218,24.5002],[-107.7231,24.4974],[-107.7268,24.4983]]],[[[-107.7158,24.4968],[-107.7189,24.4994],[-107.711,24.4953],[-107.7158,24.4968]]],[[[-107.5851,24.49],[-107.5836,24.4947],[-107.5782,24.4956],[-107.5851,24.49]]],[[[-107.627,24.4367],[-107.6316,24.4417],[-107.6211,24.4379],[-107.627,24.4367]]],[[[-107.5509,24.3586],[-107.5569,24.3595],[-107.5482,24.3612],[-107.5509,24.3586]]],[[[-107.5009,24.3299],[-107.4968,24.3315],[-107.4939,24.3287],[-107.5009,24.3299]]],[[[-107.4992,24.3261],[-107.4978,24.3259],[-107.4965,24.323],[-107.4992,24.3261]]],[[[-107.4192,24.2457],[-107.3167,24.1937],[-107.2107,24.1206],[-107.2389,24.131],[-107.4192,24.2457]]],[[[-107.1745,24.1158],[-107.1794,24.1172],[-107.1741,24.1181],[-107.1745,24.1158]]],[[[-107.1886,24.1172],[-107.1863,24.1177],[-107.1764,24.1107],[-107.1886,24.1172]]],[[[-107.1771,24.1321],[-107.1713,24.1338],[-107.171,24.1322],[-107.1771,24.1321]]],[[[-107.1714,24.126],[-107.1721,24.1295],[-107.1696,24.1301],[-107.1714,24.126]]],[[[-107.1654,24.1261],[-107.1605,24.128],[-107.1607,24.1258],[-107.1654,24.1261]]],[[[-107.1663,24.0864],[-107.1628,24.0915],[-107.1638,24.086],[-107.1663,24.0864]]],[[[-107.0533,24.0],[-107.0518,23.9979],[-107.0553,23.9986],[-107.0533,24.0]]],[[[-106.4736,23.2514],[-106.4796,23.2503],[-106.4788,23.2577],[-106.4736,23.2514]]],[[[-106.4637,23.2281],[-106.4711,23.2342],[-106.4675,23.239],[-106.4637,23.2281]]],[[[-105.6767,22.5838],[-105.6813,22.6185],[-105.7001,22.6472],[-105.6595,22.6129],[-105.6767,22.5838]]],[[[-105.6505,22.4615],[-105.6438,22.4586],[-105.6428,22.4533],[-105.6505,22.4615]]],[[[-105.644,22.4495],[-105.6431,22.4439],[-105.6454,22.4441],[-105.644,22.4495]]],[[[-105.6386,22.4076],[-105.6425,22.4036],[-105.6422,22.4121],[-105.6386,22.4076]]],[[[-105.6453,22.1958],[-105.7594,22.5421],[-105.7146,22.4753],[-105.6771,22.4683],[-105.6841,22.571],[-105.6692,22.4709],[-105.6532,22.4618],[-105.6465,22.4447],[-105.645,22.4435],[-105.6429,22.4431],[-105.6525,22.4215],[-105.6218,22.1892],[-105.6453,22.1958]]],[[[-105.8803,21.847],[-105.8879,21.8415],[-105.8898,21.8534],[-105.8803,21.847]]],[[[-106.6875,21.7457],[-106.6778,21.7742],[-106.6697,21.7715],[-106.6586,21.7402],[-106.6875,21.7457]]],[[[-106.5061,21.604],[-106.5415,21.5449],[-106.629,21.5992],[-106.6605,21.6933],[-106.5358,21.658],[-106.5061,21.604]]],[[[-106.3722,21.4813],[-106.387,21.4195],[-106.4948,21.4671],[-106.4586,21.4955],[-106.3722,21.4813]]],[[[-106.2885,21.3224],[-106.2875,21.3227],[-106.2857,21.3197],[-106.2885,21.3224]]],[[[-106.232,21.336],[-106.2504,21.2921],[-106.2794,21.3158],[-106.232,21.336]]],[[[-105.2749,21.0476],[-105.2749,21.0498],[-105.2712,21.0489],[-105.2749,21.0476]]],[[[-105.567,20.6987],[-105.5707,20.7022],[-105.5639,20.7042],[-105.567,20.6987]]],[[[-105.5894,20.6992],[-105.5798,20.7008],[-105.5853,20.6945],[-105.5894,20.6992]]],[[[-105.1139,19.5619],[-105.1108,19.5618],[-105.1115,19.5573],[-105.1139,19.5619]]],[[[-105.113,19.5463],[-105.1091,19.5519],[-105.1062,19.5492],[-105.113,19.5463]]],[[[-104.8138,19.2309],[-104.8162,19.2237],[-104.8165,19.2269],[-104.8138,19.2309]]],[[[-101.6619,17.6758],[-101.6593,17.6799],[-101.6518,17.6746],[-101.6619,17.6758]]],[[[-99.9087,16.8251],[-99.9057,16.8175],[-99.9172,16.824],[-99.9087,16.8251]]],[[[-94.9503,16.211],[-94.9291,16.2081],[-94.9629,16.2022],[-94.9503,16.211]]],[[[-94.9749,16.2034],[-94.9721,16.2007],[-94.9846,16.1984],[-94.9749,16.2034]]],[[[-97.4531,25.4178],[-97.4579,25.418],[-97.4533,25.4209],[-97.4531,25.4178]]],[[[-97.4639,25.4156],[-97.4602,25.4196],[-97.4754,25.4129],[-97.4639,25.4156]]],[[[-97.4436,25.4154],[-97.4434,25.4136],[-97.4579,25.4126],[-97.4436,25.4154]]],[[[-97.4768,25.412],[-97.4791,25.4074],[-97.4847,25.408],[-97.4768,25.412]]],[[[-97.4512,25.405],[-97.45,25.402],[-97.463,25.4024],[-97.4512,25.405]]],[[[-97.4185,25.4154],[-97.4286,25.405],[-97.4401,25.403],[-97.4185,25.4154]]],[[[-97.4808,25.3981],[-97.4753,25.4037],[-97.4705,25.4007],[-97.4808,25.3981]]],[[[-97.4373,25.3943],[-97.442,25.3918],[-97.4373,25.3973],[-97.4373,25.3943]]],[[[-97.4904,25.3913],[-97.4901,25.3916],[-97.4846,25.3905],[-97.4904,25.3913]]],[[[-97.4768,25.3912],[-97.4791,25.3863],[-97.4786,25.3919],[-97.4768,25.3912]]],[[[-97.4963,25.3923],[-97.4923,25.3891],[-97.4979,25.3834],[-97.4963,25.3923]]],[[[-97.4606,25.3803],[-97.4631,25.3908],[-97.4558,25.3952],[-97.4606,25.3803]]],[[[-97.4702,25.3865],[-97.4737,25.3836],[-97.4758,25.3877],[-97.4702,25.3865]]],[[[-97.4882,25.3838],[-97.4842,25.3865],[-97.4848,25.3828],[-97.4882,25.3838]]],[[[-97.4499,25.3795],[-97.4499,25.3801],[-97.4452,25.381],[-97.4499,25.3795]]],[[[-97.4716,25.3811],[-97.4695,25.3771],[-97.4769,25.3736],[-97.4716,25.3811]]],[[[-97.493,25.3755],[-97.4908,25.3695],[-97.4926,25.3702],[-97.493,25.3755]]],[[[-97.4893,25.3688],[-97.4897,25.373],[-97.4858,25.3709],[-97.4893,25.3688]]],[[[-97.4829,25.3675],[-97.4833,25.369],[-97.4792,25.3687],[-97.4829,25.3675]]],[[[-97.4424,25.3593],[-97.4424,25.3606],[-97.4304,25.3675],[-97.4424,25.3593]]],[[[-97.48,25.356],[-97.4741,25.3586],[-97.4783,25.3531],[-97.48,25.356]]],[[[-97.4773,25.3369],[-97.4985,25.3492],[-97.4783,25.3488],[-97.4773,25.3369]]],[[[-97.5136,25.3556],[-97.5005,25.3536],[-97.5112,25.3458],[-97.5136,25.3556]]],[[[-97.5263,25.3542],[-97.5249,25.3472],[-97.5314,25.3474],[-97.5263,25.3542]]],[[[-97.5385,25.3541],[-97.5365,25.3508],[-97.5462,25.3434],[-97.5385,25.3541]]],[[[-97.5203,25.3471],[-97.5089,25.3436],[-97.5174,25.3435],[-97.5203,25.3471]]],[[[-97.4031,25.345],[-97.4009,25.3481],[-97.3988,25.3465],[-97.4031,25.345]]],[[[-97.3978,25.3441],[-97.3973,25.3459],[-97.3936,25.3414],[-97.3978,25.3441]]],[[[-97.4117,25.3364],[-97.4084,25.338],[-97.4091,25.3326],[-97.4117,25.3364]]],[[[-97.4,25.3341],[-97.4032,25.3295],[-97.4058,25.3347],[-97.4,25.3341]]],[[[-97.5398,25.3387],[-97.5338,25.3461],[-97.5316,25.3417],[-97.5398,25.3387]]],[[[-97.5012,25.3431],[-97.503,25.3382],[-97.5094,25.3375],[-97.5012,25.3431]]],[[[-97.5379,25.3294],[-97.5329,25.3349],[-97.5301,25.3252],[-97.5379,25.3294]]],[[[-97.5409,25.3256],[-97.5381,25.3276],[-97.5366,25.3248],[-97.5409,25.3256]]],[[[-97.4078,25.3267],[-97.4064,25.3295],[-97.4034,25.3271],[-97.4078,25.3267]]],[[[-97.4274,25.3533],[-97.4228,25.3227],[-97.4457,25.3004],[-97.4331,25.3234],[-97.4274,25.3533]]],[[[-97.4188,25.3115],[-97.4211,25.3372],[-97.4111,25.3223],[-97.4188,25.3115]]],[[[-97.4118,25.3169],[-97.4084,25.3195],[-97.4074,25.3175],[-97.4118,25.3169]]],[[[-97.4401,25.2683],[-97.4367,25.2712],[-97.4356,25.2666],[-97.4401,25.2683]]],[[[-97.4502,25.2533],[-97.4447,25.2583],[-97.4479,25.2451],[-97.4502,25.2533]]],[[[-97.454,25.2401],[-97.4607,25.2282],[-97.4603,25.2319],[-97.454,25.2401]]],[[[-97.4668,25.2208],[-97.4632,25.2246],[-97.4644,25.2208],[-97.4668,25.2208]]],[[[-97.6853,25.3676],[-97.6784,25.3755],[-97.6714,25.3691],[-97.6853,25.3676]]],[[[-97.5306,25.3631],[-97.5218,25.3682],[-97.5229,25.3661],[-97.5306,25.3631]]],[[[-97.5406,25.3664],[-97.5354,25.3646],[-97.5407,25.3625],[-97.5406,25.3664]]],[[[-97.5296,25.3627],[-97.528,25.3607],[-97.5338,25.3603],[-97.5296,25.3627]]],[[[-97.5375,25.3602],[-97.5371,25.3559],[-97.5439,25.3593],[-97.5375,25.3602]]],[[[-97.5308,25.3548],[-97.5292,25.352],[-97.5337,25.3533],[-97.5308,25.3548]]],[[[-97.6394,25.3373],[-97.6412,25.3375],[-97.6425,25.3432],[-97.6394,25.3373]]],[[[-97.6407,25.3251],[-97.6311,25.3251],[-97.6364,25.3227],[-97.6407,25.3251]]],[[[-97.6456,25.3143],[-97.6479,25.3149],[-97.654,25.3207],[-97.6456,25.3143]]],[[[-97.6277,25.3215],[-97.6231,25.307],[-97.6358,25.3082],[-97.6277,25.3215]]],[[[-97.6583,24.994],[-97.6588,24.9817],[-97.6476,24.9902],[-97.6583,24.994]]],[[[-97.6407,24.9837],[-97.6445,24.984],[-97.6463,24.9895],[-97.6407,24.9837]]],[[[-97.6404,24.9838],[-97.6323,24.9749],[-97.6415,24.9823],[-97.6404,24.9838]]],[[[-97.6426,24.9823],[-97.6408,24.9791],[-97.6474,24.9716],[-97.6426,24.9823]]],[[[-97.5681,24.9706],[-97.566,24.9668],[-97.5695,24.97],[-97.5681,24.9706]]],[[[-97.5873,24.9739],[-97.5862,24.9602],[-97.5909,24.9673],[-97.5873,24.9739]]],[[[-97.5774,24.9483],[-97.5739,24.9435],[-97.578,24.9475],[-97.5774,24.9483]]],[[[-97.5845,24.9462],[-97.5822,24.9393],[-97.5856,24.9385],[-97.5845,24.9462]]],[[[-97.6672,24.9573],[-97.6636,24.9561],[-97.6668,24.9554],[-97.6672,24.9573]]],[[[-97.6105,24.9521],[-97.6042,24.9305],[-97.6121,24.9346],[-97.6105,24.9521]]],[[[-97.6142,24.9291],[-97.6102,24.925],[-97.6149,24.9252],[-97.6142,24.9291]]],[[[-97.6032,24.9278],[-97.6089,24.9222],[-97.6114,24.9296],[-97.6032,24.9278]]],[[[-97.6357,24.9269],[-97.6287,24.928],[-97.6274,24.9234],[-97.6357,24.9269]]],[[[-97.6113,24.9174],[-97.6156,24.9185],[-97.6154,24.9238],[-97.6113,24.9174]]],[[[-97.6182,24.9046],[-97.6213,24.9071],[-97.6166,24.9118],[-97.6182,24.9046]]],[[[-97.6872,24.8749],[-97.6652,24.8774],[-97.6966,24.866],[-97.6872,24.8749]]],[[[-97.7263,24.9781],[-97.7262,24.9865],[-97.7235,24.9837],[-97.7263,24.9781]]],[[[-97.7033,25.0016],[-97.6991,24.996],[-97.7017,24.9987],[-97.7033,25.0016]]],[[[-97.6852,24.9922],[-97.6902,24.9902],[-97.6877,24.9941],[-97.6852,24.9922]]],[[[-97.7216,24.8983],[-97.7212,24.8919],[-97.7223,24.8952],[-97.7216,24.8983]]],[[[-97.7201,24.8921],[-97.7189,24.8875],[-97.7224,24.8893],[-97.7201,24.8921]]],[[[-97.7287,24.8852],[-97.7275,24.8882],[-97.7237,24.8848],[-97.7287,24.8852]]],[[[-97.7289,24.8606],[-97.7247,24.8581],[-97.7378,24.8645],[-97.7289,24.8606]]],[[[-97.7274,24.8429],[-97.725,24.8397],[-97.7279,24.839],[-97.7274,24.8429]]],[[[-97.7327,24.8388],[-97.7311,24.8393],[-97.7291,24.8364],[-97.7327,24.8388]]],[[[-97.7172,24.8553],[-97.7242,24.8545],[-97.7189,24.8714],[-97.7172,24.8553]]],[[[-97.6805,24.8541],[-97.7137,24.8429],[-97.7265,24.8527],[-97.7085,24.8459],[-97.6805,24.8541]]],[[[-97.7162,24.8356],[-97.7078,24.8324],[-97.7168,24.8285],[-97.7162,24.8356]]],[[[-97.6923,24.815],[-97.6944,24.8112],[-97.6958,24.8109],[-97.6923,24.815]]],[[[-97.7046,24.7621],[-97.7,24.7648],[-97.7002,24.7603],[-97.7046,24.7621]]],[[[-97.7002,24.7549],[-97.693,24.7585],[-97.694,24.756],[-97.7002,24.7549]]],[[[-97.7106,24.759],[-97.7141,24.753],[-97.7176,24.7578],[-97.7106,24.759]]],[[[-97.7183,24.7471],[-97.713,24.7506],[-97.713,24.7478],[-97.7183,24.7471]]],[[[-97.6893,24.7478],[-97.6846,24.747],[-97.6856,24.7451],[-97.6893,24.7478]]],[[[-97.7183,24.7313],[-97.7106,24.7429],[-97.7083,24.7355],[-97.7183,24.7313]]],[[[-97.6961,24.72],[-97.6909,24.7338],[-97.6885,24.7231],[-97.6961,24.72]]],[[[-97.7166,24.7085],[-97.708,24.7147],[-97.7076,24.7133],[-97.7166,24.7085]]],[[[-97.7176,24.7076],[-97.7161,24.7059],[-97.7227,24.7072],[-97.7168,24.7117],[-97.7176,24.7076]]],[[[-97.6993,24.7047],[-97.6986,24.7119],[-97.6964,24.7011],[-97.6993,24.7047]]],[[[-97.72,24.6673],[-97.7007,24.683],[-97.7042,24.6734],[-97.7093,24.6621],[-97.72,24.6673]]],[[[-97.7047,24.6621],[-97.6978,24.6678],[-97.6974,24.6674],[-97.7047,24.6621]]],[[[-97.7213,24.8328],[-97.7378,24.8264],[-97.738,24.8307],[-97.7213,24.8328]]],[[[-97.7211,24.7613],[-97.7255,24.7626],[-97.7197,24.7637],[-97.7211,24.7613]]],[[[-97.7166,24.5768],[-97.7275,24.5616],[-97.728,24.567],[-97.7166,24.5768]]],[[[-97.8541,24.5135],[-97.8526,24.5181],[-97.8467,24.5158],[-97.8541,24.5135]]],[[[-97.8448,24.5067],[-97.8439,24.5099],[-97.8364,24.5173],[-97.8448,24.5067]]],[[[-97.7932,24.4007],[-97.7878,24.4032],[-97.7875,24.4015],[-97.7932,24.4007]]],[[[-97.8168,24.4022],[-97.8163,24.4015],[-97.8158,24.3981],[-97.8168,24.4022]]],[[[-97.8038,24.3513],[-97.8012,24.3542],[-97.7984,24.3426],[-97.8038,24.3513]]],[[[-97.6988,24.4713],[-97.7012,24.4752],[-97.6969,24.4761],[-97.6988,24.4713]]],[[[-97.7068,24.4041],[-97.7057,24.4015],[-97.7039,24.3963],[-97.7068,24.4041]]],[[[-97.7117,24.3621],[-97.7147,24.3505],[-97.6868,24.4691],[-97.6966,24.4746],[-97.6801,24.4778],[-97.7104,24.2792],[-97.7176,24.279],[-97.705,24.3598],[-97.7117,24.3621]]],[[[-97.707,24.36],[-97.7058,24.3571],[-97.7086,24.3555],[-97.707,24.36]]],[[[-97.7239,24.3444],[-97.7191,24.3565],[-97.7217,24.3342],[-97.7239,24.3444]]],[[[-97.715,24.3483],[-97.7136,24.3471],[-97.7144,24.3392],[-97.715,24.3483]]],[[[-97.72,24.3284],[-97.7201,24.3192],[-97.7212,24.3216],[-97.72,24.3284]]],[[[-97.72,24.281],[-97.7193,24.2984],[-97.7169,24.3015],[-97.72,24.281]]],[[[-97.7322,24.2943],[-97.7268,24.295],[-97.7329,24.2889],[-97.7322,24.2943]]],[[[-97.7366,24.2852],[-97.741,24.284],[-97.7409,24.2906],[-97.7366,24.2852]]],[[[-97.7508,24.276],[-97.7462,24.2894],[-97.7439,24.2668],[-97.7508,24.276]]],[[[-97.7502,24.2706],[-97.7483,24.2623],[-97.7541,24.2547],[-97.7502,24.2706]]],[[[-97.7395,24.2285],[-97.7198,24.2776],[-97.739,24.221],[-97.7395,24.2285]]],[[[-97.732,24.1751],[-97.7267,24.1777],[-97.7313,24.1643],[-97.732,24.1751]]],[[[-97.7366,24.1291],[-97.7373,24.1155],[-97.743,24.0993],[-97.7448,24.1085],[-97.7366,24.1291]]],[[[-97.7504,24.1033],[-97.7545,24.0994],[-97.7488,24.1148],[-97.7504,24.1033]]],[[[-97.7604,24.0987],[-97.7598,24.1065],[-97.7553,24.1086],[-97.7604,24.0987]]],[[[-97.7543,24.0859],[-97.7508,24.0879],[-97.7567,24.0679],[-97.7543,24.0859]]],[[[-97.7707,23.9677],[-97.769,23.9749],[-97.7647,23.9696],[-97.7707,23.9677]]],[[[-97.7711,23.948],[-97.7624,23.9508],[-97.7649,23.9462],[-97.7711,23.948]]],[[[-97.7563,23.9187],[-97.7514,23.9306],[-97.7452,23.9229],[-97.7563,23.9187]]],[[[-97.7631,23.8852],[-97.7661,23.9016],[-97.7624,23.8838],[-97.7631,23.8852]]],[[[-97.7527,23.8632],[-97.7468,23.8658],[-97.7513,23.862],[-97.7527,23.8632]]],[[[-97.7613,23.8185],[-97.7672,23.822],[-97.7628,23.8317],[-97.7613,23.8185]]],[[[-97.7577,23.8093],[-97.7577,23.8125],[-97.7546,23.8113],[-97.7577,23.8093]]],[[[-97.8392,22.6811],[-97.8463,22.6832],[-97.8459,22.6859],[-97.8392,22.6811]]],[[[-97.8475,22.6773],[-97.8482,22.6787],[-97.8426,22.6786],[-97.8475,22.6773]]],[[[-97.8591,22.6246],[-97.8666,22.6236],[-97.8597,22.6269],[-97.8591,22.6246]]],[[[-97.6582,24.8168],[-97.6611,24.8186],[-97.6587,24.8286],[-97.6582,24.8168]]],[[[-97.6853,24.8157],[-97.6732,24.818],[-97.6839,24.8157],[-97.6853,24.8157]]],[[[-97.6699,24.8104],[-97.6723,24.8101],[-97.6647,24.82],[-97.6699,24.8104]]],[[[-97.6056,24.8039],[-97.6094,24.7987],[-97.6101,24.7993],[-97.6056,24.8039]]],[[[-97.6143,24.7869],[-97.6108,24.789],[-97.6091,24.7876],[-97.6143,24.7869]]],[[[-97.6732,24.7433],[-97.669,24.7593],[-97.6608,24.7508],[-97.6732,24.7433]]],[[[-97.648,24.7114],[-97.6425,24.7156],[-97.6526,24.6942],[-97.648,24.7114]]],[[[-97.6358,24.6928],[-97.6365,24.6973],[-97.6323,24.702],[-97.6358,24.6928]]],[[[-97.7007,24.6545],[-97.6986,24.6571],[-97.7043,24.6472],[-97.7007,24.6545]]],[[[-97.7095,24.6305],[-97.71,24.6321],[-97.7058,24.6461],[-97.7095,24.6305]]],[[[-97.6957,24.6073],[-97.6791,24.6052],[-97.701,24.6029],[-97.6957,24.6073]]],[[[-97.7149,24.5834],[-97.7123,24.589],[-97.7076,24.5902],[-97.7149,24.5834]]],[[[-97.6891,24.4775],[-97.5915,24.8338],[-97.604,24.8442],[-97.5906,24.8446],[-97.584,24.8427],[-97.6792,24.48],[-97.6891,24.4775]]],[[[-97.7007,21.8744],[-97.6666,21.7963],[-97.6026,21.7234],[-97.6761,21.7729],[-97.7007,21.8744]]],[[[-97.635,21.7905],[-97.6587,21.8031],[-97.6536,21.806],[-97.635,21.7905]]],[[[-97.6285,21.7617],[-97.6128,21.7589],[-97.6201,21.7586],[-97.6285,21.7617]]],[[[-97.5286,25.3204],[-97.5306,25.3093],[-97.5409,25.3196],[-97.5286,25.3204]]],[[[-97.5926,25.3087],[-97.5964,25.3094],[-97.5899,25.3107],[-97.5926,25.3087]]],[[[-97.5178,25.2888],[-97.5001,25.3068],[-97.4784,25.3248],[-97.501,25.2868],[-97.5105,25.2846],[-97.5178,25.2888]]],[[[-97.6,25.2844],[-97.5956,25.2852],[-97.5961,25.2823],[-97.6,25.2844]]],[[[-97.6018,25.3042],[-97.603,25.3023],[-97.6197,25.3009],[-97.6018,25.3042]]],[[[-97.6425,25.2612],[-97.6375,25.2676],[-97.6027,25.2766],[-97.6425,25.2612]]],[[[-97.6965,25.2253],[-97.6636,25.2577],[-97.6929,25.2271],[-97.6965,25.2253]]],[[[-97.6111,24.9937],[-97.6086,24.9917],[-97.6116,24.9893],[-97.6111,24.9937]]],[[[-97.5293,25.088],[-97.5385,25.0744],[-97.537,25.0852],[-97.5293,25.088]]],[[[-97.5304,25.0039],[-97.5227,25.0506],[-97.517,25.0405],[-97.5304,25.0039]]],[[[-97.5426,25.0051],[-97.5381,25.0042],[-97.5434,25.0015],[-97.5426,25.0051]]],[[[-97.544,25.0001],[-97.5412,25.0002],[-97.5439,24.9969],[-97.544,25.0001]]],[[[-97.6919,25.0038],[-97.6881,24.9989],[-97.6964,25.0017],[-97.6919,25.0038]]],[[[-97.4678,25.2163],[-97.47,25.2098],[-97.4721,25.2136],[-97.4678,25.2163]]],[[[-97.4781,25.1976],[-97.4826,25.1944],[-97.4746,25.2054],[-97.4781,25.1976]]],[[[-97.4865,25.1764],[-97.4855,25.1821],[-97.4834,25.1782],[-97.4865,25.1764]]],[[[-97.497,25.1622],[-97.4843,25.1923],[-97.4928,25.1652],[-97.497,25.1622]]],[[[-97.4958,25.1415],[-97.4971,25.1366],[-97.4995,25.1421],[-97.4958,25.1415]]],[[[-97.5065,25.1352],[-97.5051,25.1405],[-97.5043,25.1374],[-97.5065,25.1352]]],[[[-97.5088,25.1235],[-97.5061,25.133],[-97.5033,25.1258],[-97.5088,25.1235]]],[[[-97.5239,25.1003],[-97.5282,25.0942],[-97.5292,25.0948],[-97.5239,25.1003]]],[[[-97.4963,25.1507],[-97.4943,25.1466],[-97.4982,25.1488],[-97.4963,25.1507]]],[[[-97.5163,25.0424],[-97.4501,25.2385],[-97.4247,25.2336],[-97.5163,25.0424]]],[[[-97.4871,21.4295],[-97.4008,21.4803],[-97.4682,21.3634],[-97.4871,21.4295]]],[[[-97.4518,21.3691],[-97.4543,21.3559],[-97.4581,21.3639],[-97.4518,21.3691]]],[[[-97.583,24.8448],[-97.5824,24.9065],[-97.5313,25.0011],[-97.583,24.8448]]],[[[-97.59,21.7114],[-97.5916,21.7056],[-97.6073,21.7149],[-97.59,21.7114]]],[[[-97.3446,21.5874],[-97.3298,21.5167],[-97.4344,21.2603],[-97.4493,21.3522],[-97.3801,21.4766],[-97.3835,21.5308],[-97.6213,21.78],[-97.7051,21.9696],[-97.5642,21.7706],[-97.3446,21.5874]]],[[[-97.4903,21.5496],[-97.5107,21.5524],[-97.5297,21.5816],[-97.489,21.5768],[-97.5183,21.5765],[-97.4903,21.5496]]],[[[-97.3786,25.3601],[-97.3857,25.3614],[-97.3874,25.3632],[-97.3786,25.3601]]],[[[-97.3911,25.3564],[-97.3897,25.352],[-97.3949,25.353],[-97.3911,25.3564]]],[[[-97.4199,25.3525],[-97.4238,25.3491],[-97.422,25.3554],[-97.4199,25.3525]]],[[[-97.3946,25.3493],[-97.3929,25.347],[-97.3967,25.3482],[-97.3946,25.3493]]],[[[-97.427,25.3169],[-97.4316,25.308],[-97.4312,25.3128],[-97.427,25.3169]]],[[[-97.4338,25.2813],[-97.4331,25.2781],[-97.4359,25.2801],[-97.4338,25.2813]]],[[[-97.229,21.4684],[-97.2283,21.4719],[-97.2226,21.4755],[-97.229,21.4684]]],[[[-91.9658,20.2016],[-91.9627,20.2049],[-91.9613,20.2019],[-91.9658,20.2016]]],[[[-91.9537,18.5915],[-91.9589,18.5925],[-91.9546,18.5952],[-91.9537,18.5915]]],[[[-92.0553,18.5858],[-92.0666,18.582],[-92.0556,18.5948],[-92.0553,18.5858]]],[[[-92.058,18.5706],[-92.0745,18.5677],[-92.0456,18.5781],[-92.058,18.5706]]],[[[-92.003,18.5482],[-92.0013,18.5606],[-91.9923,18.5376],[-92.003,18.5482]]],[[[-92.0248,18.5302],[-92.0259,18.5334],[-92.0218,18.5322],[-92.0248,18.5302]]],[[[-91.9604,18.5271],[-91.9695,18.5238],[-91.987,18.5327],[-91.9604,18.5271]]],[[[-91.779,18.4859],[-91.7901,18.4682],[-91.7922,18.492],[-91.779,18.4859]]],[[[-94.4609,18.0387],[-94.4633,18.0325],[-94.4594,18.0485],[-94.4609,18.0387]]],[[[-87.2096,21.5199],[-87.3531,21.5439],[-87.3349,21.564],[-87.2129,21.5445],[-87.1131,21.5975],[-87.2096,21.5199]]],[[[-86.79,20.5563],[-86.7234,20.5906],[-86.7955,20.463],[-86.9884,20.272],[-87.017,20.2994],[-87.0169,20.4122],[-86.9251,20.5523],[-86.79,20.5563]]],[[[-89.8436,21.2457],[-89.9187,21.22],[-89.967,21.1805],[-90.0476,21.1595],[-89.8978,21.2321],[-89.8436,21.2457]]],[[[-90.049,21.1621],[-90.3212,21.0123],[-90.4142,20.7756],[-90.3456,20.9952],[-90.315,21.0255],[-90.1447,21.1288],[-90.0931,21.1558],[-90.049,21.1621]]],[[[-90.5005,20.4689],[-90.4888,20.4654],[-90.4984,20.454],[-90.5005,20.4689]]],[[[-90.4855,20.2043],[-90.4868,20.2117],[-90.4838,20.2115],[-90.4855,20.2043]]],[[[-91.3313,18.9071],[-91.3237,18.908],[-91.3474,18.8939],[-91.3313,18.9071]]],[[[-91.4215,18.8645],[-91.3938,18.8916],[-91.1845,18.9943],[-91.4055,18.8798],[-91.4725,18.7826],[-91.498,18.7818],[-91.4215,18.8645]]],[[[-91.3792,18.8665],[-91.3712,18.8714],[-91.3714,18.8696],[-91.3792,18.8665]]],[[[-91.5551,18.7179],[-91.5638,18.724],[-91.5288,18.7375],[-91.5551,18.7179]]],[[[-91.8529,18.6536],[-91.5338,18.7799],[-91.5096,18.7526],[-91.5485,18.7672],[-91.5422,18.7422],[-91.6253,18.731],[-91.5944,18.7183],[-91.6628,18.664],[-91.692,18.6977],[-91.7669,18.6384],[-91.8263,18.6279],[-91.8529,18.6536]]],[[[-91.6944,18.6607],[-91.6939,18.677],[-91.6905,18.6764],[-91.6944,18.6607]]],[[[-91.691,18.6359],[-91.6746,18.6591],[-91.6589,18.6615],[-91.6609,18.6517],[-91.691,18.6359]]],[[[-91.2956,18.6167],[-91.2932,18.609],[-91.2961,18.6068],[-91.2956,18.6167]]],[[[-110.8017,19.335],[-110.7999,19.2991],[-110.8185,19.3016],[-110.8017,19.335]]],[[[-110.92,18.7324],[-111.0556,18.781],[-110.9884,18.8662],[-110.9077,18.7786],[-110.92,18.7324]]],[[[-114.6807,18.3621],[-114.6966,18.3453],[-114.7601,18.346],[-114.7382,18.3724],[-114.6807,18.3621]]],[[[-117.1242,32.5343],[-114.7199,32.7187],[-114.8105,32.6223],[-114.813,32.5574],[-114.7915,32.5564],[-114.8136,32.494],[-111.075,31.3324],[-108.2085,31.3334],[-108.2085,31.7837],[-106.4509,31.7643],[-106.3496,31.6967],[-106.2067,31.4663],[-105.954,31.3649],[-105.773,31.1668],[-105.6044,31.0837],[-105.5572,30.9897],[-105.4,30.8893],[-105.3999,30.852],[-105.2576,30.7941],[-105.215,30.8059],[-105.0618,30.6859],[-105.0066,30.6861],[-104.9717,30.6102],[-104.9226,30.6037],[-104.8666,30.4943],[-104.8595,30.3903],[-104.8166,30.3754],[-104.8116,30.3328],[-104.7063,30.2349],[-104.68,29.9208],[-104.5659,29.7714],[-104.5083,29.6325],[-104.3375,29.5197],[-104.2138,29.4847],[-104.1673,29.3946],[-104.0377,29.3198],[-103.7839,29.2655],[-103.7819,29.2267],[-103.7185,29.1808],[-103.5536,29.158],[-103.4326,29.0434],[-103.3607,29.0182],[-103.3304,29.0431],[-103.2852,28.9766],[-103.116,28.9846],[-103.1006,29.0607],[-103.0335,29.1013],[-102.9958,29.1793],[-102.9507,29.1736],[-102.8677,29.2234],[-102.9064,29.26],[-102.8842,29.3479],[-102.8127,29.3994],[-102.8334,29.4105],[-102.8086,29.5229],[-102.674,29.7446],[-102.6306,29.7341],[-102.5687,29.7715],[-102.5482,29.7447],[-102.487,29.7866],[-102.3876,29.7612],[-102.3645,29.8456],[-102.3156,29.88],[-102.0729,29.7864],[-101.9765,29.8159],[-101.9291,29.7827],[-101.8526,29.8079],[-101.8238,29.7874],[-101.8181,29.8117],[-101.8048,29.7802],[-101.645,29.7542],[-101.5747,29.7698],[-101.5445,29.8121],[-101.5362,29.7581],[-101.4619,29.79],[-101.4475,29.7499],[-101.4022,29.7718],[-101.4161,29.7465],[-101.3612,29.6493],[-101.3038,29.6531],[-101.3074,29.5802],[-101.2486,29.6234],[-101.2568,29.5223],[-101.0599,29.4586],[-101.0099,29.3683],[-100.8138,29.2636],[-100.7726,29.1684],[-100.6746,29.1004],[-100.6409,28.9149],[-100.5352,28.8052],[-100.5005,28.662],[-100.3987,28.5853],[-100.3885,28.5153],[-100.3339,28.4993],[-100.3684,28.4764],[-100.292,28.2763],[-100.221,28.2329],[-100.2086,28.1909],[-100.0844,28.1448],[-99.9904,27.9935],[-99.9314,27.9806],[-99.8763,27.7976],[-99.8133,27.7745],[-99.7105,27.6577],[-99.596,27.6397],[-99.5137,27.5695],[-99.5281,27.4982],[-99.4787,27.4794],[-99.5042,27.3392],[-99.5381,27.3168],[-99.4417,27.2502],[-99.4458,27.0216],[-99.2681,26.8422],[-99.2088,26.7248],[-99.171,26.5417],[-99.1044,26.4993],[-99.1137,26.4329],[-99.0845,26.398],[-98.9739,26.4012],[-98.9436,26.3694],[-98.9263,26.3944],[-98.8965,26.3532],[-98.8055,26.3681],[-98.6701,26.2367],[-98.6229,26.2599],[-98.4818,26.2009],[-98.4446,26.2244],[-98.3865,26.1577],[-98.3359,26.1662],[-98.3058,26.1032],[-98.2664,26.1209],[-98.2882,26.1045],[-98.1949,26.0534],[-98.0804,26.0712],[-98.0765,26.0363],[-98.0277,26.067],[-97.8616,26.0702],[-97.7614,26.0257],[-97.6626,26.0382],[-97.5679,25.9524],[-97.583,25.933],[-97.5372,25.9307],[-97.5211,25.8861],[-97.4554,25.884],[-97.4244,25.8404],[-97.4096,25.8623],[-97.3731,25.8398],[-97.3749,25.9083],[-97.2767,25.9352],[-97.285,25.9591],[-97.1492,25.9526],[-97.1814,25.6823],[-97.4208,25.2365],[-97.4459,25.25],[-97.3757,25.3589],[-97.3834,25.3716],[-97.4013,25.3686],[-97.4219,25.3371],[-97.4088,25.3743],[-97.4213,25.378],[-97.4499,25.356],[-97.3926,25.4054],[-97.4092,25.4241],[-97.4529,25.4219],[-97.445,25.4497],[-97.459,25.4237],[-97.4727,25.4275],[-97.501,25.3907],[-97.4875,25.3524],[-97.5127,25.3697],[-97.5371,25.3745],[-97.5451,25.3682],[-97.551,25.3121],[-97.5289,25.3003],[-97.5224,25.3158],[-97.53,25.2918],[-97.54,25.2838],[-97.5679,25.2862],[-97.5723,25.332],[-97.6095,25.3077],[-97.6049,25.3265],[-97.6369,25.3329],[-97.6164,25.3713],[-97.6943,25.3798],[-97.7224,25.3596],[-97.7086,25.3105],[-97.6911,25.3385],[-97.7223,25.2551],[-97.775,25.2879],[-97.7956,25.2595],[-97.8426,25.2657],[-97.7048,25.2395],[-97.7069,25.1978],[-97.67,25.1706],[-97.745,25.0357],[-97.7158,25.0133],[-97.7636,24.9624],[-97.7331,24.9784],[-97.6306,24.9212],[-97.7093,24.8571],[-97.7165,24.9029],[-97.7187,24.8941],[-97.721,24.9016],[-97.7284,24.905],[-97.7465,24.9013],[-97.7219,24.8725],[-97.7382,24.8684],[-97.7506,24.8576],[-97.7329,24.8545],[-97.7581,24.8512],[-97.7318,24.8447],[-97.752,24.8323],[-97.7089,24.809],[-97.7701,24.77],[-97.7164,24.7868],[-97.7364,24.7664],[-97.715,24.7716],[-97.7317,24.7615],[-97.7178,24.7586],[-97.7294,24.6966],[-97.7195,24.699],[-97.762,24.6877],[-97.7668,24.6707],[-97.7095,24.6873],[-97.7329,24.6715],[-97.7468,24.6504],[-97.7086,24.6605],[-97.7193,24.6139],[-97.7053,24.6071],[-97.7417,24.5927],[-97.7425,24.4863],[-97.7723,24.5011],[-97.7731,24.5766],[-97.8121,24.5492],[-97.8385,24.569],[-97.8419,24.5318],[-97.8619,24.5597],[-97.8686,24.5227],[-97.843,24.4952],[-97.8141,24.5149],[-97.8571,24.4645],[-97.8342,24.4184],[-97.7955,24.414],[-97.792,24.4095],[-97.8357,24.4137],[-97.7998,24.2994],[-97.7783,24.4186],[-97.7913,24.4133],[-97.746,24.4497],[-97.7904,24.0671],[-97.7716,23.7882],[-97.7468,23.7854],[-97.7377,23.9664],[-97.7517,23.9455],[-97.7109,24.2762],[-97.7691,23.3726],[-97.7662,22.8947],[-97.7763,22.8408],[-97.7885,22.7925],[-97.8376,22.6731],[-97.7843,22.8104],[-97.7671,22.8928],[-97.7677,22.9457],[-97.8028,22.779],[-97.893,22.6434],[-97.8634,22.5458],[-97.8557,22.6506],[-97.8413,22.6774],[-97.8503,22.493],[-97.8922,22.4924],[-97.8844,22.4663],[-97.857,22.4852],[-97.8211,22.3277],[-97.7731,22.267],[-97.7869,22.1719],[-97.7061,21.9706],[-97.7765,22.1154],[-97.7809,22.0998],[-97.7173,21.9532],[-97.7229,21.8307],[-97.6803,21.6619],[-97.5754,21.4686],[-97.5127,21.4775],[-97.4909,21.452],[-97.4892,21.3446],[-97.4368,21.2575],[-97.4186,21.2589],[-97.1654,20.6417],[-96.4496,19.8492],[-96.3778,19.5712],[-96.3127,19.4791],[-96.3024,19.3337],[-96.1235,19.2138],[-96.0853,19.0795],[-95.9782,19.0653],[-95.9051,18.8635],[-95.7502,18.7954],[-95.7551,18.7699],[-95.7426,18.7908],[-95.603,18.7248],[-95.1889,18.7097],[-95.0797,18.6419],[-95.034,18.5724],[-94.8163,18.5382],[-94.7349,18.3919],[-94.6232,18.2872],[-94.5969,18.1928],[-94.5003,18.152],[-94.4155,18.1662],[-94.4331,18.0959],[-94.4183,18.0611],[-94.4512,18.0564],[-94.4619,18.0478],[-94.4662,18.0392],[-94.4643,18.0273],[-94.4491,18.0147],[-94.4536,18.0494],[-94.416,18.0562],[-94.4103,18.136],[-94.389,18.1267],[-94.4125,18.1665],[-94.1294,18.2114],[-93.4297,18.4288],[-92.8855,18.4464],[-92.773,18.5046],[-92.6903,18.6183],[-92.3763,18.668],[-91.9524,18.6934],[-91.8559,18.6117],[-91.8831,18.563],[-91.8859,18.5866],[-91.9313,18.5725],[-91.9356,18.6164],[-91.9718,18.5826],[-92.0028,18.5977],[-91.9733,18.5754],[-92.0046,18.5652],[-92.0101,18.5526],[-92.0152,18.5753],[-92.0283,18.5864],[-92.0544,18.5838],[-92.0351,18.6123],[-92.1189,18.6169],[-92.14,18.5876],[-92.1616,18.6166],[-92.2152,18.6015],[-92.23,18.5518],[-92.2596,18.5468],[-92.2833,18.5358],[-92.2895,18.5266],[-92.3142,18.531],[-92.3,18.4945],[-92.2592,18.5457],[-92.1658,18.5462],[-92.0763,18.5891],[-92.1013,18.5687],[-92.073,18.5455],[-92.0325,18.5848],[-92.0137,18.5607],[-92.0659,18.5083],[-92.0107,18.5369],[-91.9761,18.4684],[-91.9791,18.5111],[-91.944,18.5312],[-91.9614,18.581],[-91.7933,18.4943],[-91.8383,18.4236],[-91.8039,18.427],[-91.7882,18.3752],[-91.7502,18.3796],[-91.7181,18.3425],[-91.7091,18.34],[-91.7034,18.3437],[-91.6984,18.3331],[-91.6921,18.3343],[-91.7947,18.4476],[-91.744,18.4384],[-91.7787,18.4849],[-91.5397,18.4432],[-91.4877,18.4991],[-91.3123,18.5556],[-91.2963,18.6067],[-91.24,18.6118],[-91.2269,18.6364],[-91.2881,18.6256],[-91.2186,18.7487],[-91.2916,18.7965],[-91.3275,18.7666],[-91.392,18.8046],[-91.3664,18.8631],[-91.3431,18.8602],[-91.3132,18.8766],[-91.3628,18.8773],[-91.0952,19.0224],[-91.1854,18.9963],[-90.9013,19.1819],[-90.7227,19.3581],[-90.6856,19.6238],[-90.7125,19.6718],[-90.6612,19.7587],[-90.5086,19.8667],[-90.4473,19.9603],[-90.4911,20.0614],[-90.4773,20.1842],[-90.4966,20.341],[-90.4793,20.412],[-90.4961,20.4543],[-90.4749,20.4706],[-90.5026,20.4728],[-90.4539,20.703],[-90.4136,20.753],[-90.323,20.964],[-90.2487,21.0445],[-89.8774,21.2092],[-89.701,21.2293],[-89.669,21.2424],[-89.661,21.258],[-89.6949,21.2553],[-89.7043,21.261],[-89.6623,21.2756],[-89.7002,21.2838],[-88.8404,21.3977],[-88.6388,21.4666],[-88.6347,21.4984],[-88.6933,21.4549],[-88.6188,21.5209],[-88.4009,21.5647],[-88.2689,21.5555],[-88.1147,21.6124],[-88.0877,21.5948],[-87.9546,21.556],[-87.8381,21.5596],[-87.7707,21.5038],[-87.5903,21.494],[-87.7461,21.5208],[-87.86,21.5704],[-87.9175,21.5894],[-88.0155,21.5843],[-88.1145,21.6195],[-88.1772,21.6131],[-88.1453,21.6234],[-87.9574,21.6086],[-87.7397,21.5303],[-87.4884,21.4845],[-87.4745,21.4571],[-87.2227,21.4158],[-87.2161,21.4428],[-87.1687,21.4207],[-87.1855,21.4428],[-87.1116,21.4713],[-87.0991,21.5327],[-87.1287,21.554],[-87.0854,21.5894],[-86.974,21.51],[-86.976,21.5475],[-86.9539,21.4892],[-86.8891,21.4075],[-86.8511,21.2546],[-86.8237,21.244],[-86.8369,21.2724],[-86.7926,21.3447],[-86.8272,21.4141],[-86.7956,21.3858],[-86.7953,21.4091],[-86.7911,21.3454],[-86.8163,21.2832],[-86.8068,21.1787],[-86.7407,21.1352],[-86.8892,20.8278],[-87.0986,20.5928],[-87.2815,20.4471],[-87.4233,20.2263],[-87.4779,20.0782],[-87.4785,20.0064],[-87.436,19.927],[-87.4298,19.8861],[-87.4696,19.7803],[-87.487,19.801],[-87.4312,19.8883],[-87.4674,19.9451],[-87.4594,19.8584],[-87.4975,19.807],[-87.5408,19.8162],[-87.5786,19.7904],[-87.6673,19.616],[-87.689,19.6264],[-87.6603,19.6342],[-87.6499,19.6886],[-87.7418,19.6701],[-87.744,19.59],[-87.6671,19.5489],[-87.6931,19.4809],[-87.6505,19.505],[-87.6149,19.5524],[-87.5504,19.566],[-87.5356,19.5376],[-87.5079,19.5461],[-87.5045,19.5898],[-87.4506,19.5995],[-87.4546,19.6478],[-87.4102,19.5981],[-87.4404,19.4695],[-87.5283,19.3941],[-87.5561,19.3916],[-87.5652,19.3969],[-87.5411,19.4001],[-87.5355,19.429],[-87.6289,19.3887],[-87.6663,19.3461],[-87.6641,19.3331],[-87.6737,19.3315],[-87.6572,19.3159],[-87.6494,19.3417],[-87.6565,19.3029],[-87.6846,19.316],[-87.6599,19.2677],[-87.7029,19.2275],[-87.6383,19.1772],[-87.556,19.296],[-87.4892,19.3263],[-87.511,19.2558],[-87.4564,19.3126],[-87.4655,19.3256],[-87.4454,19.3119],[-87.5366,19.2099],[-87.5491,19.0862],[-87.7137,18.7052],[-87.7637,18.4185],[-87.8223,18.3261],[-87.842,18.2134],[-87.8697,18.2143],[-87.8578,18.2459],[-87.8984,18.2198],[-87.862,18.3247],[-87.8948,18.278],[-87.8785,18.35],[-87.9387,18.393],[-87.9339,18.4387],[-88.0743,18.4793],[-87.9974,18.667],[-88.0125,18.7564],[-87.9745,18.7798],[-88.0142,18.7688],[-88.013,18.8011],[-88.0472,18.8117],[-88.0267,18.8901],[-88.0412,18.8883],[-88.1062,18.8199],[-88.1419,18.7248],[-88.1391,18.7961],[-88.2033,18.7109],[-88.2021,18.6811],[-88.1529,18.7079],[-88.2857,18.4941],[-88.4758,18.4942],[-88.5194,18.4611],[-88.6045,18.2408],[-88.6941,18.187],[-88.7165,18.0608],[-88.769,18.0313],[-88.8603,17.8941],[-88.9448,17.9591],[-88.9872,17.9473],[-89.0373,18.0048],[-89.134,17.9711],[-89.1519,17.8156],[-90.9877,17.8153],[-90.9873,17.2513],[-91.4396,17.2479],[-91.3491,17.1597],[-91.3244,17.1831],[-91.2664,17.1701],[-91.2669,17.1079],[-91.1753,17.0157],[-91.1228,17.0034],[-91.0656,16.9029],[-90.9878,16.8631],[-90.965,16.9015],[-90.9741,16.8636],[-90.9336,16.8593],[-90.9218,16.8219],[-90.8041,16.7983],[-90.7122,16.7251],[-90.6585,16.6406],[-90.6671,16.5818],[-90.6263,16.578],[-90.6461,16.518],[-90.6067,16.5019],[-90.6314,16.4779],[-90.5461,16.4829],[-90.48,16.461],[-90.4855,16.423],[-90.389,16.4126],[-90.3715,16.366],[-90.4121,16.362],[-90.3827,16.3396],[-90.4398,16.3045],[-90.424,16.2594],[-90.4562,16.2495],[-90.4293,16.2348],[-90.4582,16.2071],[-90.426,16.1639],[-90.4576,16.0948],[-90.4263,16.0988],[-90.4422,16.0738],[-91.7316,16.0739],[-92.2105,15.2606],[-92.0593,15.0708],[-92.1505,14.9894],[-92.1362,14.8916],[-92.1848,14.8283],[-92.1472,14.6587],[-92.2283,14.5311],[-93.3166,15.5801],[-93.7832,15.9173],[-94.2636,16.1201],[-94.5504,16.1934],[-94.9274,16.2081],[-94.8862,16.2224],[-95.1478,16.1878],[-95.3523,16.0806],[-95.3682,16.0208],[-95.4357,15.9771],[-95.9613,15.8268],[-96.1192,15.7671],[-96.2386,15.6822],[-96.427,15.6962],[-96.5574,15.6569],[-96.8608,15.7397],[-97.2169,15.9247],[-97.7853,15.981],[-98.2065,16.2298],[-98.5497,16.3135],[-98.773,16.5549],[-98.9071,16.5347],[-99.3329,16.6584],[-99.6548,16.6954],[-99.8451,16.7843],[-99.837,16.8057],[-99.8765,16.8145],[-99.8621,16.8551],[-99.9157,16.8278],[-99.9912,16.9101],[-101.0611,17.266],[-101.0567,17.3076],[-101.2036,17.427],[-101.4571,17.5258],[-101.4436,17.5639],[-101.4907,17.611],[-101.6492,17.6646],[-101.6672,17.734],[-101.7476,17.7932],[-101.7852,17.866],[-101.9596,17.9652],[-102.0975,17.9834],[-102.1917,17.9155],[-102.4793,18.0168],[-102.7591,18.0699],[-103.0312,18.1881],[-103.3616,18.2647],[-103.5083,18.3423],[-103.5831,18.5059],[-103.7119,18.597],[-103.6852,18.625],[-103.708,18.6608],[-103.9832,18.8726],[-104.3318,19.0175],[-104.3039,19.0718],[-104.358,19.1167],[-104.4416,19.0842],[-104.4894,19.1246],[-104.6936,19.1736],[-104.6857,19.2071],[-104.7327,19.2394],[-104.8085,19.2326],[-104.8035,19.3016],[-104.873,19.2761],[-105.0319,19.3875],[-105.0196,19.4208],[-105.0731,19.4711],[-105.089,19.5605],[-105.2644,19.6793],[-105.5496,20.0946],[-105.5539,20.2233],[-105.6562,20.3177],[-105.695,20.4092],[-105.6143,20.4716],[-105.3168,20.5118],[-105.245,20.5817],[-105.2341,20.6364],[-105.3438,20.7578],[-105.412,20.7352],[-105.5394,20.7708],[-105.4886,20.7953],[-105.3131,21.0349],[-105.2726,21.0236],[-105.2388,21.0564],[-105.2164,21.205],[-105.2479,21.3474],[-105.1876,21.4583],[-105.2288,21.5244],[-105.2652,21.5119],[-105.441,21.6265],[-105.482,21.7081],[-105.4551,21.6877],[-105.4554,21.692],[-105.4541,21.6911],[-105.4535,21.6911],[-105.4532,21.6901],[-105.4529,21.69],[-105.4528,21.6899],[-105.4517,21.6908],[-105.4514,21.6927],[-105.4499,21.694],[-105.6418,21.9866],[-105.6417,22.1809],[-105.5312,22.0881],[-105.4804,22.078],[-105.4689,22.1279],[-105.5583,22.186],[-105.5349,22.1253],[-105.5739,22.1607],[-105.5689,22.216],[-105.6016,22.1929],[-105.614,22.2143],[-105.6365,22.3765],[-105.6292,22.3836],[-105.6336,22.3788],[-105.6334,22.3757],[-105.6143,22.3688],[-105.6019,22.375],[-105.6138,22.3693],[-105.614,22.3795],[-105.6289,22.3839],[-105.6422,22.379],[-105.6372,22.4073],[-105.6498,22.4228],[-105.6389,22.4524],[-105.6468,22.4629],[-105.6656,22.4713],[-105.6541,22.4933],[-105.6685,22.504],[-105.6574,22.5166],[-105.6441,22.5184],[-105.638,22.5229],[-105.6805,22.5722],[-105.6634,22.5857],[-105.6519,22.6347],[-105.7175,22.6778],[-105.6603,22.7114],[-105.6771,22.7125],[-105.7035,22.7348],[-105.71,22.7468],[-105.713,22.7482],[-105.7388,22.7222],[-105.7213,22.6613],[-105.7111,22.6599],[-105.7054,22.6359],[-105.685,22.6186],[-105.7076,22.5592],[-105.6977,22.4746],[-105.865,22.7024],[-106.3427,23.1413],[-106.4293,23.1763],[-106.422,23.2168],[-106.4938,23.3041],[-106.4845,23.3328],[-106.6972,23.5719],[-106.8105,23.6524],[-106.7952,23.6814],[-106.8911,23.8392],[-107.1911,24.0918],[-107.1728,24.0987],[-107.176,24.0915],[-107.1171,24.0398],[-107.0113,23.9545],[-106.988,23.9441],[-107.1649,24.0999],[-107.044,24.0316],[-107.1519,24.1097],[-107.1333,24.1561],[-107.1562,24.1434],[-107.2132,24.1882],[-107.1805,24.1176],[-107.3329,24.2281],[-107.2267,24.163],[-107.2906,24.2095],[-107.282,24.2417],[-107.3135,24.2237],[-107.353,24.269],[-107.4217,24.2504],[-107.8135,24.4991],[-107.8216,24.5145],[-107.5776,24.3881],[-107.5589,24.3553],[-107.4754,24.2988],[-107.4592,24.3263],[-107.4818,24.3278],[-107.5582,24.387],[-107.4889,24.3483],[-107.4836,24.3577],[-107.4848,24.3806],[-107.5127,24.3704],[-107.4742,24.3948],[-107.5376,24.5122],[-107.5188,24.5352],[-107.6134,24.5166],[-107.593,24.4747],[-107.6385,24.4646],[-107.6583,24.476],[-107.6358,24.4785],[-107.635,24.4934],[-107.7348,24.5083],[-107.7537,24.5452],[-107.7312,24.5608],[-107.764,24.5887],[-107.8059,24.5932],[-107.7908,24.5652],[-107.8598,24.608],[-107.8445,24.6268],[-107.9259,24.6267],[-107.9958,24.7012],[-107.9828,24.6461],[-107.9575,24.6486],[-107.8079,24.536],[-107.8217,24.5276],[-108.0019,24.6562],[-108.07,24.7848],[-107.9561,24.7065],[-107.9577,24.7277],[-107.9219,24.7207],[-107.9651,24.7743],[-107.9106,24.7735],[-107.9006,24.8069],[-107.9791,24.8268],[-107.9304,24.8628],[-107.9401,24.9187],[-107.9803,24.8887],[-107.9616,24.9091],[-107.9951,24.951],[-107.9697,24.9737],[-108.0386,24.9989],[-107.9956,25.0874],[-108.038,25.0614],[-108.1283,25.1219],[-108.1645,25.1081],[-108.2381,25.1959],[-108.2834,25.2101],[-108.3286,25.3027],[-108.3687,25.2923],[-108.3568,25.3309],[-108.4302,25.2805],[-108.3733,25.2201],[-108.3878,25.1854],[-108.5349,25.2982],[-108.5028,25.3139],[-108.5362,25.3466],[-108.6449,25.3713],[-108.6504,25.4079],[-108.74,25.4647],[-108.7008,25.4928],[-108.6806,25.5401],[-108.7146,25.5208],[-108.7373,25.4725],[-108.7792,25.5076],[-108.7518,25.5203],[-108.7749,25.5465],[-108.8281,25.5547],[-108.8187,25.5268],[-108.8646,25.5808],[-108.9077,25.5591],[-108.8866,25.5045],[-108.916,25.4625],[-108.9385,25.4522],[-108.9627,25.4791],[-108.944,25.4993],[-108.9777,25.5099],[-109.054,25.4841],[-109.0424,25.4627],[-109.1186,25.5469],[-109.0766,25.5199],[-109.0733,25.5497],[-109.0584,25.5128],[-109.0707,25.5572],[-109.0507,25.5336],[-109.0255,25.5533],[-109.0622,25.5685],[-109.0457,25.5928],[-109.0149,25.5601],[-108.9905,25.5749],[-108.9865,25.5363],[-108.9684,25.6121],[-108.914,25.6337],[-108.9363,25.6758],[-109.0159,25.6578],[-109.0655,25.5778],[-109.0714,25.6326],[-109.0952,25.6246],[-109.0866,25.6057],[-109.1023,25.5843],[-109.1146,25.5815],[-109.1014,25.6287],[-109.1425,25.6202],[-109.1488,25.6838],[-109.2268,25.7023],[-109.2482,25.7498],[-109.2657,25.6977],[-109.2334,25.6472],[-109.2955,25.6552],[-109.2796,25.7479],[-109.3068,25.7796],[-109.3152,25.7531],[-109.3236,25.7976],[-109.3421,25.7669],[-109.3295,25.7987],[-109.3456,25.7736],[-109.4148,25.8217],[-109.3957,25.8266],[-109.3936,25.8308],[-109.3974,25.8976],[-109.4223,25.9245],[-109.3964,25.9329],[-109.4326,25.9405],[-109.4159,25.9588],[-109.3886,25.9513],[-109.3776,25.9513],[-109.3748,25.9582],[-109.4157,25.9602],[-109.4292,25.9455],[-109.434,25.9986],[-109.4156,25.983],[-109.394,25.9988],[-109.4318,26.0024],[-109.417,26.0381],[-109.407,26.057],[-109.4159,26.0383],[-109.3959,26.0288],[-109.4032,26.0345],[-109.3974,26.043],[-109.3973,26.0484],[-109.4017,26.0597],[-109.3759,26.0567],[-109.3997,26.069],[-109.3602,26.1161],[-109.3291,26.0821],[-109.325,26.1329],[-109.3395,26.1374],[-109.3478,26.1209],[-109.3608,26.1165],[-109.3743,26.1014],[-109.2881,26.2776],[-109.2482,26.3158],[-109.3023,26.1335],[-109.2813,26.1341],[-109.2705,26.216],[-109.2531,26.2006],[-109.2222,26.2601],[-109.2118,26.3422],[-109.2092,26.3237],[-109.2025,26.3446],[-109.1571,26.3055],[-109.1803,26.2489],[-109.1142,26.2135],[-109.1229,26.1718],[-109.092,26.2864],[-109.1353,26.2962],[-109.135,26.3443],[-109.1567,26.3377],[-109.1829,26.3961],[-109.2079,26.4097],[-109.1911,26.3575],[-109.2366,26.3998],[-109.2337,26.4572],[-109.2577,26.4763],[-109.248,26.3858],[-109.2597,26.3212],[-109.2685,26.5032],[-109.4008,26.6516],[-109.4848,26.6826],[-109.4285,26.6697],[-109.4358,26.7161],[-109.4832,26.7444],[-109.5084,26.722],[-109.5238,26.7564],[-109.5561,26.7172],[-109.5089,26.7044],[-109.5843,26.7013],[-109.5858,26.7321],[-109.6009,26.7121],[-109.5843,26.7007],[-109.5647,26.6996],[-109.557,26.6903],[-109.4932,26.6784],[-109.4941,26.671],[-109.6629,26.7027],[-109.6683,26.6736],[-109.8161,26.7484],[-109.9466,26.9974],[-109.8881,26.9302],[-109.8852,26.9836],[-109.9189,26.9959],[-109.8906,27.0],[-109.9164,27.0624],[-109.9716,27.1068],[-110.0502,27.129],[-110.037,27.105],[-110.0699,27.1011],[-110.0541,27.0767],[-110.1456,27.1176],[-110.1081,27.136],[-110.1804,27.1238],[-110.2511,27.1695],[-110.2738,27.1433],[-110.4323,27.2673],[-110.522,27.2904],[-110.4438,27.3017],[-110.4815,27.3254],[-110.4799,27.3745],[-110.5365,27.3728],[-110.525,27.3749],[-110.5075,27.4],[-110.5205,27.4177],[-110.5013,27.4152],[-110.522,27.475],[-110.5742,27.4873],[-110.5905,27.442],[-110.59,27.527],[-110.5511,27.4842],[-110.5425,27.5023],[-110.6019,27.5704],[-110.5863,27.6135],[-110.6131,27.5934],[-110.5957,27.6233],[-110.6237,27.6224],[-110.6169,27.6567],[-110.6152,27.6533],[-110.6089,27.6524],[-110.5997,27.6573],[-110.5953,27.6481],[-110.5613,27.6662],[-110.5936,27.7039],[-110.5474,27.7334],[-110.6125,27.7706],[-110.5508,27.7846],[-110.5479,27.8114],[-110.5682,27.8015],[-110.5706,27.7887],[-110.5938,27.8011],[-110.5361,27.8188],[-110.5908,27.818],[-110.5255,27.8306],[-110.5126,27.8603],[-110.6551,27.9052],[-110.609,27.858],[-110.727,27.9084],[-110.8531,27.9123],[-110.7882,27.9201],[-110.8484,27.985],[-110.8696,27.9693],[-110.8364,27.9534],[-110.907,27.8974],[-110.8558,27.8999],[-110.8839,27.8395],[-110.9506,27.8687],[-110.9719,27.9728],[-111.0578,27.9377],[-111.064,27.9581],[-111.0601,27.9275],[-111.1055,27.9363],[-111.0997,27.9615],[-111.255,28.0542],[-111.389,28.2692],[-111.4571,28.3158],[-111.4574,28.3574],[-111.3699,28.372],[-111.4541,28.3822],[-111.4581,28.3607],[-111.7104,28.4578],[-111.7716,28.6036],[-111.9521,28.7591],[-111.9107,28.7772],[-111.9341,28.8145],[-112.0309,28.8592],[-112.1016,28.9551],[-112.1721,28.9686],[-112.1506,28.9939],[-112.1882,29.0727],[-112.1653,29.1142],[-112.2298,29.1785],[-112.209,29.2425],[-112.2322,29.3057],[-112.3004,29.33],[-112.3355,29.2919],[-112.41,29.3444],[-112.3807,29.4866],[-112.5805,29.7117],[-112.6656,29.8913],[-112.7475,29.9153],[-112.7618,30.2021],[-112.8182,30.2641],[-112.8648,30.2683],[-112.8669,30.4179],[-112.9872,30.5286],[-113.0853,30.681],[-113.1274,30.8119],[-113.095,30.9688],[-113.1265,31.0576],[-113.0843,30.9807],[-113.0481,31.0999],[-113.1033,31.2023],[-113.6241,31.3276],[-113.644,31.3434],[-113.6108,31.3412],[-113.6093,31.368],[-113.6549,31.4959],[-113.8505,31.6053],[-113.8744,31.5886],[-113.871,31.6156],[-113.9159,31.6351],[-113.9128,31.6088],[-113.9541,31.6132],[-113.9737,31.6599],[-113.9779,31.5846],[-113.9976,31.5946],[-114.0028,31.5894],[-113.962,31.5611],[-113.986,31.5303],[-114.0305,31.5394],[-114.0213,31.5609],[-114.1014,31.5148],[-114.0467,31.5255],[-114.0511,31.492],[-114.0383,31.4914],[-114.151,31.494],[-114.4504,31.6493],[-114.5964,31.7633],[-114.6895,31.7618],[-114.7596,31.8187],[-114.804,31.8208],[-114.8094,31.7914],[-114.8221,31.8085],[-114.8172,31.7234],[-114.7836,31.6312],[-114.8562,31.5193],[-114.8776,31.2834],[-114.8918,31.2891],[-114.9024,31.287],[-114.9321,31.3275],[-114.9427,31.3245],[-114.9042,31.2863],[-114.8878,31.2853],[-114.882,31.2697],[-114.8892,31.143],[-114.8143,31.0521],[-114.8328,30.9994],[-114.7102,30.9068],[-114.6992,30.6336],[-114.6297,30.4839],[-114.668,30.1929],[-114.5341,29.9682],[-114.4135,29.891],[-114.3864,29.7774],[-114.3305,29.7427],[-114.2801,29.7723],[-114.2073,29.7434],[-113.6377,29.2835],[-113.6473,29.1765],[-113.5388,29.0581],[-113.563,29.0071],[-113.5263,28.8932],[-113.4793,28.8943],[-113.4798,28.9475],[-113.4376,28.9593],[-113.4168,28.9241],[-113.3832,28.9359],[-113.3543,28.7997],[-113.3101,28.7951],[-113.2597,28.8407],[-113.2208,28.8249],[-113.1303,28.6365],[-113.1043,28.5058],[-113.016,28.4576],[-112.9031,28.4751],[-112.8667,28.4253],[-112.8465,28.4407],[-112.8733,28.283],[-112.7865,28.1959],[-112.8033,28.0215],[-112.763,27.9982],[-112.7705,27.8604],[-112.7198,27.8256],[-112.7012,27.7516],[-112.5957,27.6508],[-112.3594,27.5523],[-112.3028,27.3851],[-112.195,27.2502],[-112.2181,27.2068],[-112.1082,27.1345],[-111.9535,27.0963],[-112.0146,26.9736],[-111.8725,26.8317],[-111.8614,26.7841],[-111.9091,26.7196],[-111.7665,26.5492],[-111.7342,26.5392],[-111.6769,26.5885],[-111.8143,26.7158],[-111.8511,26.8794],[-111.8215,26.8961],[-111.5615,26.6968],[-111.5554,26.5506],[-111.4421,26.5181],[-111.4689,26.4124],[-111.3865,26.3218],[-111.3914,26.2256],[-111.3237,26.1003],[-111.3585,25.9618],[-111.3062,25.7733],[-111.2242,25.7255],[-111.1936,25.6136],[-111.1218,25.5285],[-111.0166,25.5147],[-111.0249,25.4436],[-110.9329,25.2915],[-110.9075,25.1459],[-110.8168,25.0351],[-110.7572,25.014],[-110.6852,24.8838],[-110.6572,24.806],[-110.7289,24.669],[-110.738,24.5502],[-110.6871,24.4627],[-110.6815,24.3579],[-110.6119,24.2564],[-110.5334,24.2025],[-110.3244,24.1763],[-110.3709,24.149],[-110.4335,24.1709],[-110.3904,24.1],[-110.3025,24.1804],[-110.3343,24.3286],[-110.2337,24.3439],[-110.1746,24.2525],[-110.0082,24.1597],[-109.9842,24.0438],[-109.9299,24.029],[-109.8269,24.0608],[-109.8043,24.0215],[-109.8376,23.933],[-109.6995,23.7987],[-109.6966,23.662],[-109.4684,23.5548],[-109.4799,23.5206],[-109.4132,23.3869],[-109.4586,23.1961],[-109.5326,23.1118],[-109.6772,23.0637],[-109.7129,23.0059],[-109.8945,22.8759],[-109.9639,22.8721],[-110.0618,22.9499],[-110.1697,23.3205],[-110.3292,23.5604],[-110.6127,23.7086],[-111.0311,24.0998],[-111.4378,24.3261],[-111.3498,24.2857],[-111.4072,24.3222],[-111.478,24.3492],[-111.5553,24.4165],[-111.552,24.4675],[-111.5669,24.4152],[-111.6189,24.4731],[-111.6373,24.5587],[-111.6978,24.5879],[-111.7002,24.5383],[-111.7443,24.5749],[-111.7366,24.55],[-111.7941,24.5459],[-111.8081,24.5649],[-111.7699,24.5709],[-111.8178,24.6141],[-111.816,24.5499],[-111.7949,24.5212],[-111.816,24.5068],[-111.8391,24.6337],[-111.9705,24.7845],[-111.9607,24.8005],[-111.9838,24.8153],[-111.9869,24.864],[-111.9984,24.8802],[-112.0057,24.8184],[-111.976,24.7537],[-111.9483,24.7535],[-111.9656,24.7376],[-111.9857,24.7386],[-112.0078,24.7638],[-111.9858,24.7379],[-112.03,24.7358],[-112.018,24.7415],[-112.0278,24.8008],[-112.0515,24.8303],[-112.0223,24.8165],[-112.026,24.8386],[-112.0403,24.8502],[-112.0613,24.8153],[-112.0406,24.7526],[-112.0783,24.728],[-112.0538,24.7578],[-112.1198,24.8662],[-112.0775,24.907],[-112.1109,24.9344],[-112.0731,24.9312],[-112.1074,24.9555],[-112.0837,24.9599],[-112.0949,25.008],[-112.1146,25.0188],[-112.1187,25.0129],[-112.1472,24.873],[-112.1658,24.9544],[-112.1404,24.963],[-112.1017,25.1137],[-112.1295,25.1069],[-112.1254,25.0765],[-112.1332,25.0751],[-112.1413,25.1274],[-112.1164,25.1558],[-112.1302,25.1832],[-112.0614,25.1746],[-112.1246,25.192],[-112.0816,25.225],[-112.0762,25.2592],[-112.0622,25.2552],[-112.0694,25.3844],[-112.0876,25.3799],[-112.0656,25.426],[-112.0668,25.4498],[-112.075,25.4549],[-112.0191,25.4735],[-111.9789,25.5061],[-112.0698,25.4775],[-112.0613,25.6498],[-112.0735,25.7243],[-112.1909,25.9844],[-112.3085,26.0718],[-112.3384,26.1674],[-112.4078,26.2444],[-112.4651,26.2619],[-112.4979,26.2316],[-112.6339,26.3204],[-112.6798,26.3148],[-112.9624,26.5286],[-112.8196,26.4465],[-112.857,26.4987],[-113.0574,26.5933],[-113.0817,26.6344],[-113.0555,26.6047],[-113.0723,26.637],[-113.0489,26.6391],[-113.1502,26.7534],[-113.1267,26.7979],[-113.1467,26.8025],[-113.1532,26.7901],[-113.1685,26.7967],[-113.186,26.7561],[-113.2428,26.7845],[-113.195,26.7926],[-113.1381,26.858],[-113.1641,26.9927],[-113.2042,26.8509],[-113.2539,26.8446],[-113.2904,26.786],[-113.264,26.7844],[-113.2663,26.7543],[-113.458,26.8054],[-113.3882,26.817],[-113.454,26.8316],[-113.5475,26.7198],[-113.5765,26.7053],[-113.6085,26.7144],[-113.639,26.7305],[-113.7015,26.7902],[-113.6367,26.7334],[-113.5777,26.7127],[-113.6858,26.7948],[-113.7351,26.8005],[-113.785,26.9164],[-113.8536,26.9708],[-113.949,26.9992],[-114.0025,26.9711],[-114.1588,27.1295],[-114.2624,27.1518],[-114.2966,27.1229],[-114.382,27.1795],[-114.4341,27.1766],[-114.4339,27.2089],[-114.4878,27.2292],[-114.5136,27.4169],[-114.7378,27.5244],[-114.7946,27.616],[-114.8739,27.6433],[-114.8472,27.6482],[-114.8611,27.6916],[-114.9076,27.6654],[-115.0254,27.7405],[-115.0827,27.8477],[-115.0551,27.8616],[-115.0089,27.8287],[-114.4999,27.7722],[-114.3498,27.8137],[-114.3447,27.8424],[-114.3911,27.8235],[-114.3156,27.8731],[-114.2935,27.8591],[-114.3227,27.821],[-114.2988,27.7477],[-114.1606,27.6721],[-114.1092,27.6034],[-114.0436,27.6726],[-114.0382,27.6688],[-114.0321,27.669],[-114.03,27.6719],[-114.0844,27.679],[-114.0648,27.6908],[-113.9557,27.6561],[-113.9179,27.7077],[-113.9422,27.7494],[-114.0289,27.7412],[-114.0712,27.8121],[-114.0491,27.7164],[-114.121,27.7105],[-114.1846,27.7517],[-114.1493,27.7499],[-114.1788,27.8226],[-114.1295,27.888],[-114.152,27.899],[-114.132,27.8968],[-114.1573,27.9014],[-114.1884,27.9204],[-114.1292,27.8973],[-114.1204,27.947],[-114.1095,27.921],[-114.0774,27.9722],[-114.0832,27.9778],[-114.091,28.01],[-114.1193,28.0159],[-114.1194,28.0368],[-114.107,28.0305],[-114.0899,28.0089],[-114.0758,27.9718],[-114.035,28.041],[-114.0954,28.0549],[-114.11,28.1196],[-114.0589,28.21],[-114.0761,28.1137],[-114.0355,28.0725],[-114.0562,28.1742],[-114.0336,28.184],[-114.0622,28.2581],[-114.1248,28.2562],[-114.0451,28.4637],[-114.0945,28.5442],[-114.1613,28.5694],[-114.1776,28.6539],[-114.2696,28.6601],[-114.283,28.7046],[-114.3468,28.7308],[-114.4139,28.8763],[-114.598,28.9754],[-114.5901,29.0248],[-114.6302,29.0933],[-114.7153,29.1103],[-114.7441,29.1823],[-114.8125,29.2136],[-114.9665,29.3746],[-115.1885,29.4278],[-115.2533,29.5165],[-115.3783,29.5582],[-115.458,29.6252],[-115.5057,29.6171],[-115.6991,29.7549],[-115.7019,29.9],[-115.7426,29.9478],[-115.8126,29.9496],[-115.7813,30.0917],[-115.8114,30.2998],[-115.9021,30.3947],[-115.9871,30.3888],[-115.9397,30.4127],[-115.9333,30.4579],[-115.9884,30.514],[-115.9572,30.4382],[-116.0262,30.454],[-115.979,30.3644],[-116.0056,30.3642],[-116.0477,30.4729],[-116.0281,30.6682],[-116.0592,30.7988],[-116.1765,30.863],[-116.2697,30.9671],[-116.3302,30.9596],[-116.3087,31.1471],[-116.3639,31.2482],[-116.5218,31.4347],[-116.6014,31.4626],[-116.691,31.5542],[-116.6517,31.5824],[-116.6499,31.6648],[-116.7441,31.7435],[-116.6627,31.7187],[-116.6194,31.775],[-116.6518,31.7196],[-116.6261,31.6954],[-116.6119,31.84],[-116.7478,31.903],[-116.77,31.9717],[-116.831,31.9773],[-116.8868,32.0328],[-116.9234,32.2278],[-117.0393,32.2855],[-117.1209,32.4691],[-117.1242,32.5343]]]]},"properties":{"country":"MX"}},{"type":"Feature","geometry":{"type":"MultiPolygon","coordinates":[[[[-61.2018,13.3713],[-61.1327,13.3707],[-61.1186,13.33],[-61.1148,13.2401],[-61.1681,13.1236],[-61.2287,13.1394],[-61.2788,13.2025],[-61.2018,13.3713]]],[[[-61.2056,13.0485],[-61.2302,12.9875],[-61.2868,12.9897],[-61.2056,13.0485]]],[[[-61.1666,12.8857],[-61.1832,12.8557],[-61.1907,12.8835],[-61.1666,12.8857]]],[[[-61.3329,12.7375],[-61.3082,12.7186],[-61.3433,12.6928],[-61.3548,12.704],[-61.3264,12.7062],[-61.3329,12.7375]]],[[[-61.4369,12.5788],[-61.4409,12.6156],[-61.408,12.6016],[-61.4369,12.5788]]]]},"properties":{"country":"VC"}},{"type":"Feature","geometry":{"type":"MultiPolygon","coordinates":[[[[-91.9986,1.6749],[-92.0076,1.6746],[-92.0079,1.6808],[-91.9986,1.6749]]],[[[-91.8259,1.3908],[-91.8114,1.381],[-91.8232,1.3749],[-91.8259,1.3908]]],[[[-90.7801,0.5527],[-90.7905,0.6061],[-90.7814,0.6421],[-90.7198,0.5571],[-90.7801,0.5527]]],[[[-90.4292,0.2894],[-90.5021,0.2866],[-90.5409,0.353],[-90.4616,0.3856],[-90.4006,0.3216],[-90.4292,0.2894]]],[[[-90.8197,-0.3271],[-90.8682,-0.2453],[-90.7904,-0.1449],[-90.6071,-0.2165],[-90.5464,-0.3185],[-90.5986,-0.3754],[-90.8197,-0.3271]]],[[[-90.5481,-0.2891],[-90.5517,-0.2801],[-90.5404,-0.283],[-90.5481,-0.2891]]],[[[-91.4246,-0.4932],[-91.6116,-0.4782],[-91.6609,-0.3128],[-91.4449,-0.2629],[-91.3854,-0.3349],[-91.3877,-0.4563],[-91.4246,-0.4932]]],[[[-90.7059,-0.4003],[-90.7054,-0.4276],[-90.7205,-0.4141],[-90.7059,-0.4003]]],[[[-91.4882,-0.8474],[-91.3203,-0.6916],[-91.2164,-0.6684],[-91.1705,-0.6886],[-91.0719,-0.6164],[-91.213,-0.4883],[-91.2258,-0.3929],[-91.3319,-0.3362],[-91.388,-0.2606],[-91.4187,-0.0311],[-91.473,-0.0157],[-91.5614,-0.0538],[-91.5939,-0.0117],[-91.5214,0.0357],[-91.4899,0.0982],[-91.337,0.1621],[-91.2893,0.0614],[-91.1989,-0.0226],[-91.1758,-0.223],[-90.9485,-0.4268],[-90.9498,-0.546],[-90.9807,-0.5788],[-90.9351,-0.6281],[-90.894,-0.6078],[-90.84,-0.6834],[-90.8548,-0.7045],[-90.7809,-0.7657],[-90.8249,-0.7907],[-90.8496,-0.9153],[-91.1658,-1.053],[-91.4409,-1.0005],[-91.4471,-0.9564],[-91.5119,-0.908],[-91.4882,-0.8474]]],[[[-90.8086,-0.8477],[-90.8137,-0.8502],[-90.8117,-0.8459],[-90.8086,-0.8477]]],[[[-90.5666,-0.3483],[-90.5661,-0.353],[-90.5685,-0.3502],[-90.5666,-0.3483]]],[[[-90.5831,-0.3721],[-90.5841,-0.3677],[-90.5808,-0.3685],[-90.5831,-0.3721]]],[[[-90.3694,-0.4215],[-90.3747,-0.422],[-90.3722,-0.4188],[-90.3694,-0.4215]]],[[[-90.5349,-0.5619],[-90.5389,-0.5574],[-90.5342,-0.5601],[-90.5349,-0.5619]]],[[[-90.7984,-0.8507],[-90.8011,-0.8465],[-90.796,-0.8483],[-90.7984,-0.8507]]],[[[-90.7742,-0.8676],[-90.7775,-0.8595],[-90.7718,-0.8654],[-90.7742,-0.8676]]],[[[-90.9593,-0.9726],[-90.9606,-0.9738],[-90.9615,-0.9675],[-90.9593,-0.9726]]],[[[-90.8752,-1.0105],[-90.8746,-1.0074],[-90.8619,-1.0164],[-90.8752,-1.0105]]],[[[-90.2907,-0.3902],[-90.2765,-0.3904],[-90.2925,-0.4005],[-90.2907,-0.3902]]],[[[-90.2941,-0.4845],[-90.2766,-0.411],[-90.2475,-0.4633],[-90.2941,-0.4845]]],[[[-90.1689,-0.5816],[-90.1591,-0.5837],[-90.1657,-0.5839],[-90.1689,-0.5816]]],[[[-90.0905,-0.8264],[-90.0878,-0.7988],[-90.0324,-0.8079],[-90.0312,-0.8384],[-90.0905,-0.8264]]],[[[-90.6461,-0.6039],[-90.6572,-0.6345],[-90.6843,-0.6221],[-90.6834,-0.5926],[-90.6461,-0.6039]]],[[[-90.4492,-0.7489],[-90.5353,-0.6962],[-90.5501,-0.6296],[-90.5131,-0.5318],[-90.2503,-0.4823],[-90.169,-0.5726],[-90.1988,-0.6986],[-90.3123,-0.7673],[-90.4492,-0.7489]]],[[[-90.4932,-1.3435],[-90.4789,-1.2328],[-90.4257,-1.2203],[-90.3523,-1.277],[-90.4303,-1.3583],[-90.4932,-1.3435]]],[[[-90.3345,-1.305],[-90.3389,-1.3076],[-90.3403,-1.3064],[-90.3345,-1.305]]],[[[-89.6273,-0.9193],[-89.5411,-0.8176],[-89.4824,-0.8198],[-89.464,-0.7592],[-89.3519,-0.685],[-89.2436,-0.7121],[-89.4368,-0.9347],[-89.5234,-0.9559],[-89.6045,-0.9357],[-89.6273,-0.9193]]],[[[-90.2899,-1.3307],[-90.2967,-1.3385],[-90.2935,-1.3288],[-90.2899,-1.3307]]],[[[-78.8831,1.4467],[-78.8489,1.4382],[-78.8751,1.4223],[-78.8845,1.3778],[-78.8831,1.4467]]],[[[-78.8635,1.3941],[-78.8567,1.4024],[-78.8626,1.4043],[-78.8591,1.4105],[-78.8634,1.4133],[-78.8502,1.4287],[-78.8516,1.4347],[-78.839,1.4115],[-78.8448,1.3809],[-78.8678,1.3751],[-78.8595,1.3845],[-78.859,1.3868],[-78.8627,1.3912],[-78.8618,1.3917],[-78.8617,1.3924],[-78.8635,1.3941]]],[[[-78.8616,1.3125],[-78.843,1.3236],[-78.8785,1.3146],[-78.8718,1.3537],[-78.8402,1.3737],[-78.8582,1.3395],[-78.8507,1.3348],[-78.8341,1.3381],[-78.8285,1.3111],[-78.8616,1.3125]]],[[[-79.7954,-2.5304],[-79.8422,-2.45],[-79.8331,-2.4086],[-79.807,-2.4402],[-79.7954,-2.5304]]],[[[-79.9388,-2.3539],[-79.9447,-2.3262],[-79.917,-2.3168],[-79.9126,-2.3507],[-79.923,-2.3542],[-79.9241,-2.3629],[-79.9198,-2.3684],[-79.9388,-2.3539]]],[[[-79.9518,-2.2506],[-79.9403,-2.2895],[-79.9283,-2.3013],[-79.9715,-2.307],[-79.958,-2.2893],[-79.9775,-2.2547],[-79.957,-2.2337],[-79.9308,-2.2472],[-79.9518,-2.2506]]],[[[-79.9884,-2.2842],[-79.9649,-2.2905],[-79.9768,-2.3062],[-79.9602,-2.3226],[-79.9769,-2.3338],[-79.9884,-2.2842]]],[[[-79.9999,-2.3629],[-79.9933,-2.3748],[-79.9929,-2.3772],[-79.9698,-2.3928],[-80.0077,-2.4023],[-80.0059,-2.4253],[-80.0146,-2.414],[-79.9999,-2.3629]]],[[[-80.0854,-2.4734],[-80.0755,-2.4556],[-80.0881,-2.4449],[-80.0647,-2.3924],[-80.0481,-2.4113],[-80.0854,-2.4734]]],[[[-79.9382,-2.4265],[-79.9977,-2.436],[-79.9978,-2.4155],[-80.0071,-2.4082],[-79.9641,-2.4183],[-79.9342,-2.4105],[-79.9382,-2.4265]]],[[[-79.9611,-2.4354],[-79.9877,-2.4561],[-80.0362,-2.5002],[-80.0249,-2.4302],[-80.0001,-2.4381],[-79.9611,-2.4354]]],[[[-79.9324,-2.4654],[-79.9471,-2.5103],[-79.9977,-2.4692],[-79.9662,-2.4625],[-79.9591,-2.4357],[-79.9324,-2.4654]]],[[[-79.9973,-2.5419],[-79.9464,-2.5538],[-79.9412,-2.5851],[-79.9289,-2.5973],[-79.9955,-2.5968],[-79.9935,-2.5857],[-80.0004,-2.5717],[-79.9777,-2.5946],[-79.9502,-2.594],[-79.9801,-2.5917],[-79.9552,-2.5577],[-79.9844,-2.5465],[-80.0048,-2.5723],[-79.9993,-2.5933],[-80.0684,-2.5908],[-80.0248,-2.5497],[-80.0162,-2.5086],[-79.9811,-2.4909],[-79.9973,-2.5419]]],[[[-79.6984,-2.5586],[-79.728,-2.5445],[-79.7281,-2.507],[-79.6933,-2.5247],[-79.6984,-2.5586]]],[[[-79.6963,-2.5582],[-79.6907,-2.5251],[-79.7024,-2.5136],[-79.6894,-2.5094],[-79.6792,-2.5563],[-79.7216,-2.5669],[-79.6963,-2.5582]]],[[[-79.9009,-2.4857],[-79.9325,-2.4866],[-79.9289,-2.4761],[-79.8855,-2.4724],[-79.8824,-2.4634],[-79.8869,-2.4877],[-79.8991,-2.4846],[-79.9009,-2.4857]]],[[[-79.9014,-2.5239],[-79.9025,-2.5523],[-79.9189,-2.5773],[-79.9173,-2.5911],[-79.942,-2.565],[-79.9192,-2.5562],[-79.9174,-2.537],[-79.9326,-2.5572],[-79.9822,-2.5218],[-79.9434,-2.5181],[-79.9306,-2.4872],[-79.8893,-2.5068],[-79.9014,-2.5239]]],[[[-79.8368,-2.6547],[-79.8891,-2.6467],[-79.8479,-2.4703],[-79.8164,-2.5496],[-79.8368,-2.6547]]],[[[-79.7318,-2.5845],[-79.7681,-2.6357],[-79.7707,-2.624],[-79.7735,-2.6183],[-79.7964,-2.5948],[-79.779,-2.5368],[-79.7349,-2.5238],[-79.734,-2.58],[-79.7461,-2.5564],[-79.7694,-2.5596],[-79.7318,-2.5845]]],[[[-79.7925,-2.6027],[-79.772,-2.6226],[-79.7853,-2.6436],[-79.801,-2.6353],[-79.7925,-2.6027]]],[[[-80.0364,0.4023],[-80.0005,0.3914],[-80.0023,0.3623],[-80.0195,0.3709],[-80.0364,0.4023]]],[[[-80.0624,-2.6789],[-79.9026,-2.7387],[-79.9102,-2.7751],[-80.0388,-2.8396],[-80.0296,-2.8597],[-80.1119,-2.8227],[-80.1573,-2.8473],[-80.1489,-2.8697],[-80.1688,-2.8479],[-80.1697,-2.8625],[-80.1425,-2.8764],[-80.1715,-2.8728],[-80.174,-2.8948],[-80.1598,-2.8849],[-80.1671,-2.8952],[-80.1443,-2.8894],[-80.1393,-2.8787],[-80.1316,-2.8938],[-80.1515,-2.8972],[-80.1158,-2.9078],[-80.1401,-2.953],[-80.0941,-2.9488],[-80.123,-3.0194],[-80.1621,-3.0184],[-80.1307,-2.9999],[-80.1382,-3.0012],[-80.1358,-2.9915],[-80.1421,-2.9855],[-80.1473,-2.9834],[-80.1562,-3.0127],[-80.1761,-2.9978],[-80.1947,-2.9948],[-80.2042,-3.0],[-80.1642,-3.0089],[-80.1793,-3.038],[-80.2627,-3.0227],[-80.2626,-2.862],[-80.2209,-2.7387],[-80.0624,-2.6789]]],[[[-80.0148,-2.6312],[-79.9872,-2.6011],[-79.9618,-2.6129],[-80.0148,-2.6312]]],[[[-80.0,-2.6436],[-79.9654,-2.6211],[-79.9585,-2.6087],[-79.9393,-2.6132],[-79.938,-2.6564],[-80.0,-2.6436]]],[[[-80.0457,-2.8831],[-80.0779,-2.8992],[-80.0599,-2.8852],[-80.0715,-2.87],[-80.0791,-2.899],[-80.0832,-2.8707],[-80.0842,-2.8986],[-80.1115,-2.8767],[-80.0839,-2.838],[-80.0457,-2.8831]]],[[[-80.0659,-3.2875],[-80.0424,-3.2227],[-80.029,-3.2095],[-80.0114,-3.262],[-80.0659,-3.2875]]],[[[-80.0284,-3.2828],[-80.0394,-3.3381],[-80.0446,-3.334],[-80.0505,-3.3394],[-80.0539,-3.3314],[-80.111,-3.3267],[-80.0284,-3.2828]]],[[[-80.079,-3.3873],[-80.0708,-3.3764],[-80.0716,-3.376],[-80.0733,-3.3775],[-80.0738,-3.3718],[-80.0645,-3.374],[-80.0696,-3.3644],[-80.0599,-3.367],[-80.0562,-3.3643],[-80.0585,-3.3555],[-80.0922,-3.3348],[-80.0524,-3.3461],[-80.0449,-3.3346],[-80.0329,-3.3633],[-80.0651,-3.397],[-80.087,-3.4014],[-80.0802,-3.378],[-80.1,-3.3697],[-80.0726,-3.3559],[-80.079,-3.3873]]],[[[-80.0185,-3.4064],[-80.0327,-3.3965],[-80.0417,-3.3917],[-80.0584,-3.3925],[-80.0341,-3.3712],[-80.0361,-3.3869],[-80.0192,-3.3986],[-80.0276,-3.358],[-79.9995,-3.3877],[-80.0082,-3.392],[-80.0136,-3.4104],[-80.0185,-3.4064]]],[[[-80.1704,-3.3628],[-80.1201,-3.3332],[-80.1285,-3.3738],[-80.1704,-3.3628]]],[[[-80.2813,-3.3731],[-80.2586,-3.3942],[-80.2564,-3.3951],[-80.2512,-3.394],[-80.2388,-3.4147],[-80.3066,-3.3839],[-80.266,-3.3192],[-80.2836,-3.3498],[-80.2813,-3.3731]]],[[[-80.2086,-3.3518],[-80.1658,-3.3418],[-80.1887,-3.3695],[-80.1979,-3.401],[-80.2086,-3.3518]]],[[[-80.2435,-3.358],[-80.2017,-3.4045],[-80.1651,-3.4171],[-80.2288,-3.418],[-80.2302,-3.3958],[-80.2624,-3.3579],[-80.2574,-3.3455],[-80.2644,-3.3541],[-80.2502,-3.333],[-80.2435,-3.358]]],[[[-80.1919,-3.3894],[-80.182,-3.39],[-80.1281,-3.3755],[-80.0974,-3.3392],[-80.1045,-3.3904],[-80.0837,-3.3799],[-80.0965,-3.3969],[-80.0687,-3.4156],[-80.1197,-3.3815],[-80.1092,-3.4064],[-80.1431,-3.3929],[-80.1557,-3.4181],[-80.1618,-3.4043],[-80.1919,-3.3894]]],[[[-78.8043,1.4268],[-78.6172,1.2472],[-78.5448,1.2445],[-78.5163,1.1875],[-78.432,1.1894],[-78.4294,1.1396],[-78.3111,1.1912],[-78.2508,1.0993],[-78.2818,1.056],[-78.2062,1.002],[-78.1853,0.9378],[-78.1122,0.9323],[-77.9362,0.8164],[-77.8427,0.8022],[-77.7138,0.8509],[-77.6648,0.8178],[-77.6979,0.7416],[-77.666,0.7051],[-77.5619,0.6501],[-77.4804,0.6562],[-77.5276,0.4001],[-77.3717,0.401],[-77.229,0.3609],[-77.165,0.3887],[-77.1126,0.3713],[-77.0761,0.2843],[-77.0067,0.2943],[-76.8456,0.239],[-76.7975,0.2644],[-76.7561,0.2482],[-76.7329,0.2886],[-76.6256,0.2619],[-76.5863,0.2187],[-76.5328,0.2587],[-76.4127,0.2407],[-76.412,0.3802],[-76.344,0.3812],[-76.3142,0.4339],[-76.2783,0.4371],[-76.2264,0.3768],[-76.1306,0.3693],[-76.1134,0.3159],[-76.0679,0.336],[-76.0037,0.2965],[-75.9824,0.2563],[-76.0054,0.2479],[-75.9592,0.2383],[-75.9055,0.1395],[-75.8563,0.1348],[-75.8066,0.0508],[-75.6298,0.0476],[-75.5699,-0.029],[-75.2582,-0.116],[-75.2892,-0.1538],[-75.404,-0.1701],[-75.5162,-0.1144],[-75.569,-0.1318],[-75.6063,-0.1094],[-75.6105,-0.1926],[-75.5308,-0.1809],[-75.3882,-0.4342],[-75.3251,-0.4527],[-75.2657,-0.5336],[-75.242,-0.5231],[-75.2233,-0.6284],[-75.2742,-0.6647],[-75.2476,-0.6997],[-75.2777,-0.73],[-75.2212,-0.8692],[-75.2335,-0.9338],[-75.1925,-0.9713],[-75.3137,-0.9845],[-75.3842,-0.9338],[-75.5592,-1.563],[-75.585,-1.5496],[-76.0444,-2.1249],[-76.6327,-2.5911],[-77.8439,-3.0004],[-77.948,-3.07],[-78.0108,-3.1906],[-78.0918,-3.2164],[-78.1087,-3.2788],[-78.1978,-3.3627],[-78.1468,-3.4627],[-78.1871,-3.5001],[-78.2315,-3.5028],[-78.2467,-3.3986],[-78.3498,-3.3679],[-78.3932,-3.6772],[-78.4234,-3.6932],[-78.4094,-3.7824],[-78.4659,-3.8275],[-78.4888,-3.9338],[-78.5657,-3.992],[-78.5677,-4.0451],[-78.5372,-4.0616],[-78.5812,-4.1349],[-78.5985,-4.2579],[-78.6523,-4.3325],[-78.6341,-4.4152],[-78.6003,-4.4251],[-78.6611,-4.5301],[-78.6558,-4.5849],[-78.8559,-4.667],[-78.9149,-4.7801],[-78.8929,-4.8979],[-78.9726,-4.8942],[-79.0154,-5.0159],[-79.0759,-4.9698],[-79.2657,-4.9668],[-79.4213,-4.7941],[-79.488,-4.6273],[-79.4878,-4.5303],[-79.563,-4.5139],[-79.6291,-4.4391],[-79.8128,-4.492],[-79.8706,-4.4133],[-79.9917,-4.3809],[-80.1354,-4.2855],[-80.1769,-4.2937],[-80.1951,-4.3504],[-80.3293,-4.4653],[-80.3866,-4.4875],[-80.4492,-4.4481],[-80.446,-4.3678],[-80.3064,-4.1999],[-80.4502,-4.2096],[-80.4476,-4.1207],[-80.4681,-4.1283],[-80.4819,-4.0549],[-80.3981,-3.9808],[-80.2727,-4.008],[-80.235,-3.9484],[-80.1264,-3.8953],[-80.1928,-3.775],[-80.1897,-3.6064],[-80.2432,-3.4666],[-80.2214,-3.4377],[-80.1974,-3.4463],[-80.1646,-3.4411],[-80.1644,-3.4319],[-80.1495,-3.4332],[-80.1207,-3.4214],[-80.1083,-3.4305],[-80.0647,-3.4187],[-80.0603,-3.4092],[-80.0568,-3.4115],[-80.0614,-3.4216],[-80.0573,-3.4296],[-80.0439,-3.4344],[-80.0426,-3.3933],[-80.0334,-3.4163],[-80.0264,-3.4187],[-80.0204,-3.4081],[-80.0123,-3.4244],[-80.0071,-3.4245],[-80.0091,-3.4045],[-79.9831,-3.4302],[-79.9794,-3.4286],[-79.9789,-3.4302],[-79.9762,-3.4316],[-79.9757,-3.4335],[-79.9642,-3.4359],[-79.9516,-3.4329],[-80.0065,-3.4047],[-79.9835,-3.3987],[-80.02,-3.3621],[-79.9803,-3.387],[-79.9635,-3.3777],[-80.0339,-3.3478],[-80.0011,-3.3613],[-80.0291,-3.3136],[-80.0028,-3.3491],[-79.9934,-3.3503],[-79.9896,-3.3467],[-80.0228,-3.3072],[-79.9908,-3.3149],[-80.0131,-3.2931],[-79.9779,-3.2907],[-79.972,-3.2743],[-80.0092,-3.2843],[-79.9994,-3.2328],[-79.909,-3.1627],[-79.8929,-3.0528],[-79.8935,-3.0881],[-79.8877,-3.0881],[-79.8461,-3.0265],[-79.8534,-2.8876],[-79.7729,-2.7079],[-79.7944,-2.6682],[-79.7335,-2.643],[-79.717,-2.6059],[-79.725,-2.5713],[-79.7003,-2.575],[-79.6894,-2.5695],[-79.6783,-2.5565],[-79.6821,-2.5369],[-79.6682,-2.5382],[-79.6731,-2.5367],[-79.6663,-2.5318],[-79.6695,-2.5245],[-79.6537,-2.5337],[-79.6851,-2.5081],[-79.6663,-2.4974],[-79.723,-2.5018],[-79.6884,-2.4918],[-79.6932,-2.4785],[-79.7723,-2.5208],[-79.8001,-2.4381],[-79.8332,-2.3957],[-79.8251,-2.3466],[-79.8511,-2.3462],[-79.8561,-2.4324],[-79.8985,-2.5735],[-79.9176,-2.5862],[-79.901,-2.5517],[-79.8996,-2.523],[-79.8884,-2.5094],[-79.8892,-2.5047],[-79.8927,-2.5011],[-79.8934,-2.4959],[-79.9008,-2.4919],[-79.9007,-2.4865],[-79.8865,-2.4885],[-79.8775,-2.4799],[-79.8716,-2.4318],[-79.8982,-2.4212],[-79.8764,-2.418],[-79.8806,-2.3384],[-79.8963,-2.395],[-79.8999,-2.3779],[-79.9227,-2.3603],[-79.9092,-2.3504],[-79.9022,-2.3279],[-79.9117,-2.2974],[-79.8715,-2.3018],[-79.8658,-2.2618],[-79.8751,-2.2865],[-79.9122,-2.2786],[-79.9068,-2.223],[-79.9211,-2.2068],[-79.9268,-2.2317],[-79.9295,-2.2157],[-80.0022,-2.2452],[-79.9733,-2.2715],[-79.9787,-2.2695],[-79.9943,-2.274],[-79.9965,-2.289],[-80.0062,-2.2842],[-79.9787,-2.3347],[-79.9681,-2.3347],[-80.0068,-2.343],[-79.9915,-2.3153],[-80.0404,-2.329],[-80.0329,-2.3904],[-80.0522,-2.4037],[-80.0588,-2.3746],[-80.1002,-2.4096],[-80.1007,-2.4124],[-80.0955,-2.4152],[-80.0956,-2.4189],[-80.0923,-2.4211],[-80.0854,-2.4201],[-80.0816,-2.4237],[-80.0902,-2.4446],[-80.0771,-2.4576],[-80.0897,-2.4719],[-80.0823,-2.4893],[-80.1468,-2.5711],[-80.1535,-2.5684],[-80.1507,-2.5414],[-80.1576,-2.5255],[-80.143,-2.5129],[-80.141,-2.4917],[-80.1279,-2.4845],[-80.141,-2.4825],[-80.1594,-2.5257],[-80.1663,-2.4821],[-80.1962,-2.4841],[-80.2052,-2.5201],[-80.1725,-2.5352],[-80.1867,-2.5528],[-80.2089,-2.5174],[-80.2384,-2.5099],[-80.2211,-2.5393],[-80.2461,-2.5393],[-80.2481,-2.5493],[-80.2457,-2.5396],[-80.2398,-2.5468],[-80.2104,-2.5368],[-80.2093,-2.5287],[-80.1918,-2.5564],[-80.1591,-2.5676],[-80.2161,-2.6109],[-80.1886,-2.5862],[-80.2395,-2.567],[-80.2153,-2.6188],[-80.2577,-2.6428],[-80.2545,-2.7434],[-80.3938,-2.638],[-80.4356,-2.6418],[-80.6767,-2.4066],[-80.8992,-2.3332],[-81.0114,-2.1883],[-80.9104,-2.2208],[-80.8494,-2.1935],[-80.7663,-2.1302],[-80.7357,-2.0556],[-80.7633,-1.9766],[-80.7268,-1.9247],[-80.7735,-1.7514],[-80.8547,-1.6001],[-80.8134,-1.5583],[-80.8159,-1.5096],[-80.7676,-1.4756],[-80.7389,-1.3573],[-80.8783,-1.155],[-80.9033,-1.038],[-80.8294,-0.9565],[-80.6657,-0.9258],[-80.6189,-0.9449],[-80.5591,-0.9007],[-80.4703,-0.6396],[-80.4098,-0.5914],[-80.4881,-0.3649],[-80.4075,-0.3107],[-80.3259,-0.1714],[-80.2663,-0.166],[-80.0671,0.0523],[-80.0314,0.1793],[-80.041,0.366],[-80.0038,0.3397],[-79.9983,0.2345],[-79.963,0.2059],[-79.9839,0.1918],[-79.9889,0.1763],[-79.983,0.1743],[-79.969,0.1809],[-79.9329,0.2218],[-79.9361,0.258],[-79.9705,0.275],[-79.9673,0.2879],[-79.9851,0.2933],[-79.9882,0.3921],[-80.0543,0.4687],[-80.0048,0.5675],[-80.0436,0.639],[-80.0877,0.6483],[-80.0972,0.765],[-80.0517,0.8252],[-79.952,0.8261],[-79.6494,0.9976],[-79.5531,0.9939],[-79.3957,1.0826],[-79.1717,1.0923],[-79.005,1.2716],[-79.0092,1.2411],[-78.995,1.2587],[-78.9569,1.2209],[-78.9271,1.2246],[-78.9777,1.272],[-78.9662,1.299],[-78.9833,1.2769],[-78.9608,1.3211],[-78.9364,1.3431],[-78.9618,1.3138],[-78.933,1.3378],[-78.9536,1.3128],[-78.9443,1.2997],[-78.9057,1.3772],[-78.9143,1.3296],[-78.8917,1.3561],[-78.9125,1.3157],[-78.8998,1.3264],[-78.9133,1.3072],[-78.9157,1.2967],[-78.9094,1.289],[-78.9085,1.3118],[-78.9018,1.2928],[-78.9051,1.3025],[-78.9008,1.3039],[-78.8979,1.3002],[-78.8967,1.3002],[-78.8961,1.3007],[-78.8905,1.3084],[-78.8952,1.316],[-78.8902,1.3186],[-78.8725,1.2963],[-78.779,1.2861],[-78.7788,1.3156],[-78.8299,1.2965],[-78.811,1.3144],[-78.8272,1.3146],[-78.8182,1.326],[-78.8254,1.322],[-78.8315,1.3388],[-78.8461,1.3382],[-78.8253,1.3786],[-78.8193,1.3466],[-78.8106,1.342],[-78.8071,1.3422],[-78.8049,1.3441],[-78.8036,1.3486],[-78.7997,1.348],[-78.8089,1.3963],[-78.8396,1.387],[-78.8377,1.4054],[-78.8121,1.4028],[-78.8043,1.4268]]]]},"properties":{"country":"EC"}},{"type":"Feature","geometry":{"type":"MultiPolygon","coordinates":[[[[-85.1982,10.1144],[-85.1639,10.1262],[-85.0931,10.0957],[-85.158,10.0737],[-85.1982,10.1144]]],[[[-83.9318,10.7074],[-83.6607,10.8182],[-83.6973,10.9438],[-83.6363,10.9025],[-83.5839,10.7995],[-83.4517,10.4493],[-83.1197,10.0232],[-83.0252,10.0009],[-83.0227,9.9604],[-82.8647,9.755],[-82.8089,9.7447],[-82.7763,9.6613],[-82.622,9.6352],[-82.5517,9.5502],[-82.6016,9.5593],[-82.606,9.5047],[-82.6692,9.4936],[-82.7433,9.59],[-82.8542,9.6216],[-82.8851,9.5689],[-82.841,9.4972],[-82.9432,9.4725],[-82.9344,9.0839],[-82.8871,9.0879],[-82.7507,8.9926],[-82.7118,8.9246],[-82.8621,8.8528],[-82.8664,8.8053],[-82.9188,8.7654],[-82.8297,8.6347],[-82.8394,8.4803],[-83.0519,8.3345],[-82.9896,8.2713],[-82.9418,8.2728],[-82.8858,8.1083],[-82.8991,8.0436],[-82.9028,8.1134],[-82.9732,8.2406],[-83.1456,8.3663],[-83.0926,8.4517],[-83.1352,8.5497],[-83.1603,8.571],[-83.1785,8.6114],[-83.1522,8.6095],[-83.1607,8.5782],[-83.1239,8.6008],[-83.1751,8.6444],[-83.1821,8.6218],[-83.2948,8.6535],[-83.3472,8.737],[-83.4651,8.7263],[-83.4837,8.6971],[-83.4271,8.6182],[-83.2842,8.5413],[-83.2779,8.3866],[-83.5892,8.4592],[-83.7345,8.5988],[-83.7105,8.6851],[-83.6505,8.7056],[-83.6514,8.7948],[-83.592,8.8355],[-83.6092,8.8878],[-83.5689,8.8877],[-83.6253,8.9197],[-83.6497,9.0637],[-83.9281,9.3007],[-84.1761,9.394],[-84.1635,9.4056],[-84.1668,9.4373],[-84.2461,9.494],[-84.2337,9.4655],[-84.4717,9.5306],[-84.532,9.518],[-84.618,9.5814],[-84.6805,9.6515],[-84.628,9.7554],[-84.7309,9.8935],[-84.7011,9.9269],[-84.7535,9.9734],[-84.8515,9.9766],[-84.7618,9.9837],[-84.7746,9.9956],[-84.884,10.0112],[-85.0253,10.1319],[-85.0766,10.1355],[-85.0793,10.1426],[-85.0707,10.1437],[-85.0659,10.1589],[-85.0816,10.177],[-85.2162,10.1824],[-85.2384,10.2529],[-85.3102,10.3227],[-85.3595,10.3244],[-85.3554,10.3136],[-85.3124,10.3199],[-85.2894,10.2681],[-85.2481,10.2448],[-85.2513,10.104],[-85.1944,10.0832],[-85.1948,10.036],[-85.1776,10.0334],[-85.1848,10.0227],[-85.1911,10.0299],[-85.1992,10.0261],[-85.1862,10.0211],[-85.1689,10.0339],[-85.1176,9.9743],[-84.9216,9.9255],[-84.9387,9.8814],[-84.9057,9.8533],[-84.9323,9.8364],[-84.8639,9.8293],[-84.9237,9.7923],[-84.9546,9.7276],[-85.0101,9.7405],[-84.9948,9.7052],[-85.0679,9.6539],[-85.1117,9.5586],[-85.2847,9.7958],[-85.3812,9.8491],[-85.6668,9.9027],[-85.6828,9.9705],[-85.7893,10.0948],[-85.8519,10.2527],[-85.8411,10.3219],[-85.8758,10.3557],[-85.7731,10.4469],[-85.8111,10.5171],[-85.6968,10.553],[-85.6277,10.6236],[-85.6565,10.6425],[-85.6797,10.6114],[-85.6993,10.6107],[-85.6538,10.6722],[-85.6581,10.7643],[-85.6869,10.8025],[-85.7925,10.8153],[-85.7947,10.8527],[-85.8542,10.8527],[-85.9167,10.8992],[-85.9499,10.8903],[-85.8646,10.9268],[-85.882,10.9504],[-85.8169,10.9453],[-85.7935,10.9093],[-85.7849,10.9395],[-85.7132,10.9255],[-85.689,10.9769],[-85.7545,11.0224],[-85.7277,11.0491],[-85.6754,11.0324],[-85.6948,11.0767],[-85.6099,11.2196],[-84.9107,10.944],[-84.6805,11.0844],[-84.606,11.0384],[-84.5747,11.0511],[-84.4507,10.961],[-84.3588,10.9958],[-84.323,10.918],[-84.2257,10.8739],[-84.2377,10.8161],[-84.2027,10.7818],[-84.0717,10.7596],[-84.0232,10.7922],[-83.9318,10.7074]]]]},"properties":{"country":"CR"}},{"type":"Feature","geometry":{"type":"MultiPolygon","coordinates":[[[[-62.1258,-39.0024],[-62.0848,-39.0062],[-62.0829,-39.0167],[-62.1258,-39.0024]]],[[[-62.0369,-39.023],[-62.0407,-39.038],[-62.0554,-39.0123],[-62.032,-39.0179],[-62.0369,-39.023]]],[[[-62.076,-39.0809],[-62.0373,-39.113],[-62.0608,-39.1501],[-62.076,-39.0809]]],[[[-61.9879,-39.1018],[-61.9623,-39.1195],[-61.9847,-39.1371],[-61.9942,-39.1331],[-61.9879,-39.1018]]],[[[-62.0035,-39.1389],[-62.0276,-39.1235],[-62.0144,-39.0907],[-61.9936,-39.0996],[-62.0119,-39.1113],[-62.0035,-39.1389]]],[[[-62.0272,-39.1329],[-62.0545,-39.1575],[-62.0373,-39.118],[-62.0272,-39.1329]]],[[[-62.0143,-39.1506],[-61.9906,-39.1359],[-61.956,-39.1581],[-61.9792,-39.1688],[-62.0143,-39.1506]]],[[[-62.0921,-39.2496],[-62.1572,-39.1826],[-62.0655,-39.2466],[-62.0921,-39.2496]]],[[[-62.1419,-39.3772],[-62.0689,-39.4279],[-62.1328,-39.396],[-62.1419,-39.3772]]],[[[-62.1145,-39.865],[-62.1157,-39.8955],[-62.1311,-39.8729],[-62.1145,-39.865]]],[[[-62.1758,-39.8908],[-62.1562,-39.9068],[-62.13,-39.8994],[-62.1558,-39.9451],[-62.1758,-39.8908]]],[[[-62.0244,-39.2367],[-62.0101,-39.2608],[-62.0325,-39.2495],[-62.0244,-39.2367]]],[[[-61.9858,-40.433],[-62.0057,-40.3985],[-61.9984,-40.376],[-61.9727,-40.4218],[-61.9858,-40.433]]],[[[-62.1322,-40.0354],[-62.1213,-40.0241],[-62.1609,-40.0328],[-62.1322,-40.0354]]],[[[-62.073,-40.1692],[-62.094,-40.1436],[-62.0755,-40.1466],[-62.073,-40.1692]]],[[[-62.1642,-40.3617],[-62.1453,-40.4216],[-62.1979,-40.4368],[-62.1642,-40.3617]]],[[[-62.0709,-40.4834],[-62.025,-40.4664],[-62.1055,-40.5729],[-62.1055,-40.5504],[-62.0709,-40.4834]]],[[[-62.1913,-39.8531],[-62.1764,-39.8606],[-62.1805,-39.8614],[-62.1859,-39.8749],[-62.2368,-39.8831],[-62.2607,-39.8675],[-62.2181,-39.8701],[-62.1913,-39.8531]]],[[[-62.1828,-39.9217],[-62.1871,-39.9439],[-62.2013,-39.9329],[-62.1778,-39.9065],[-62.1828,-39.9217]]],[[[-62.1805,-40.4606],[-62.1568,-40.4561],[-62.2164,-40.5235],[-62.2362,-40.5054],[-62.2004,-40.446],[-62.1805,-40.4606]]],[[[-62.3055,-40.2575],[-62.3315,-40.2788],[-62.3104,-40.2726],[-62.3248,-40.2887],[-62.3122,-40.2983],[-62.3218,-40.3048],[-62.3304,-40.323],[-62.3252,-40.3288],[-62.3454,-40.3456],[-62.3443,-40.2719],[-62.3055,-40.2575]]],[[[-62.3101,-40.3091],[-62.2626,-40.2988],[-62.3198,-40.3489],[-62.3101,-40.3091]]],[[[-62.3091,-38.8822],[-62.3143,-38.8648],[-62.2892,-38.8782],[-62.3091,-38.8822]]],[[[-62.2713,-38.992],[-62.2926,-39.006],[-62.3083,-39.007],[-62.2967,-38.9939],[-62.2713,-38.992]]],[[[-62.3534,-38.8023],[-62.3057,-38.7987],[-62.3406,-38.8142],[-62.3534,-38.8023]]],[[[-65.5993,-45.0412],[-65.6127,-45.0608],[-65.6233,-45.0465],[-65.5993,-45.0412]]],[[[-66.016,-45.0984],[-66.0084,-45.0804],[-65.9634,-45.1091],[-66.016,-45.0984]]],[[[-66.054,-47.7864],[-65.9911,-47.761],[-65.9893,-47.7684],[-66.054,-47.7864]]],[[[-64.1394,-54.6678],[-64.1599,-54.6513],[-64.1116,-54.6511],[-64.1394,-54.6678]]],[[[-64.0851,-54.7915],[-64.1082,-54.8325],[-64.2009,-54.8285],[-64.2208,-54.8579],[-64.2337,-54.7822],[-64.3059,-54.7879],[-64.3251,-54.8254],[-64.3941,-54.8277],[-64.446,-54.8738],[-64.4915,-54.869],[-64.4444,-54.8396],[-64.4663,-54.8238],[-64.5379,-54.8885],[-64.6558,-54.9144],[-64.7052,-54.9144],[-64.644,-54.8879],[-64.683,-54.8621],[-64.6691,-54.845],[-64.7389,-54.8596],[-64.7578,-54.8375],[-64.6745,-54.8004],[-64.6876,-54.7806],[-64.5887,-54.8203],[-64.5071,-54.797],[-64.5445,-54.725],[-64.4132,-54.7834],[-64.4218,-54.7558],[-64.39,-54.7497],[-64.3713,-54.8114],[-64.3761,-54.7522],[-64.3409,-54.7134],[-64.1381,-54.7704],[-64.1499,-54.7306],[-64.1085,-54.764],[-64.047,-54.7304],[-64.0449,-54.7777],[-63.9898,-54.7357],[-63.8762,-54.7167],[-63.855,-54.7315],[-63.8784,-54.7551],[-63.7957,-54.7261],[-63.8475,-54.7896],[-63.9515,-54.813],[-63.9544,-54.7677],[-64.0343,-54.8073],[-64.0851,-54.7915]]],[[[-67.5401,-54.8797],[-67.4723,-54.885],[-67.4497,-54.8789],[-67.408,-54.8997],[-67.5326,-54.9049],[-67.5401,-54.8797]]],[[[-56.8302,-27.5953],[-56.8914,-27.5406],[-56.973,-27.4905],[-57.0318,-27.4808],[-56.9002,-27.4225],[-56.77,-27.5021],[-56.7675,-27.5029],[-56.7641,-27.5034],[-56.7593,-27.503],[-56.7512,-27.5063],[-56.7285,-27.5019],[-56.749,-27.5615],[-56.7619,-27.5632],[-56.7988,-27.5734],[-56.8302,-27.5953]]],[[[-56.8767,-27.5833],[-56.9027,-27.5685],[-56.9191,-27.5624],[-56.9323,-27.5345],[-56.9494,-27.5228],[-56.8945,-27.5515],[-56.8767,-27.5833]]],[[[-56.7262,-27.5871],[-56.7684,-27.5845],[-56.7701,-27.5863],[-56.771,-27.5854],[-56.7731,-27.5846],[-56.7841,-27.5822],[-56.7701,-27.5839],[-56.7363,-27.5608],[-56.7169,-27.5207],[-56.7023,-27.5334],[-56.7262,-27.5871]]],[[[-56.6865,-27.5608],[-56.707,-27.5807],[-56.6936,-27.5453],[-56.6865,-27.5608]]],[[[-57.4923,-27.4383],[-57.5714,-27.3838],[-57.4115,-27.416],[-57.4923,-27.4383]]],[[[-68.6093,-54.8937],[-68.6067,-52.6589],[-68.2866,-52.9525],[-68.2012,-53.142],[-68.2687,-53.0136],[-68.3345,-53.0088],[-68.5454,-53.1526],[-68.5563,-53.2528],[-68.3865,-53.3124],[-68.1378,-53.3307],[-68.0827,-53.3885],[-68.0082,-53.5631],[-67.8568,-53.6832],[-67.8858,-53.6695],[-67.9099,-53.6788],[-67.544,-53.8416],[-67.5725,-53.8893],[-67.4359,-53.9844],[-67.1607,-54.1226],[-66.7347,-54.2603],[-66.4673,-54.4782],[-65.8012,-54.6518],[-65.5524,-54.6475],[-65.5203,-54.6781],[-65.2346,-54.6188],[-65.2769,-54.6705],[-65.2345,-54.6415],[-65.1165,-54.6565],[-65.1936,-54.6954],[-65.2041,-54.7799],[-65.2639,-54.796],[-65.2228,-54.8179],[-65.3826,-54.9417],[-65.4697,-54.8889],[-65.5123,-54.9354],[-65.7183,-54.9711],[-65.737,-54.909],[-65.9826,-54.9029],[-65.9712,-54.9687],[-66.3375,-54.9975],[-66.3689,-55.0378],[-66.4535,-55.0578],[-66.649,-55.0277],[-66.7798,-54.9575],[-67.2747,-54.8881],[-67.2787,-54.8668],[-67.297,-54.8873],[-67.3546,-54.8655],[-67.3816,-54.87],[-67.3414,-54.8827],[-67.4086,-54.8893],[-67.4505,-54.8655],[-67.4939,-54.8679],[-67.5039,-54.854],[-67.6903,-54.8875],[-68.2487,-54.7946],[-68.3154,-54.8112],[-68.2597,-54.8404],[-68.5679,-54.8511],[-68.5,-54.8671],[-68.6093,-54.8937]]],[[[-58.1913,-27.2808],[-57.9145,-27.2653],[-57.8774,-27.2784],[-57.8145,-27.3342],[-57.7781,-27.3383],[-57.6945,-27.327],[-57.6609,-27.361],[-57.5449,-27.4308],[-57.5067,-27.4411],[-57.4601,-27.4418],[-57.3274,-27.4145],[-57.2318,-27.4664],[-56.9879,-27.4894],[-56.9422,-27.5583],[-56.8493,-27.6063],[-56.7433,-27.605],[-56.686,-27.5769],[-56.6771,-27.5486],[-56.7203,-27.4663],[-56.6012,-27.421],[-56.5304,-27.4495],[-56.4629,-27.5696],[-56.3863,-27.5942],[-56.2937,-27.4941],[-56.2838,-27.4082],[-56.0873,-27.3085],[-55.9789,-27.3551],[-55.8963,-27.3427],[-55.8348,-27.4105],[-55.7369,-27.4452],[-55.5979,-27.3363],[-55.5757,-27.2508],[-55.6183,-27.1856],[-55.5611,-27.161],[-55.5613,-27.1013],[-55.4555,-27.1062],[-55.442,-27.0178],[-55.376,-26.9654],[-55.2601,-26.9369],[-55.2036,-26.9695],[-55.1351,-26.9486],[-55.1433,-26.8684],[-55.0524,-26.7973],[-54.9583,-26.7833],[-54.9411,-26.6826],[-54.869,-26.6556],[-54.8208,-26.6733],[-54.7885,-26.6334],[-54.8015,-26.5372],[-54.7053,-26.446],[-54.6488,-26.3118],[-54.6796,-26.2647],[-54.6187,-26.2169],[-54.6733,-26.1527],[-54.643,-26.0934],[-54.6793,-25.9952],[-54.6083,-25.9685],[-54.6223,-25.9143],[-54.587,-25.8304],[-54.6582,-25.6758],[-54.5836,-25.6662],[-54.5935,-25.5928],[-54.4927,-25.6181],[-54.4329,-25.6976],[-54.3839,-25.5975],[-54.3483,-25.607],[-54.2882,-25.5539],[-54.2551,-25.5962],[-54.23,-25.562],[-54.1788,-25.5849],[-54.2054,-25.5401],[-54.1025,-25.4943],[-54.1237,-25.5669],[-54.1004,-25.6182],[-54.0783,-25.5577],[-54.049,-25.5853],[-54.0122,-25.5653],[-53.9559,-25.6464],[-53.948,-25.6114],[-53.8905,-25.623],[-53.89,-25.6611],[-53.8421,-25.6883],[-53.8793,-25.7077],[-53.8665,-25.7437],[-53.8221,-25.7938],[-53.8501,-25.8398],[-53.8235,-25.8722],[-53.85,-25.8837],[-53.8195,-25.8985],[-53.8362,-25.9717],[-53.7342,-26.0432],[-53.742,-26.1156],[-53.6412,-26.2139],[-53.6453,-26.2856],[-53.7099,-26.3874],[-53.6959,-26.4903],[-53.7417,-26.5444],[-53.7075,-26.5609],[-53.7595,-26.641],[-53.7203,-26.6506],[-53.758,-26.7205],[-53.7142,-26.7505],[-53.7439,-26.7641],[-53.6986,-26.7696],[-53.6946,-26.8472],[-53.6605,-26.8582],[-53.6968,-26.8601],[-53.671,-26.8944],[-53.697,-26.9288],[-53.6713,-26.9425],[-53.7092,-26.9341],[-53.7371,-26.9745],[-53.7179,-26.9901],[-53.7636,-27.0083],[-53.7473,-27.0322],[-53.7859,-27.0267],[-53.7609,-27.0654],[-53.8023,-27.0403],[-53.7719,-27.074],[-53.8053,-27.0777],[-53.7769,-27.1036],[-53.8189,-27.1028],[-53.7988,-27.1463],[-53.8367,-27.1696],[-53.8692,-27.1252],[-53.9038,-27.1756],[-53.9554,-27.1545],[-53.9607,-27.1961],[-54.0099,-27.2004],[-54.0211,-27.2484],[-54.0889,-27.3011],[-54.1562,-27.2962],[-54.172,-27.254],[-54.2174,-27.386],[-54.2628,-27.3988],[-54.2815,-27.4472],[-54.3383,-27.403],[-54.3534,-27.4663],[-54.4132,-27.4065],[-54.4699,-27.4278],[-54.4464,-27.4742],[-54.5302,-27.5066],[-54.5817,-27.4534],[-54.6223,-27.5421],[-54.6779,-27.5102],[-54.6821,-27.5747],[-54.7763,-27.5842],[-54.812,-27.5316],[-54.85,-27.624],[-54.9051,-27.6386],[-54.9028,-27.721],[-54.9363,-27.7719],[-55.0839,-27.786],[-55.025,-27.8326],[-55.0328,-27.8568],[-55.1083,-27.8474],[-55.1344,-27.8961],[-55.2049,-27.861],[-55.2644,-27.929],[-55.3226,-27.9244],[-55.3836,-27.9812],[-55.3705,-28.0285],[-55.445,-28.0972],[-55.4942,-28.0784],[-55.56,-28.1642],[-55.6076,-28.1163],[-55.6322,-28.1767],[-55.7752,-28.2444],[-55.7744,-28.2725],[-55.6699,-28.3308],[-55.6963,-28.4232],[-55.7574,-28.3686],[-55.8783,-28.3612],[-55.903,-28.408],[-55.8824,-28.4777],[-56.0087,-28.506],[-56.0076,-28.6049],[-56.1856,-28.77],[-56.2944,-28.7977],[-56.302,-28.9011],[-56.4099,-28.9777],[-56.4195,-29.079],[-56.5914,-29.1242],[-56.7016,-29.3591],[-56.7662,-29.3777],[-56.8191,-29.4882],[-56.8989,-29.5318],[-56.9699,-29.6039],[-56.9698,-29.6415],[-57.1209,-29.7649],[-57.2269,-29.7783],[-57.294,-29.831],[-57.3371,-29.9928],[-57.5146,-30.1448],[-57.6536,-30.1932],[-57.6152,-30.2558],[-57.6433,-30.3424],[-57.8895,-30.5104],[-57.8873,-30.5876],[-57.809,-30.6954],[-57.7996,-30.8563],[-57.8316,-30.9169],[-57.915,-30.9209],[-57.8614,-31.0347],[-57.9192,-31.1304],[-57.9142,-31.2171],[-57.9815,-31.32],[-57.9805,-31.3905],[-58.082,-31.4565],[-57.9807,-31.5803],[-58.0383,-31.7595],[-58.0871,-31.8218],[-58.2068,-31.8711],[-58.1383,-32.0018],[-58.1834,-32.1591],[-58.0999,-32.2594],[-58.1032,-32.3096],[-58.1829,-32.3759],[-58.2046,-32.4605],[-58.1603,-32.5724],[-58.1494,-32.7358],[-58.1159,-32.9184],[-58.087,-32.9597],[-58.0845,-33.0023],[-58.1023,-33.023],[-58.1451,-33.045],[-58.1759,-33.0769],[-58.3706,-33.129],[-58.4044,-33.18],[-58.3905,-33.2796],[-58.4317,-33.3635],[-58.4434,-33.5376],[-58.4948,-33.5855],[-58.4347,-33.7204],[-58.4082,-33.9566],[-58.345,-34.0384],[-58.3167,-34.15],[-58.2517,-34.2],[-58.1961,-34.2309],[-58.2232,-34.2874],[-58.418,-34.3255],[-58.4903,-34.466],[-58.4543,-34.5387],[-58.3616,-34.5811],[-58.3285,-34.6484],[-58.1895,-34.7394],[-58.0146,-34.7806],[-57.9475,-34.8335],[-57.8735,-34.8259],[-57.5075,-35.0252],[-57.2231,-35.2731],[-57.1281,-35.4457],[-57.3654,-35.7463],[-57.3826,-35.968],[-57.2804,-36.1373],[-57.1152,-36.2801],[-56.9718,-36.345],[-56.8156,-36.3349],[-56.7775,-36.2913],[-56.7352,-36.3212],[-56.7006,-36.4122],[-56.6672,-36.8819],[-57.1269,-37.4933],[-57.4922,-37.8289],[-57.5415,-37.9696],[-57.5403,-38.0485],[-57.5177,-38.0389],[-57.5443,-38.1],[-57.848,-38.294],[-58.4958,-38.537],[-59.012,-38.6788],[-59.853,-38.8374],[-61.1572,-38.9997],[-61.6023,-39.0038],[-61.7114,-38.9654],[-61.7977,-38.9934],[-62.0733,-38.9251],[-62.1338,-38.8182],[-62.2999,-38.7854],[-62.3132,-38.7361],[-62.3641,-38.7085],[-62.3796,-38.7514],[-62.4292,-38.7342],[-62.4786,-38.753],[-62.5108,-38.714],[-62.5639,-38.7535],[-62.5227,-38.8181],[-62.4997,-38.8193],[-62.4829,-38.7665],[-62.4992,-38.8195],[-62.4521,-38.8278],[-62.3932,-38.8207],[-62.3919,-38.8413],[-62.3706,-38.8569],[-62.3332,-38.8502],[-62.353,-38.864],[-62.3196,-38.9043],[-62.3453,-38.9524],[-62.3005,-39.0253],[-62.3557,-39.0959],[-62.3442,-39.1644],[-62.291,-39.2357],[-62.2375,-39.2516],[-62.2954,-39.2353],[-62.3207,-39.2673],[-62.0754,-39.3057],[-62.0021,-39.394],[-62.0412,-39.4138],[-62.1625,-39.3435],[-62.2069,-39.3407],[-62.1561,-39.362],[-62.1355,-39.3968],[-62.0741,-39.4328],[-62.0377,-39.4382],[-62.1077,-39.6214],[-62.0899,-39.6807],[-62.1151,-39.8328],[-62.1453,-39.859],[-62.1247,-39.8677],[-62.1439,-39.8764],[-62.1724,-39.8583],[-62.1898,-39.8524],[-62.1987,-39.8516],[-62.253,-39.8511],[-62.3007,-39.8707],[-62.3013,-39.8642],[-62.3091,-39.8606],[-62.3312,-39.9158],[-62.3142,-39.9385],[-62.3514,-40.0679],[-62.3332,-40.1752],[-62.4848,-40.3028],[-62.4192,-40.4634],[-62.3202,-40.5048],[-62.3207,-40.5353],[-62.2834,-40.57],[-62.2563,-40.5542],[-62.3204,-40.5269],[-62.1732,-40.5849],[-62.1734,-40.6365],[-62.2334,-40.6904],[-62.3118,-40.8707],[-62.4153,-40.9209],[-62.7164,-41.0349],[-62.7933,-41.0243],[-63.0538,-41.1432],[-63.7768,-41.1596],[-64.091,-41.0311],[-64.0694,-40.9983],[-64.0875,-40.9801],[-64.1289,-41.0125],[-64.204,-41.0103],[-64.5389,-40.8652],[-64.7453,-40.8183],[-64.879,-40.8306],[-64.9069,-40.8059],[-64.8458,-40.7826],[-64.8447,-40.8151],[-64.8409,-40.787],[-64.7408,-40.8112],[-64.7273,-40.7996],[-64.7534,-40.8012],[-64.7379,-40.7851],[-64.747,-40.769],[-64.7984,-40.7789],[-64.8038,-40.7481],[-64.7696,-40.743],[-64.805,-40.7252],[-64.9964,-40.7166],[-64.9141,-40.7284],[-64.9583,-40.7481],[-64.8997,-40.7606],[-65.0206,-40.7651],[-65.1113,-40.8307],[-65.1665,-40.977],[-65.1542,-41.1714],[-65.1023,-41.3361],[-65.0445,-41.4638],[-64.9891,-41.5188],[-65.008,-41.5581],[-64.9866,-41.5772],[-65.038,-41.5989],[-64.999,-41.7707],[-65.0167,-41.8332],[-65.0494,-41.8412],[-65.0755,-41.9644],[-65.0351,-42.0697],[-64.8307,-42.1969],[-64.4644,-42.2396],[-64.5572,-42.3059],[-64.6203,-42.4029],[-64.5587,-42.4322],[-64.4853,-42.4156],[-64.4748,-42.4401],[-64.3003,-42.4041],[-64.1214,-42.4292],[-64.042,-42.3496],[-64.07,-42.3333],[-64.0444,-42.3111],[-64.074,-42.262],[-64.3789,-42.2386],[-64.0764,-42.1788],[-63.8766,-42.0843],[-63.7592,-42.0763],[-63.5983,-42.3303],[-63.6048,-42.4916],[-63.6049,-42.3586],[-63.6313,-42.2948],[-63.6798,-42.2636],[-63.6502,-42.3142],[-63.67,-42.3033],[-63.6153,-42.3758],[-63.6123,-42.4864],[-63.5832,-42.607],[-63.6398,-42.6999],[-63.6324,-42.7641],[-63.6786,-42.7928],[-64.1095,-42.8789],[-64.2609,-42.7484],[-64.2131,-42.6227],[-64.2688,-42.6227],[-64.262,-42.5872],[-64.3093,-42.5871],[-64.3427,-42.5321],[-64.6296,-42.4967],[-64.8336,-42.6106],[-64.9791,-42.6487],[-65.0362,-42.7316],[-65.0132,-42.7823],[-64.6288,-42.9194],[-64.4208,-42.9547],[-64.3299,-42.9358],[-64.3076,-42.9791],[-64.4586,-43.0645],[-64.7641,-43.1537],[-64.9845,-43.2616],[-65.0523,-43.3327],[-65.0531,-43.4033],[-65.3329,-43.6582],[-65.3543,-43.7642],[-65.3112,-43.7954],[-65.3282,-43.8456],[-65.2992,-43.9336],[-65.231,-43.9721],[-65.2516,-44.0276],[-65.1877,-44.0355],[-65.2403,-44.0775],[-65.2199,-44.1368],[-65.288,-44.1551],[-65.3119,-44.2056],[-65.2162,-44.3666],[-65.3336,-44.4555],[-65.2786,-44.5173],[-65.3675,-44.5119],[-65.3599,-44.5383],[-65.3943,-44.554],[-65.3656,-44.5878],[-65.4601,-44.5755],[-65.4629,-44.6008],[-65.6425,-44.669],[-65.7281,-44.8105],[-65.7047,-44.875],[-65.5195,-44.9297],[-65.5944,-44.9576],[-65.5843,-45.0071],[-65.625,-45.0094],[-65.6021,-45.0279],[-65.6454,-45.051],[-65.681,-45.0302],[-65.6911,-45.0625],[-65.739,-45.0245],[-65.8286,-45.039],[-65.8461,-45.0023],[-65.9338,-45.0502],[-66.0197,-44.9972],[-66.1985,-44.9819],[-66.2803,-45.0573],[-66.2939,-45.046],[-66.3597,-45.04],[-66.5086,-45.0903],[-66.5333,-45.1414],[-66.4648,-45.1436],[-66.4729,-45.1658],[-66.6003,-45.1398],[-66.5945,-45.1714],[-66.5137,-45.1968],[-66.5186,-45.2232],[-66.8408,-45.2303],[-66.9652,-45.2739],[-67.3475,-45.6263],[-67.3684,-45.787],[-67.4568,-45.8224],[-67.4561,-45.8612],[-67.5474,-45.9187],[-67.5312,-45.9594],[-67.5828,-45.9785],[-67.625,-46.0515],[-67.5931,-46.2946],[-67.4371,-46.5527],[-67.3559,-46.6186],[-67.135,-46.7058],[-66.7907,-47.0001],[-66.63,-47.0458],[-66.1977,-47.0874],[-65.9441,-47.0768],[-65.7358,-47.2018],[-65.758,-47.2218],[-65.7182,-47.3331],[-65.74,-47.5109],[-65.84,-47.7436],[-65.8993,-47.759],[-66.0076,-47.7298],[-66.1223,-47.8081],[-66.1503,-47.8073],[-66.2072,-47.8223],[-66.2917,-47.8624],[-66.2825,-47.8719],[-66.0876,-47.8127],[-66.0302,-47.7801],[-66.0012,-47.7742],[-65.9867,-47.7692],[-65.9793,-47.7631],[-65.9394,-47.7675],[-65.8954,-47.7629],[-65.8445,-47.8939],[-65.7679,-47.9072],[-65.792,-47.9391],[-65.7648,-47.9497],[-65.9242,-47.94],[-65.9509,-47.9743],[-65.9238,-47.9904],[-65.9402,-48.0303],[-66.0075,-48.0588],[-66.0013,-48.0699],[-65.9778,-48.0714],[-65.969,-48.0499],[-65.9032,-48.1037],[-66.1197,-48.1227],[-66.1606,-48.1902],[-66.338,-48.2776],[-66.3602,-48.3171],[-66.3381,-48.3512],[-66.453,-48.3536],[-66.4926,-48.4175],[-66.7532,-48.4735],[-66.8762,-48.5936],[-66.9915,-48.6134],[-67.1298,-48.6852],[-67.2199,-48.8383],[-67.4074,-48.9098],[-67.5529,-49.016],[-67.6353,-49.138],[-67.61,-49.1799],[-67.6634,-49.2028],[-67.6904,-49.2627],[-67.7413,-49.2746],[-67.7168,-49.3182],[-67.8021,-49.3419],[-67.7714,-49.3812],[-67.8314,-49.3903],[-67.7096,-49.3831],[-67.6699,-49.2547],[-67.6131,-49.2491],[-67.6033,-49.2952],[-67.6879,-49.4831],[-67.7299,-49.7768],[-67.9006,-49.9952],[-68.1453,-50.1051],[-68.3423,-50.121],[-68.531,-49.9364],[-68.5613,-49.8692],[-68.6035,-49.8303],[-68.6265,-49.7883],[-68.6412,-49.7774],[-68.5688,-49.9359],[-68.7807,-49.976],[-68.6677,-49.9933],[-68.5806,-49.9645],[-68.5106,-50.0194],[-68.4926,-50.0857],[-68.3601,-50.1361],[-68.3593,-50.16],[-68.879,-50.3345],[-69.0792,-50.5653],[-69.1406,-50.7259],[-69.1332,-50.899],[-69.4552,-51.1019],[-69.1668,-50.981],[-68.9469,-51.5551],[-68.9783,-51.5821],[-69.0474,-51.5633],[-69.1299,-51.6059],[-69.3462,-51.5516],[-69.5773,-51.6149],[-69.3304,-51.5862],[-69.1607,-51.647],[-69.2453,-51.6786],[-69.2686,-51.7024],[-69.036,-51.6539],[-69.0134,-51.6073],[-68.9651,-51.6223],[-68.7119,-51.9774],[-68.3557,-52.3365],[-68.4184,-52.3864],[-68.4186,-52.3325],[-68.838,-52.2778],[-69.1901,-52.1504],[-69.4863,-52.1517],[-69.9955,-52.0007],[-71.9226,-51.9999],[-72.0291,-51.9677],[-71.9318,-51.9199],[-71.9488,-51.8736],[-72.1218,-51.7441],[-72.2972,-51.6993],[-72.2833,-51.6381],[-72.3271,-51.5873],[-72.4413,-51.5845],[-72.4052,-51.5136],[-72.3449,-51.5208],[-72.3511,-51.4845],[-72.3241,-51.4751],[-72.3382,-51.4248],[-72.3089,-51.3661],[-72.3716,-51.3363],[-72.2592,-51.2526],[-72.304,-51.201],[-72.3482,-51.2039],[-72.4097,-51.1075],[-72.3731,-51.0224],[-72.2656,-51.035],[-72.2475,-50.8765],[-72.3495,-50.7527],[-72.2866,-50.6591],[-72.3568,-50.6164],[-72.4114,-50.6375],[-72.4944,-50.6017],[-72.5915,-50.6818],[-72.7298,-50.615],[-72.8953,-50.6714],[-72.9549,-50.7412],[-73.0685,-50.7889],[-73.1439,-50.7806],[-73.2009,-50.8206],[-73.1497,-50.7678],[-73.1984,-50.7403],[-73.1453,-50.6524],[-73.3329,-50.5709],[-73.3644,-50.5183],[-73.3372,-50.4971],[-73.3649,-50.4875],[-73.37,-50.3725],[-73.4361,-50.3628],[-73.3623,-50.301],[-73.4515,-50.2429],[-73.4309,-50.1826],[-73.5218,-50.1537],[-73.5142,-50.1064],[-73.4757,-50.0893],[-73.4975,-50.0499],[-73.4617,-50.0539],[-73.4356,-50.0095],[-73.4516,-49.9605],[-73.5605,-49.9423],[-73.4385,-49.7578],[-73.5088,-49.7052],[-73.4634,-49.6189],[-73.5494,-49.5381],[-73.5393,-49.4982],[-73.4635,-49.4825],[-73.4901,-49.4287],[-73.4259,-49.3919],[-73.4103,-49.3194],[-73.4964,-49.2683],[-73.473,-49.2046],[-73.1491,-49.2839],[-73.04,-49.2769],[-73.1345,-49.2658],[-73.1464,-49.1891],[-73.0045,-49.0635],[-72.9427,-48.943],[-72.7959,-48.9688],[-72.6894,-48.8662],[-72.6402,-48.8674],[-72.5332,-48.7996],[-72.5354,-48.6659],[-72.586,-48.4876],[-72.4405,-48.515],[-72.3726,-48.4513],[-72.4056,-48.417],[-72.3468,-48.3914],[-72.3797,-48.3509],[-72.2771,-48.3633],[-72.2257,-48.3224],[-72.3161,-48.2345],[-72.2986,-48.1601],[-72.3598,-48.0744],[-72.4431,-48.0653],[-72.4245,-47.9691],[-72.5272,-47.9387],[-72.4669,-47.8136],[-72.5221,-47.7414],[-72.4417,-47.7472],[-72.4205,-47.6612],[-72.3091,-47.5909],[-72.327,-47.5714],[-72.2912,-47.5121],[-72.342,-47.4559],[-72.2443,-47.406],[-72.1972,-47.4167],[-72.1301,-47.3296],[-72.0471,-47.3403],[-71.9969,-47.2948],[-72.0186,-47.1984],[-71.8649,-47.2307],[-71.8947,-47.211],[-71.8505,-47.1639],[-71.86,-47.1319],[-71.9553,-47.0768],[-71.8793,-47.0118],[-71.9582,-46.9743],[-71.9709,-46.9048],[-71.931,-46.8686],[-71.9596,-46.8162],[-71.8328,-46.7965],[-71.6452,-46.6849],[-71.6696,-46.5284],[-71.7568,-46.346],[-71.7263,-46.2751],[-71.7848,-46.1942],[-71.8603,-46.1943],[-71.8665,-46.1573],[-71.9153,-46.1397],[-71.7156,-46.0896],[-71.6119,-45.9633],[-71.6584,-45.8835],[-71.7694,-45.8464],[-71.7407,-45.807],[-71.8014,-45.7196],[-71.7724,-45.6955],[-71.7958,-45.6658],[-71.7267,-45.5771],[-71.7635,-45.5605],[-71.6817,-45.5141],[-71.5605,-45.5235],[-71.4695,-45.4941],[-71.5343,-45.4332],[-71.5295,-45.393],[-71.4383,-45.3958],[-71.4486,-45.3678],[-71.3199,-45.2927],[-71.4175,-45.1579],[-71.5266,-45.1031],[-71.5052,-45.0721],[-71.5578,-45.0308],[-71.5599,-44.9778],[-71.7415,-44.9588],[-71.7535,-44.9267],[-71.814,-44.9207],[-71.8804,-44.9596],[-72.0361,-44.9032],[-72.0695,-44.8494],[-72.0272,-44.8058],[-72.066,-44.7589],[-71.8566,-44.8016],[-71.7838,-44.7513],[-71.6628,-44.7877],[-71.4702,-44.7374],[-71.2925,-44.8137],[-71.2061,-44.749],[-71.1961,-44.6851],[-71.2355,-44.6402],[-71.2009,-44.5916],[-71.0973,-44.5862],[-71.092,-44.5321],[-71.1644,-44.5004],[-71.1295,-44.4716],[-71.2425,-44.418],[-71.349,-44.4249],[-71.3871,-44.3855],[-71.6688,-44.409],[-71.7132,-44.3809],[-71.815,-44.4163],[-71.8402,-44.3505],[-71.7861,-44.3309],[-71.8301,-44.2658],[-71.7802,-44.2171],[-71.8477,-44.1585],[-71.8493,-44.1128],[-71.7546,-44.0965],[-71.649,-43.9457],[-71.6656,-43.9019],[-71.7069,-43.894],[-71.7083,-43.8554],[-71.7629,-43.8409],[-71.754,-43.7892],[-71.6615,-43.7031],[-71.5993,-43.6963],[-71.5808,-43.6518],[-71.7034,-43.6253],[-71.7074,-43.5842],[-71.7597,-43.584],[-71.7766,-43.5387],[-71.8714,-43.5536],[-71.8915,-43.511],[-71.8501,-43.4794],[-71.9341,-43.4501],[-71.9325,-43.3874],[-71.8941,-43.3798],[-71.9048,-43.3223],[-71.7346,-43.3136],[-71.7572,-43.2281],[-71.7298,-43.2012],[-71.9334,-43.1023],[-71.9368,-43.0528],[-72.0363,-43.0136],[-72.1422,-42.9001],[-72.1185,-42.8817],[-72.165,-42.7987],[-72.1286,-42.7309],[-72.1786,-42.6898],[-72.096,-42.642],[-72.1185,-42.603],[-72.0568,-42.5703],[-72.0116,-42.489],[-72.0471,-42.4508],[-72.0298,-42.4065],[-72.1332,-42.3842],[-72.1211,-42.3236],[-72.1877,-42.1637],[-72.1688,-42.1381],[-72.066,-42.1483],[-72.0528,-42.1138],[-71.9575,-42.1413],[-71.9237,-42.1904],[-71.7254,-42.1101],[-71.7282,-42.0462],[-71.7622,-42.0331],[-71.7951,-41.951],[-71.7713,-41.9449],[-71.7949,-41.8358],[-71.7506,-41.8245],[-71.7737,-41.7938],[-71.7535,-41.7871],[-71.8102,-41.721],[-71.7941,-41.6942],[-71.8856,-41.606],[-71.8468,-41.5663],[-71.8175,-41.5758],[-71.852,-41.5167],[-71.8347,-41.4335],[-71.911,-41.3574],[-71.8761,-41.308],[-71.899,-41.2554],[-71.8342,-41.2713],[-71.8882,-41.1609],[-71.8408,-41.1498],[-71.8515,-41.0987],[-71.8196,-41.0604],[-71.9052,-40.9852],[-71.8572,-40.956],[-71.8582,-40.8795],[-71.9083,-40.858],[-71.9214,-40.7857],[-71.9666,-40.7451],[-71.8376,-40.6099],[-71.8251,-40.5781],[-71.8551,-40.5927],[-71.8905,-40.556],[-71.8429,-40.5253],[-71.8246,-40.4205],[-71.7353,-40.4345],[-71.657,-40.3643],[-71.685,-40.294],[-71.7168,-40.279],[-71.7516,-40.3056],[-71.8292,-40.2133],[-71.7985,-40.1873],[-71.8288,-40.1721],[-71.7997,-40.1359],[-71.8257,-40.0881],[-71.6743,-40.1043],[-71.6886,-40.0325],[-71.6205,-39.9734],[-71.5927,-39.9012],[-71.6909,-39.8427],[-71.6668,-39.8081],[-71.7126,-39.7246],[-71.6694,-39.6826],[-71.7155,-39.6483],[-71.6986,-39.5873],[-71.6778,-39.5651],[-71.6102,-39.628],[-71.5031,-39.6372],[-71.4612,-39.5831],[-71.5344,-39.5304],[-71.4729,-39.4933],[-71.4471,-39.4506],[-71.457,-39.3706],[-71.4002,-39.3503],[-71.3741,-39.2829],[-71.4212,-39.1511],[-71.3962,-39.0457],[-71.4415,-38.981],[-71.4336,-38.9289],[-71.296,-38.8712],[-71.2374,-38.8014],[-71.1855,-38.815],[-71.0937,-38.7545],[-70.9264,-38.7629],[-70.8834,-38.7014],[-70.9046,-38.6669],[-70.8271,-38.5961],[-70.8424,-38.5383],[-70.9838,-38.4311],[-70.9979,-38.2918],[-71.0323,-38.2499],[-70.9959,-38.1718],[-71.0442,-38.1227],[-70.9882,-38.0875],[-71.0554,-38.0435],[-71.0617,-37.9707],[-71.1139,-37.9519],[-71.1073,-37.8913],[-71.1834,-37.8576],[-71.1261,-37.8224],[-71.1703,-37.7857],[-71.1558,-37.7574],[-71.2106,-37.6981],[-71.2066,-37.6486],[-71.1279,-37.5877],[-71.1504,-37.5392],[-71.1158,-37.489],[-71.1537,-37.4003],[-71.1983,-37.3823],[-71.221,-37.275],[-71.1146,-37.2065],[-71.1346,-37.1412],[-71.0923,-37.1146],[-71.165,-36.9985],[-71.2223,-36.9782],[-71.1064,-36.9714],[-71.0871,-36.9361],[-71.1444,-36.9292],[-71.1219,-36.8638],[-71.1803,-36.842],[-71.1318,-36.8147],[-71.1136,-36.6796],[-71.0656,-36.7143],[-71.0094,-36.691],[-71.0574,-36.6181],[-71.0351,-36.4733],[-70.9566,-36.5049],[-70.889,-36.4661],[-70.8839,-36.3962],[-70.7139,-36.4278],[-70.6792,-36.3893],[-70.7118,-36.3453],[-70.6844,-36.3048],[-70.7061,-36.2726],[-70.5712,-36.1756],[-70.5792,-36.1402],[-70.4907,-36.1789],[-70.4208,-36.1557],[-70.4128,-36.0614],[-70.3696,-36.0388],[-70.3782,-35.9899],[-70.4231,-35.972],[-70.3658,-35.9236],[-70.4235,-35.9153],[-70.4217,-35.8762],[-70.3127,-35.8133],[-70.3788,-35.7876],[-70.3583,-35.7491],[-70.4238,-35.6401],[-70.3844,-35.6055],[-70.4122,-35.5261],[-70.3679,-35.5214],[-70.4466,-35.4635],[-70.432,-35.3183],[-70.5656,-35.2996],[-70.5836,-35.2665],[-70.5363,-35.1991],[-70.3743,-35.1705],[-70.3644,-35.0059],[-70.2479,-34.799],[-70.3063,-34.7474],[-70.2159,-34.6834],[-70.2169,-34.611],[-70.1298,-34.4852],[-70.0127,-34.4127],[-70.0312,-34.2878],[-69.9724,-34.2497],[-69.9099,-34.2917],[-69.8076,-34.248],[-69.7967,-34.2089],[-69.8731,-34.1327],[-69.8214,-34.0157],[-69.8542,-33.964],[-69.9055,-33.9647],[-69.8554,-33.8923],[-69.899,-33.8474],[-69.9043,-33.7725],[-69.8642,-33.7167],[-69.8715,-33.5389],[-69.8353,-33.5154],[-69.7955,-33.4222],[-69.8154,-33.3909],[-69.7852,-33.3912],[-69.7692,-33.3452],[-69.8002,-33.2878],[-69.9046,-33.2731],[-69.9175,-33.2447],[-70.0029,-33.3229],[-70.0388,-33.2703],[-70.0277,-33.2325],[-70.0648,-33.2053],[-70.0513,-33.1372],[-70.0941,-33.0519],[-70.0194,-33.0063],[-69.9899,-32.898],[-70.0567,-32.8575],[-70.1473,-32.7291],[-70.1721,-32.6212],[-70.1259,-32.5764],[-70.1361,-32.4875],[-70.2364,-32.4289],[-70.2179,-32.3329],[-70.3229,-32.2678],[-70.3041,-32.1361],[-70.3416,-32.1097],[-70.3354,-32.0702],[-70.388,-32.045],[-70.3539,-32.0256],[-70.2885,-32.0513],[-70.2106,-31.9577],[-70.2804,-31.8837],[-70.3749,-31.886],[-70.46,-31.8441],[-70.4677,-31.7001],[-70.5132,-31.6897],[-70.5069,-31.652],[-70.5669,-31.6002],[-70.5243,-31.1892],[-70.4567,-31.0844],[-70.4015,-31.1677],[-70.3218,-31.0443],[-70.2691,-31.0434],[-70.3233,-30.9297],[-70.2462,-30.7286],[-70.2471,-30.6347],[-70.1897,-30.5516],[-70.1952,-30.4917],[-70.1172,-30.431],[-70.1543,-30.3461],[-70.0632,-30.3947],[-69.9552,-30.3857],[-69.892,-30.3507],[-69.8857,-30.2187],[-69.8353,-30.2191],[-69.8168,-30.1882],[-69.818,-30.1294],[-69.9371,-30.12],[-69.9655,-30.0852],[-69.9103,-30.0289],[-69.9259,-30.0003],[-69.8773,-29.8628],[-69.9134,-29.8006],[-69.8797,-29.7246],[-69.94,-29.6536],[-69.9668,-29.4146],[-70.0216,-29.3835],[-70.0204,-29.3303],[-69.9383,-29.2505],[-69.9525,-29.189],[-69.8746,-29.1384],[-69.7871,-29.1301],[-69.7654,-28.9003],[-69.6929,-28.7727],[-69.7311,-28.685],[-69.6647,-28.5815],[-69.6512,-28.5324],[-69.6805,-28.4706],[-69.6326,-28.4299],[-69.6494,-28.3965],[-69.597,-28.3921],[-69.5828,-28.3524],[-69.5236,-28.3297],[-69.4563,-28.1836],[-69.3913,-28.2265],[-69.3819,-28.182],[-69.3074,-28.1289],[-69.2363,-27.9676],[-69.1559,-27.9485],[-69.0894,-27.722],[-69.0445,-27.6969],[-69.0532,-27.617],[-68.9766,-27.5606],[-68.9875,-27.5236],[-68.9423,-27.5232],[-68.9887,-27.4468],[-68.9366,-27.4444],[-68.8876,-27.3984],[-68.8687,-27.317],[-68.8085,-27.3011],[-68.8684,-27.2606],[-68.8412,-27.1546],[-68.807,-27.1526],[-68.7782,-27.0989],[-68.704,-27.1003],[-68.5728,-27.1752],[-68.557,-27.1151],[-68.4769,-27.1209],[-68.4837,-27.0579],[-68.4538,-27.0949],[-68.3477,-27.0337],[-68.2985,-27.0389],[-68.3183,-26.9825],[-68.2632,-26.9192],[-68.5877,-26.4923],[-68.5575,-26.2871],[-68.3811,-26.1782],[-68.4789,-25.7081],[-68.5458,-25.6305],[-68.515,-25.5744],[-68.5893,-25.4484],[-68.59,-25.4144],[-68.5226,-25.3744],[-68.5458,-25.2985],[-68.5072,-25.1686],[-68.4594,-25.126],[-68.4093,-25.1453],[-68.3433,-25.1106],[-68.3768,-25.0342],[-68.4069,-25.0288],[-68.4317,-24.9058],[-68.5196,-24.8738],[-68.5679,-24.7974],[-68.4918,-24.664],[-68.4948,-24.6],[-68.4685,-24.6232],[-68.4348,-24.6064],[-68.3872,-24.4842],[-68.3085,-24.4918],[-68.2583,-24.4016],[-67.3223,-24.0344],[-66.9905,-23.0004],[-67.1805,-22.8141],[-67.1278,-22.7221],[-67.0141,-22.6548],[-67.027,-22.5405],[-66.9729,-22.5407],[-66.9286,-22.4922],[-66.7825,-22.4381],[-66.7393,-22.2385],[-66.3478,-22.1281],[-66.2886,-22.087],[-66.2393,-21.7882],[-66.0763,-21.835],[-66.0482,-21.919],[-65.9248,-21.9336],[-65.7483,-22.1091],[-65.5746,-22.0762],[-64.9934,-22.0824],[-64.7368,-22.1939],[-64.618,-22.2046],[-64.5376,-22.2843],[-64.5665,-22.3693],[-64.5128,-22.4125],[-64.5252,-22.4408],[-64.4921,-22.436],[-64.4833,-22.4802],[-64.4121,-22.5384],[-64.4414,-22.6388],[-64.3947,-22.6857],[-64.4032,-22.7187],[-64.3443,-22.7394],[-64.3343,-22.874],[-64.3052,-22.8732],[-64.2653,-22.7667],[-64.2417,-22.5577],[-64.1155,-22.4056],[-64.0951,-22.3088],[-64.0624,-22.2384],[-64.0335,-22.2428],[-64.0,-22.1077],[-63.9581,-22.0858],[-63.9315,-21.9994],[-63.7091,-21.9993],[-63.6838,-22.0548],[-63.6653,-21.9993],[-62.8112,-21.9988],[-62.7876,-22.1661],[-62.7651,-22.1523],[-62.6602,-22.2507],[-62.6325,-22.2416],[-62.6284,-22.3056],[-62.5677,-22.3151],[-62.5429,-22.3745],[-62.472,-22.3755],[-62.3778,-22.4824],[-62.3617,-22.4579],[-62.2906,-22.4728],[-62.2963,-22.5191],[-62.2256,-22.5465],[-62.2609,-22.6041],[-62.1974,-22.6614],[-62.2067,-22.7042],[-62.1732,-22.7105],[-61.9996,-22.9296],[-61.9971,-23.0102],[-61.7656,-23.1581],[-61.7319,-23.2417],[-61.6702,-23.286],[-61.5989,-23.2836],[-61.5603,-23.3408],[-61.5094,-23.3499],[-61.4869,-23.4238],[-61.3517,-23.4479],[-61.2247,-23.5553],[-61.0882,-23.6139],[-61.0997,-23.6556],[-60.9899,-23.8181],[-60.9214,-23.8231],[-60.8492,-23.8739],[-60.614,-23.9016],[-60.5894,-23.9585],[-60.4778,-23.9509],[-60.3088,-24.038],[-60.0391,-24.0116],[-59.4744,-24.3314],[-59.4216,-24.4088],[-59.3731,-24.4228],[-59.3504,-24.4831],[-59.1301,-24.617],[-58.9705,-24.6632],[-58.8073,-24.7726],[-58.7261,-24.7746],[-58.6724,-24.8319],[-58.5731,-24.8211],[-58.4758,-24.86],[-58.3366,-24.9989],[-58.225,-24.9269],[-58.1377,-25.0115],[-58.0908,-25.0087],[-58.0689,-25.0458],[-58.0087,-25.0336],[-57.9754,-25.0862],[-57.8614,-25.0814],[-57.8367,-25.1315],[-57.7536,-25.1763],[-57.703,-25.3222],[-57.5547,-25.4431],[-57.5737,-25.5593],[-57.6176,-25.6165],[-57.6741,-25.5964],[-57.6753,-25.6598],[-57.7434,-25.6531],[-57.7676,-25.7005],[-57.7273,-25.7163],[-57.7765,-25.7595],[-57.8257,-25.7543],[-57.7966,-25.8249],[-57.8585,-25.858],[-57.8368,-25.9156],[-57.8953,-25.9607],[-57.8557,-26.0091],[-58.0243,-26.1074],[-58.0847,-26.1118],[-58.1197,-26.1864],[-58.1589,-26.1812],[-58.1039,-26.2285],[-58.164,-26.2653],[-58.1567,-26.345],[-58.2224,-26.403],[-58.1814,-26.4531],[-58.2335,-26.4735],[-58.192,-26.6502],[-58.2602,-26.6451],[-58.2465,-26.7508],[-58.2907,-26.7559],[-58.2846,-26.7965],[-58.3348,-26.8095],[-58.3252,-26.8697],[-58.5024,-26.926],[-58.4681,-26.9925],[-58.5196,-27.0039],[-58.5008,-27.0532],[-58.5583,-27.0372],[-58.5549,-27.1089],[-58.6376,-27.1182],[-58.6637,-27.1708],[-58.5943,-27.2242],[-58.599,-27.2998],[-58.4892,-27.2733],[-58.4134,-27.2867],[-58.2994,-27.2767],[-58.2467,-27.2615],[-58.1913,-27.2808]],[[-58.1255,-33.0295],[-58.1306,-33.0297],[-58.1333,-33.0347],[-58.1255,-33.0295]],[[-58.1264,-33.0276],[-58.1272,-33.0277],[-58.1263,-33.0278],[-58.1264,-33.0276]],[[-58.1079,-33.0205],[-58.1078,-33.0218],[-58.1065,-33.0207],[-58.1079,-33.0205]],[[-58.1149,-33.0229],[-58.1233,-33.0],[-58.1235,-33.0289],[-58.1149,-33.0229]],[[-58.1245,-33.0087],[-58.1262,-33.0076],[-58.1257,-33.0114],[-58.1245,-33.0087]],[[-58.1129,-32.9315],[-58.1124,-32.9711],[-58.109,-32.9621],[-58.1018,-32.9535],[-58.1129,-32.9315]],[[-58.1074,-33.02],[-58.0879,-32.9965],[-58.1001,-32.9516],[-58.1132,-32.9896],[-58.1074,-33.02]],[[-57.8981,-27.2784],[-57.9161,-27.2931],[-57.8937,-27.2867],[-57.8981,-27.2784]],[[-57.8959,-27.2786],[-57.8836,-27.2891],[-57.8641,-27.2929],[-57.903,-27.2737],[-57.9131,-27.2737],[-57.8959,-27.2786]],[[-57.9522,-27.2747],[-57.9457,-27.2813],[-57.9241,-27.2741],[-57.9522,-27.2747]],[[-57.9164,-27.2747],[-57.9209,-27.2696],[-57.9223,-27.2702],[-57.9164,-27.2747]]]]},"properties":{"country":"AR"}},{"type":"Feature","geometry":{"type":"MultiPolygon","coordinates":[[[[-63.0931,18.0596],[-63.1474,18.0725],[-63.1133,18.0772],[-63.0931,18.0596]]],[[[-63.0181,18.056],[-63.0931,18.0459],[-63.0866,18.0648],[-63.0963,18.0625],[-63.0195,18.1224],[-63.0181,18.056]]]]},"properties":{"country":"MF"}},{"type":"Feature","geometry":{"type":"MultiPolygon","coordinates":[[[[-62.6262,17.2272],[-62.6578,17.2134],[-62.6675,17.2696],[-62.7888,17.3031],[-62.8589,17.3962],[-62.7798,17.4039],[-62.6262,17.2272]]],[[[-62.5543,17.1068],[-62.6253,17.1087],[-62.6082,17.2059],[-62.5454,17.1805],[-62.5543,17.1068]]]]},"properties":{"country":"KN"}},{"type":"Feature","geometry":{"type":"MultiPolygon","coordinates":[[[[-85.9178,16.4511],[-85.8859,16.5021],[-85.822,16.5087],[-85.8605,16.4527],[-85.9178,16.4511]]],[[[-86.8894,16.1239],[-86.8893,16.0869],[-86.9899,16.0813],[-86.934,16.1216],[-86.8894,16.1239]]],[[[-86.3121,16.4256],[-86.2241,16.4234],[-86.3799,16.3926],[-86.6021,16.2668],[-86.5619,16.3362],[-86.3121,16.4256]]],[[[-85.0668,14.5599],[-85.1519,14.5719],[-85.1487,14.4902],[-85.2212,14.3768],[-85.1534,14.3023],[-85.1845,14.2504],[-85.3399,14.2488],[-85.3832,14.222],[-85.4041,14.1231],[-85.5049,14.0884],[-85.5194,14.0475],[-85.5733,14.0651],[-85.6776,13.9794],[-85.7534,13.9678],[-85.7523,13.8323],[-85.8196,13.8489],[-85.8454,13.9176],[-85.9137,13.9085],[-85.9185,13.9376],[-86.042,13.9961],[-86.0117,14.0801],[-86.153,14.035],[-86.1407,13.9995],[-86.1907,13.984],[-86.3323,13.7691],[-86.417,13.7591],[-86.4537,13.7898],[-86.4916,13.7689],[-86.5384,13.8053],[-86.7628,13.769],[-86.7861,13.6622],[-86.749,13.6393],[-86.7699,13.5769],[-86.7058,13.3033],[-86.7542,13.2676],[-86.829,13.3133],[-86.9091,13.2688],[-86.9181,13.0922],[-87.0501,12.9808],[-87.065,13.0024],[-87.3117,12.9875],[-87.2802,13.0231],[-87.3555,13.0593],[-87.3683,13.0815],[-87.3416,13.0952],[-87.4307,13.1009],[-87.4581,13.2224],[-87.428,13.2077],[-87.4181,13.2388],[-87.4364,13.245],[-87.4513,13.234],[-87.4456,13.2617],[-87.4544,13.2326],[-87.5051,13.283],[-87.514,13.2622],[-87.5113,13.2867],[-87.482,13.3029],[-87.4667,13.2726],[-87.4442,13.3003],[-87.4466,13.286],[-87.4346,13.2773],[-87.4344,13.2917],[-87.4468,13.3036],[-87.4299,13.2974],[-87.4147,13.3245],[-87.4452,13.3269],[-87.411,13.3388],[-87.4066,13.3171],[-87.4003,13.3189],[-87.3906,13.3444],[-87.4509,13.3434],[-87.3907,13.3603],[-87.3725,13.4056],[-87.4274,13.4269],[-87.4291,13.3974],[-87.4359,13.4219],[-87.4865,13.4298],[-87.5024,13.4101],[-87.4952,13.3992],[-87.4793,13.3991],[-87.5074,13.3972],[-87.5114,13.371],[-87.512,13.3924],[-87.5169,13.3971],[-87.5264,13.3718],[-87.5242,13.378],[-87.5261,13.3811],[-87.5321,13.3793],[-87.5305,13.383],[-87.5315,13.386],[-87.533,13.379],[-87.5247,13.3784],[-87.5302,13.374],[-87.5551,13.3782],[-87.5429,13.3819],[-87.5391,13.4055],[-87.577,13.3766],[-87.5637,13.3607],[-87.5981,13.3606],[-87.5862,13.3054],[-87.6605,13.3465],[-87.5762,13.3783],[-87.5929,13.3822],[-87.592,13.3843],[-87.5855,13.3824],[-87.5788,13.385],[-87.5772,13.3971],[-87.5774,13.3917],[-87.5687,13.3909],[-87.5868,13.4312],[-87.613,13.4313],[-87.556,13.4644],[-87.5768,13.474],[-87.6324,13.466],[-87.6429,13.4949],[-87.6422,13.4614],[-87.6464,13.4632],[-87.6426,13.4728],[-87.6444,13.4767],[-87.6508,13.4799],[-87.6584,13.4753],[-87.659,13.4838],[-87.6755,13.4909],[-87.6587,13.4746],[-87.6436,13.4729],[-87.6529,13.4535],[-87.6569,13.4694],[-87.6658,13.4648],[-87.6658,13.4695],[-87.672,13.469],[-87.6734,13.4667],[-87.6684,13.4685],[-87.6667,13.4646],[-87.6608,13.4654],[-87.6587,13.4433],[-87.6698,13.458],[-87.6763,13.4615],[-87.6859,13.4633],[-87.6792,13.4665],[-87.6807,13.4699],[-87.6846,13.4737],[-87.6923,13.4719],[-87.6767,13.444],[-87.6616,13.4462],[-87.6786,13.4325],[-87.6847,13.4465],[-87.6943,13.4498],[-87.7023,13.4473],[-87.6964,13.4214],[-87.6715,13.4139],[-87.692,13.4057],[-87.6842,13.3693],[-87.7013,13.3752],[-87.704,13.3831],[-87.6983,13.3846],[-87.6966,13.4051],[-87.6975,13.4059],[-87.6973,13.4071],[-87.6977,13.4082],[-87.6982,13.4088],[-87.7096,13.3896],[-87.7026,13.3938],[-87.7048,13.3825],[-87.702,13.3744],[-87.6944,13.3717],[-87.6959,13.3666],[-87.7554,13.3946],[-87.7401,13.3752],[-87.7515,13.3598],[-87.8175,13.4091],[-87.7164,13.4674],[-87.7208,13.5053],[-87.7935,13.524],[-87.7084,13.804],[-87.7999,13.9205],[-88.0148,13.871],[-88.0727,13.9923],[-88.23,13.9999],[-88.2269,13.9378],[-88.4685,13.8488],[-88.511,13.9109],[-88.4998,13.967],[-88.6277,14.0228],[-88.6836,14.0101],[-88.7376,14.1312],[-88.7989,14.1646],[-88.8313,14.1046],[-88.8667,14.1786],[-88.9723,14.2132],[-89.0258,14.2714],[-89.0223,14.3142],[-89.0826,14.3411],[-89.0979,14.4025],[-89.182,14.3648],[-89.356,14.4206],[-89.3561,14.4685],[-89.3019,14.4939],[-89.2389,14.5846],[-89.1511,14.5834],[-89.1312,14.713],[-89.1654,14.7316],[-89.2281,14.8825],[-89.1726,14.9286],[-89.1566,14.9798],[-89.1844,15.0025],[-89.1541,15.069],[-88.975,15.1362],[-88.6781,15.3424],[-88.3446,15.6185],[-88.3134,15.6821],[-88.2472,15.6885],[-88.2521,15.7237],[-88.1157,15.6901],[-88.0479,15.7823],[-87.9262,15.8282],[-87.9635,15.8444],[-87.9519,15.8642],[-87.7305,15.9196],[-87.6542,15.8913],[-87.6012,15.9281],[-87.6288,15.9061],[-87.6092,15.8665],[-87.4843,15.7824],[-87.374,15.8485],[-86.8982,15.7526],[-86.7753,15.801],[-86.5027,15.8167],[-86.3641,15.7802],[-86.201,15.881],[-85.9372,15.9287],[-85.9153,15.9995],[-86.0075,16.0291],[-85.7363,15.9758],[-85.4796,15.8609],[-85.2231,15.8909],[-85.0253,15.986],[-84.6508,15.8624],[-84.3057,15.8177],[-83.8878,15.4643],[-83.7283,15.393],[-83.7565,15.3704],[-83.8357,15.4267],[-83.9229,15.4428],[-83.9637,15.5062],[-84.0452,15.5265],[-84.0711,15.4815],[-84.0822,15.4882],[-84.1192,15.4765],[-84.1165,15.4619],[-84.1118,15.4546],[-84.1042,15.4486],[-84.1023,15.4343],[-84.1358,15.4224],[-84.0984,15.34],[-84.0381,15.3212],[-84.0486,15.3887],[-83.9686,15.3941],[-83.8004,15.2902],[-83.8294,15.2609],[-83.783,15.2805],[-83.7585,15.1884],[-83.6524,15.2595],[-83.6279,15.3058],[-83.6495,15.3145],[-83.6248,15.3198],[-83.7365,15.356],[-83.7198,15.3968],[-83.3911,15.2541],[-83.2924,15.0747],[-83.1317,15.007],[-83.2353,14.9823],[-83.4022,15.0297],[-83.406,14.9993],[-83.4602,14.9808],[-83.5013,15.0108],[-83.56,14.9124],[-83.7216,14.8555],[-83.7,14.8503],[-83.7006,14.8245],[-83.7837,14.8237],[-83.8445,14.7729],[-83.9352,14.7777],[-83.9261,14.748],[-84.0334,14.747],[-84.0441,14.7759],[-84.0804,14.7573],[-84.1103,14.7912],[-84.0958,14.7301],[-84.1668,14.7145],[-84.2354,14.7606],[-84.2719,14.7344],[-84.2769,14.6622],[-84.3494,14.6798],[-84.3639,14.7175],[-84.4689,14.6162],[-84.6713,14.6959],[-84.7016,14.6652],[-84.7899,14.8163],[-84.8989,14.8158],[-84.9275,14.7591],[-85.0286,14.703],[-85.0507,14.6531],[-85.0217,14.6077],[-85.0668,14.5599]]]]},"properties":{"country":"HN"}},{"type":"Feature","geometry":{"type":"MultiPolygon","coordinates":[[[[-64.7922,-12.0844],[-64.7589,-12.0963],[-64.7546,-12.1571],[-64.7358,-12.0958],[-64.7022,-12.0909],[-64.7179,-12.1451],[-64.6932,-12.1897],[-64.5764,-12.21],[-64.5537,-12.2409],[-64.5107,-12.2263],[-64.5092,-12.361],[-64.4075,-12.446],[-64.2936,-12.4581],[-64.2906,-12.5018],[-64.2307,-12.4536],[-64.1739,-12.4664],[-64.1672,-12.5135],[-64.1329,-12.4763],[-64.1243,-12.5051],[-64.0937,-12.4835],[-63.9512,-12.5296],[-63.901,-12.503],[-63.8891,-12.4458],[-63.8344,-12.4621],[-63.7854,-12.4278],[-63.5561,-12.5052],[-63.5041,-12.5657],[-63.4374,-12.5643],[-63.4408,-12.6075],[-63.2969,-12.6825],[-63.2357,-12.6892],[-63.2467,-12.6616],[-63.1986,-12.6576],[-63.194,-12.6231],[-63.1662,-12.6422],[-63.1609,-12.6129],[-63.0937,-12.6333],[-63.0993,-12.681],[-63.0616,-12.6861],[-63.0819,-12.7231],[-63.0465,-12.7412],[-63.0117,-12.8358],[-62.8941,-12.8558],[-62.8477,-12.9481],[-62.8054,-12.9408],[-62.781,-13.0085],[-62.6489,-12.9645],[-62.6308,-13.0148],[-62.5997,-13.015],[-62.6099,-13.0429],[-62.5042,-13.0822],[-62.4583,-13.0616],[-62.4151,-13.1277],[-62.2742,-13.1573],[-62.2155,-13.1105],[-62.1931,-13.1533],[-62.1675,-13.1134],[-62.15,-13.1631],[-62.1168,-13.1574],[-62.1148,-13.2593],[-61.9746,-13.3681],[-61.9695,-13.4072],[-61.8958,-13.4281],[-61.856,-13.5382],[-61.7734,-13.5161],[-61.7586,-13.5409],[-61.6949,-13.4992],[-61.6249,-13.5169],[-61.5784,-13.4872],[-61.572,-13.518],[-61.4691,-13.5544],[-61.3068,-13.5035],[-61.2993,-13.4779],[-61.1947,-13.537],[-61.1835,-13.506],[-61.1038,-13.5317],[-61.0953,-13.4918],[-61.0566,-13.5126],[-61.0152,-13.4884],[-60.9884,-13.5011],[-61.0076,-13.5506],[-60.9216,-13.5416],[-60.8776,-13.6198],[-60.7684,-13.6833],[-60.4671,-13.795],[-60.4929,-13.856],[-60.4563,-13.8545],[-60.4761,-13.886],[-60.4509,-13.8834],[-60.451,-13.937],[-60.3815,-13.9898],[-60.4804,-14.0955],[-60.4933,-14.189],[-60.4501,-14.2398],[-60.454,-14.314],[-60.3958,-14.3645],[-60.4079,-14.4135],[-60.3395,-14.5108],[-60.3229,-14.6104],[-60.2736,-14.621],[-60.245,-15.0974],[-60.5752,-15.0977],[-60.2392,-15.4749],[-60.1738,-16.2667],[-58.4308,-16.3224],[-58.3894,-16.2618],[-58.3223,-16.2656],[-58.3079,-16.3717],[-58.356,-16.428],[-58.333,-16.49],[-58.436,-16.592],[-58.47,-16.703],[-58.474,-16.935],[-58.423,-16.989],[-58.434,-17.086],[-58.386,-17.111],[-58.396,-17.181],[-58.263,-17.344],[-58.151,-17.384],[-58.116,-17.451],[-58.06,-17.45],[-57.996,-17.515],[-57.883,-17.449],[-57.7518,-17.5662],[-57.7957,-17.56],[-57.7822,-17.6427],[-57.685,-17.8104],[-57.723,-17.8307],[-57.574,-18.131],[-57.453,-18.231],[-57.557,-18.24],[-57.7352,-18.7972],[-57.766,-18.899],[-57.719,-18.899],[-57.691,-19.0109],[-57.784,-19.033],[-58.131,-19.758],[-57.858,-19.9703],[-57.9025,-20.0421],[-57.9535,-20.0209],[-58.1697,-20.1671],[-58.1379,-20.1201],[-58.214,-19.9534],[-58.202,-19.8627],[-58.1639,-19.8273],[-59.0689,-19.2876],[-59.9778,-19.2947],[-60.6043,-19.4566],[-61.7352,-19.6344],[-61.9225,-20.0892],[-62.2663,-20.5632],[-62.2609,-21.0586],[-62.6546,-22.2507],[-62.7492,-22.1621],[-62.7896,-22.1639],[-62.8112,-21.9988],[-63.6653,-21.9993],[-63.6838,-22.0548],[-63.7091,-21.9993],[-63.9315,-21.9994],[-63.9581,-22.0858],[-64.0,-22.1077],[-64.0335,-22.2428],[-64.0624,-22.2384],[-64.0951,-22.3088],[-64.1155,-22.4056],[-64.2417,-22.5577],[-64.2827,-22.8251],[-64.3052,-22.8732],[-64.3359,-22.8739],[-64.3443,-22.7394],[-64.4032,-22.7187],[-64.3947,-22.6857],[-64.4414,-22.6388],[-64.4121,-22.5384],[-64.4833,-22.4802],[-64.4921,-22.436],[-64.5252,-22.4408],[-64.5128,-22.4125],[-64.5665,-22.3693],[-64.5376,-22.2843],[-64.618,-22.2046],[-64.7368,-22.1939],[-64.9934,-22.0824],[-65.5746,-22.0762],[-65.7483,-22.1091],[-65.9248,-21.9336],[-66.0482,-21.919],[-66.0763,-21.835],[-66.221,-21.7809],[-66.2886,-22.087],[-66.3478,-22.1281],[-66.7393,-22.2385],[-66.7825,-22.4381],[-66.9286,-22.4922],[-66.9729,-22.5407],[-67.027,-22.5405],[-67.0141,-22.6548],[-67.1278,-22.7221],[-67.1805,-22.8141],[-67.5674,-22.8983],[-67.7987,-22.8808],[-67.8839,-22.8299],[-67.8834,-22.6284],[-67.8335,-22.5796],[-67.8407,-22.5346],[-67.893,-22.4993],[-67.9033,-22.402],[-67.9426,-22.3815],[-67.9376,-22.2735],[-67.9155,-22.2725],[-67.9556,-22.1768],[-67.939,-22.1083],[-67.9647,-22.0537],[-68.0713,-21.9825],[-68.0605,-21.7701],[-68.1805,-21.6044],[-68.179,-21.3024],[-68.4123,-20.9344],[-68.493,-20.946],[-68.5436,-20.9039],[-68.5533,-20.7284],[-68.4415,-20.6354],[-68.7387,-20.4568],[-68.7416,-20.3686],[-68.6746,-20.3569],[-68.6606,-20.3191],[-68.7126,-20.2477],[-68.7041,-20.1357],[-68.7738,-20.1297],[-68.7621,-20.0782],[-68.5663,-20.0501],[-68.5216,-19.9243],[-68.5282,-19.8455],[-68.5994,-19.828],[-68.696,-19.7386],[-68.6232,-19.7008],[-68.4048,-19.4162],[-68.5426,-19.2968],[-68.6198,-19.2765],[-68.8059,-19.0837],[-68.8897,-19.0434],[-68.9502,-18.9366],[-68.9114,-18.8906],[-68.9256,-18.8431],[-68.9844,-18.6781],[-69.0366,-18.6231],[-69.0068,-18.6008],[-69.0015,-18.4836],[-69.0475,-18.4264],[-69.0628,-18.2352],[-69.1458,-18.1631],[-69.0566,-18.0612],[-69.1211,-18.0051],[-69.2885,-17.9609],[-69.3366,-17.7322],[-69.4679,-17.6048],[-69.4685,-17.3741],[-69.5762,-17.2914],[-69.645,-17.2818],[-69.5569,-17.1593],[-69.3737,-17.0731],[-69.3936,-17.0206],[-69.1862,-16.7976],[-69.17,-16.7275],[-68.9961,-16.6566],[-69.0401,-16.5723],[-68.9885,-16.4254],[-68.7955,-16.3314],[-68.9613,-16.1944],[-69.0983,-16.2257],[-69.1964,-16.1681],[-69.4018,-15.606],[-69.3145,-15.518],[-69.2901,-15.4369],[-69.2408,-15.4604],[-69.2603,-15.374],[-69.1763,-15.2614],[-69.1196,-15.259],[-69.1905,-15.1588],[-69.2773,-15.1099],[-69.3606,-14.9611],[-69.3538,-14.8017],[-69.2399,-14.7595],[-69.2584,-14.684],[-69.2214,-14.5818],[-69.15,-14.5803],[-69.154,-14.5216],[-68.9854,-14.3747],[-69.0152,-14.3147],[-68.985,-14.2371],[-68.8268,-14.2156],[-68.8908,-14.0463],[-68.9787,-13.9761],[-68.9836,-13.8953],[-68.9172,-13.8142],[-68.9948,-13.787],[-68.9745,-13.7606],[-69.067,-13.6733],[-68.9525,-13.6044],[-68.8961,-13.4613],[-68.8453,-13.2467],[-68.878,-13.1362],[-68.8489,-13.0464],[-68.8798,-12.9889],[-68.8707,-12.8706],[-68.8348,-12.8578],[-68.804,-12.7566],[-68.7288,-12.7125],[-68.7127,-12.6807],[-68.7419,-12.6343],[-68.652,-12.498],[-68.9702,-11.9131],[-69.5718,-10.9455],[-69.2335,-10.9398],[-69.0388,-10.9765],[-68.9924,-11.0114],[-68.953,-10.9896],[-68.9107,-11.0221],[-68.7928,-10.9899],[-68.7892,-11.0144],[-68.7477,-11.0095],[-68.7662,-11.0662],[-68.7164,-11.1473],[-68.5445,-11.1089],[-68.2367,-10.9612],[-68.1958,-10.8597],[-68.1037,-10.7769],[-68.1052,-10.715],[-68.033,-10.6558],[-67.8646,-10.6407],[-67.7083,-10.7108],[-67.6757,-10.6052],[-67.5677,-10.5008],[-67.4367,-10.4492],[-67.4071,-10.3729],[-67.3518,-10.393],[-67.3108,-10.3774],[-67.3167,-10.32],[-67.1775,-10.3392],[-67.1261,-10.2905],[-67.0158,-10.2587],[-66.9969,-10.199],[-66.9528,-10.1889],[-66.8751,-10.0827],[-66.8376,-10.084],[-66.6629,-9.9369],[-66.6371,-9.9501],[-66.6199,-9.8935],[-66.4366,-9.8652],[-66.426,-9.899],[-66.3472,-9.8382],[-66.2356,-9.8128],[-66.2038,-9.8351],[-66.1525,-9.7842],[-66.1032,-9.7821],[-66.093,-9.814],[-66.0699,-9.7828],[-65.9822,-9.8101],[-65.9745,-9.7756],[-65.9198,-9.7531],[-65.8718,-9.7531],[-65.8653,-9.7953],[-65.7996,-9.7566],[-65.7944,-9.793],[-65.7701,-9.7344],[-65.7432,-9.783],[-65.6839,-9.7499],[-65.7102,-9.8086],[-65.6696,-9.7813],[-65.6271,-9.8382],[-65.5561,-9.845],[-65.565,-9.8113],[-65.5005,-9.7856],[-65.5002,-9.7297],[-65.4443,-9.6689],[-65.3729,-9.7002],[-65.2847,-9.8506],[-65.333,-9.965],[-65.2884,-10.2145],[-65.4301,-10.485],[-65.4057,-10.6393],[-65.3467,-10.6816],[-65.3538,-10.7888],[-65.2748,-10.873],[-65.2505,-10.9851],[-65.3007,-11.0314],[-65.2827,-11.0901],[-65.3621,-11.1468],[-65.3521,-11.1862],[-65.3129,-11.1958],[-65.3599,-11.2203],[-65.3464,-11.3044],[-65.2902,-11.3203],[-65.3325,-11.3369],[-65.3085,-11.4962],[-65.2118,-11.5286],[-65.2198,-11.6634],[-65.2604,-11.7064],[-65.1822,-11.7561],[-65.1898,-11.7227],[-65.0867,-11.7082],[-65.0705,-11.873],[-65.0204,-11.9257],[-65.0351,-11.9943],[-64.9779,-12.0184],[-64.947,-11.9928],[-64.9177,-12.0267],[-64.8412,-12.0099],[-64.8098,-12.0567],[-64.8367,-12.1181],[-64.7922,-12.0844]]]]},"properties":{"country":"BO"}},{"type":"Feature","geometry":{"type":"MultiPolygon","coordinates":[[[[-105.3604,-26.4712],[-105.3631,-26.4751],[-105.3659,-26.4702],[-105.3604,-26.4712]]],[[[-109.2277,-27.1042],[-109.4265,-27.1972],[-109.4499,-27.1783],[-109.3853,-27.0564],[-109.2277,-27.1042]]],[[[-78.8657,-33.6444],[-78.9484,-33.6773],[-78.8737,-33.6055],[-78.7697,-33.6712],[-78.8605,-33.6674],[-78.8657,-33.6444]]],[[[-80.7753,-33.8162],[-80.8285,-33.783],[-80.8109,-33.7271],[-80.7762,-33.7228],[-80.7548,-33.7658],[-80.7753,-33.8162]]],[[[-70.9077,-53.8827],[-70.852,-53.8651],[-70.8606,-53.8354],[-70.784,-53.8238],[-70.6142,-53.8706],[-70.6007,-53.8246],[-70.7117,-53.7755],[-70.7128,-53.6989],[-70.5965,-53.6495],[-70.5382,-53.5686],[-70.4693,-53.569],[-70.4784,-53.672],[-70.4464,-53.7826],[-70.4106,-53.8045],[-70.4545,-53.8001],[-70.4159,-53.8738],[-70.4521,-53.8856],[-70.3321,-54.0191],[-70.441,-54.0599],[-70.6817,-53.9268],[-70.5617,-54.038],[-70.5454,-54.1068],[-70.5904,-54.1123],[-70.5161,-54.1388],[-70.5377,-54.1439],[-70.5312,-54.2072],[-70.457,-54.2552],[-70.4923,-54.2525],[-70.841,-54.1218],[-70.7913,-54.0967],[-70.8828,-54.0605],[-70.8699,-53.9858],[-70.9016,-53.9337],[-70.841,-53.9373],[-70.9077,-53.8827]]],[[[-70.6177,-52.8382],[-70.7337,-52.9104],[-70.7832,-52.9112],[-70.7502,-52.8748],[-70.6177,-52.8382]]],[[[-69.934,-54.2939],[-69.956,-54.2695],[-69.9136,-54.2777],[-69.934,-54.2939]]],[[[-70.0339,-54.8855],[-69.9967,-54.8942],[-70.103,-54.8928],[-70.0339,-54.8855]]],[[[-71.1214,-54.0427],[-71.1349,-54.0669],[-71.1503,-54.0517],[-71.1214,-54.0427]]],[[[-71.1795,-54.0844],[-71.2467,-54.057],[-71.2437,-54.0153],[-71.1795,-54.0844]]],[[[-70.5008,-54.064],[-70.4145,-54.082],[-70.3141,-54.0432],[-70.2807,-54.0796],[-70.3082,-54.1474],[-70.3711,-54.1561],[-70.4513,-54.1267],[-70.5008,-54.064]]],[[[-71.5938,-53.9537],[-71.5343,-53.9441],[-71.5034,-54.0093],[-71.4832,-53.986],[-71.5092,-53.9501],[-71.4456,-53.9458],[-71.4307,-53.9768],[-71.4619,-53.9959],[-71.4024,-54.0123],[-71.406,-54.051],[-71.4312,-54.0484],[-71.3964,-54.0564],[-71.4021,-54.0929],[-71.3641,-54.0487],[-71.3919,-53.9713],[-71.2792,-53.9971],[-71.2417,-54.0912],[-71.2995,-54.11],[-71.212,-54.1179],[-71.2092,-54.186],[-71.1884,-54.179],[-71.1912,-54.1058],[-71.1462,-54.0869],[-71.151,-54.1402],[-71.1194,-54.1628],[-71.1187,-54.0928],[-71.0785,-54.0592],[-71.0011,-54.0909],[-70.9888,-54.1397],[-71.0349,-54.1538],[-71.0388,-54.202],[-71.0778,-54.2042],[-71.042,-54.2219],[-70.973,-54.164],[-70.9755,-54.2436],[-71.0385,-54.2433],[-70.9709,-54.278],[-71.0093,-54.31],[-71.0607,-54.2981],[-71.0235,-54.3338],[-71.0435,-54.3481],[-71.1634,-54.3085],[-71.068,-54.3581],[-71.0977,-54.3954],[-71.1552,-54.4009],[-71.1796,-54.3329],[-71.1969,-54.3798],[-71.3682,-54.3],[-71.2045,-54.2914],[-71.2355,-54.2526],[-71.1717,-54.2445],[-71.2141,-54.2378],[-71.2119,-54.21],[-71.3149,-54.2689],[-71.3237,-54.217],[-71.368,-54.2631],[-71.4541,-54.2088],[-71.443,-54.1731],[-71.3659,-54.1441],[-71.4144,-54.1551],[-71.3967,-54.1143],[-71.4409,-54.1531],[-71.4672,-54.1354],[-71.468,-54.1408],[-71.5093,-54.1261],[-71.5327,-54.1265],[-71.4552,-54.1604],[-71.48,-54.1919],[-71.5014,-54.1811],[-71.5998,-54.1928],[-71.5983,-54.2446],[-71.6731,-54.2253],[-71.7058,-54.1523],[-71.5625,-54.0823],[-71.6001,-54.0913],[-71.6347,-54.0684],[-71.6102,-54.0619],[-71.6559,-54.0112],[-71.6017,-53.9361],[-71.5608,-53.9424],[-71.5938,-53.9537]]],[[[-71.5805,-54.2628],[-71.587,-54.2017],[-71.5011,-54.1823],[-71.484,-54.2261],[-71.5131,-54.2189],[-71.5201,-54.2778],[-71.5526,-54.2444],[-71.5805,-54.2628]]],[[[-72.4984,-54.2332],[-72.4581,-54.2403],[-72.5196,-54.2178],[-72.4986,-54.1936],[-72.4017,-54.1861],[-72.3463,-54.1493],[-72.4291,-54.1555],[-72.4251,-54.1277],[-72.2938,-54.1094],[-72.4299,-54.096],[-72.344,-54.0593],[-72.2464,-54.1036],[-72.2776,-54.1217],[-72.2044,-54.1398],[-72.2287,-54.1551],[-72.2449,-54.1331],[-72.2508,-54.1418],[-72.2571,-54.1329],[-72.2901,-54.1478],[-72.2609,-54.1585],[-72.2607,-54.1992],[-72.332,-54.1988],[-72.3026,-54.2342],[-72.3295,-54.256],[-72.321,-54.2634],[-72.4146,-54.2234],[-72.4085,-54.2641],[-72.3533,-54.2719],[-72.3731,-54.2906],[-72.3919,-54.2928],[-72.3817,-54.2699],[-72.4011,-54.2788],[-72.4159,-54.2563],[-72.4399,-54.2817],[-72.5069,-54.262],[-72.4984,-54.2332]]],[[[-70.3571,-54.2013],[-70.2928,-54.2056],[-70.2641,-54.21],[-70.292,-54.2298],[-70.2959,-54.2433],[-70.2448,-54.2181],[-70.2151,-54.2433],[-70.2512,-54.2828],[-70.3354,-54.2807],[-70.4983,-54.2253],[-70.48,-54.2245],[-70.5244,-54.1464],[-70.3571,-54.2013]]],[[[-72.0898,-54.2599],[-72.0588,-54.2477],[-71.981,-54.2478],[-71.9962,-54.2863],[-72.0585,-54.2852],[-72.0898,-54.2599]]],[[[-71.52,-54.317],[-71.506,-54.2287],[-71.4839,-54.2628],[-71.4627,-54.2295],[-71.3958,-54.2624],[-71.397,-54.2871],[-71.4291,-54.2817],[-71.3876,-54.3287],[-71.52,-54.317]]],[[[-72.3538,-52.6871],[-72.3169,-52.6603],[-72.3282,-52.6923],[-72.3538,-52.6871]]],[[[-71.8347,-53.0777],[-71.8474,-53.1069],[-71.8616,-53.1027],[-71.8653,-53.0894],[-71.8347,-53.0777]]],[[[-73.0373,-53.3088],[-73.1712,-53.2673],[-73.1611,-53.2344],[-73.1941,-53.2557],[-73.2594,-53.2084],[-73.2173,-53.2284],[-73.2045,-53.219],[-73.3125,-53.1621],[-73.1218,-53.2118],[-73.0848,-53.1754],[-73.0234,-53.1989],[-73.0127,-53.1704],[-72.9698,-53.2021],[-72.9393,-53.1736],[-72.9051,-53.1899],[-72.9262,-53.2136],[-72.8839,-53.1975],[-72.7531,-53.2428],[-72.7668,-53.3122],[-72.7229,-53.3005],[-72.7339,-53.2623],[-72.6829,-53.2595],[-72.8537,-53.1896],[-72.7158,-53.2078],[-72.7567,-53.1875],[-72.7475,-53.1651],[-72.8037,-53.1615],[-72.6609,-53.1664],[-72.7321,-53.1099],[-72.7398,-53.1387],[-72.7927,-53.1173],[-72.8601,-53.1576],[-72.9734,-53.109],[-72.8484,-53.0367],[-72.9193,-53.053],[-72.9462,-53.0165],[-72.915,-53.0031],[-72.963,-52.939],[-72.9013,-52.9204],[-73.0112,-52.8562],[-72.9061,-52.8448],[-72.7808,-52.7864],[-72.8206,-52.8215],[-72.8042,-52.8261],[-72.6939,-52.7244],[-72.602,-52.7707],[-72.6107,-52.8074],[-72.7195,-52.8689],[-72.6976,-52.9075],[-72.6794,-52.8647],[-72.5767,-52.8035],[-72.5226,-52.8134],[-72.5497,-52.8157],[-72.6288,-52.8606],[-72.6394,-52.8777],[-72.5496,-52.8261],[-72.6014,-52.8684],[-72.4806,-52.8258],[-72.4217,-52.8816],[-72.4325,-52.8211],[-72.2034,-52.7041],[-72.165,-52.6479],[-72.0477,-52.6832],[-71.9681,-52.6475],[-71.9178,-52.6871],[-71.7761,-52.7032],[-71.4771,-52.6463],[-71.3958,-52.7223],[-71.4309,-52.7397],[-71.3883,-52.7965],[-71.4106,-52.8341],[-71.4843,-52.8358],[-71.908,-53.0027],[-72.0359,-53.1369],[-72.1302,-53.1454],[-72.217,-53.0716],[-72.3166,-53.0414],[-72.358,-53.0385],[-72.2359,-53.0991],[-72.3935,-53.0505],[-72.6041,-53.074],[-72.3896,-53.0839],[-72.3271,-53.1196],[-72.3515,-53.1345],[-72.2464,-53.1447],[-72.2544,-53.1587],[-72.2047,-53.1944],[-72.2674,-53.2147],[-72.3628,-53.1806],[-72.4027,-53.1992],[-72.3182,-53.2238],[-72.3594,-53.2405],[-72.4318,-53.2265],[-72.443,-53.192],[-72.5211,-53.2002],[-72.4579,-53.2392],[-72.5343,-53.2231],[-72.5373,-53.1937],[-72.6165,-53.1954],[-72.5278,-53.2397],[-72.4211,-53.259],[-72.4818,-53.3093],[-72.5294,-53.27],[-72.5569,-53.2717],[-72.5071,-53.3511],[-72.5417,-53.3772],[-72.6072,-53.3805],[-72.6438,-53.345],[-72.6746,-53.3468],[-72.5806,-53.4003],[-72.6159,-53.4385],[-72.5566,-53.3942],[-72.5211,-53.4022],[-72.3905,-53.535],[-72.5569,-53.5388],[-72.5329,-53.4992],[-72.5729,-53.5199],[-72.6521,-53.4861],[-72.6035,-53.4636],[-72.724,-53.4605],[-72.7612,-53.398],[-72.7945,-53.4347],[-72.8028,-53.3755],[-72.8179,-53.3808],[-72.8109,-53.3935],[-72.8195,-53.3982],[-72.9071,-53.3839],[-72.9134,-53.3761],[-72.8778,-53.3679],[-72.8765,-53.3549],[-72.935,-53.3648],[-73.0485,-53.2825],[-73.0373,-53.3088]]],[[[-72.2947,-53.1012],[-72.2707,-53.0946],[-72.2294,-53.11],[-72.2337,-53.1248],[-72.2947,-53.1012]]],[[[-72.4304,-53.5647],[-72.2984,-53.6038],[-72.3206,-53.6261],[-72.2689,-53.6245],[-72.2501,-53.6547],[-72.2857,-53.6742],[-72.3664,-53.6527],[-72.4304,-53.5647]]],[[[-72.0943,-53.7553],[-72.1016,-53.7261],[-72.0629,-53.758],[-72.0943,-53.7553]]],[[[-72.9237,-51.7897],[-72.959,-51.7944],[-72.9619,-51.7789],[-72.9237,-51.7897]]],[[[-72.901,-44.4331],[-72.9627,-44.5164],[-72.9831,-44.5765],[-72.8678,-44.4271],[-72.7779,-44.4476],[-72.6848,-44.5293],[-72.8046,-44.6467],[-72.9018,-44.6299],[-72.9679,-44.5822],[-72.9617,-44.6284],[-72.7937,-44.6691],[-72.8199,-44.7333],[-72.9538,-44.7888],[-73.0416,-44.8797],[-73.2171,-44.9373],[-73.3771,-44.8478],[-73.3908,-44.8155],[-73.3259,-44.8214],[-73.2896,-44.7927],[-73.2487,-44.8111],[-73.16,-44.8122],[-73.2633,-44.7793],[-73.2573,-44.7419],[-73.3636,-44.7991],[-73.3901,-44.7601],[-73.3472,-44.7358],[-73.4287,-44.7336],[-73.4273,-44.6421],[-73.4514,-44.6384],[-73.3878,-44.5671],[-73.3953,-44.5986],[-73.3503,-44.5858],[-73.3762,-44.5979],[-73.3476,-44.6046],[-73.353,-44.6374],[-73.3082,-44.6018],[-73.2119,-44.6368],[-73.2705,-44.5404],[-73.1439,-44.5823],[-73.1143,-44.5751],[-73.1193,-44.5467],[-73.2475,-44.5015],[-73.2471,-44.4363],[-73.1633,-44.3991],[-73.1307,-44.4539],[-73.1195,-44.4174],[-73.1189,-44.4459],[-73.0959,-44.459],[-73.1176,-44.4174],[-73.0911,-44.4305],[-73.0723,-44.4149],[-73.0347,-44.4823],[-73.0035,-44.4964],[-73.0366,-44.4168],[-73.0995,-44.4031],[-73.0902,-44.3743],[-73.0372,-44.3864],[-72.9732,-44.364],[-72.9406,-44.4241],[-72.9397,-44.3983],[-72.901,-44.4331]]],[[[-72.8995,-51.8729],[-72.9996,-52.0552],[-73.1108,-52.0868],[-73.1317,-52.0317],[-73.0862,-51.9512],[-72.9874,-51.9015],[-72.9257,-51.906],[-72.8995,-51.8729]]],[[[-73.4317,-52.7183],[-73.3795,-52.7059],[-73.3268,-52.6943],[-73.3798,-52.7314],[-73.416,-52.7379],[-73.404,-52.7352],[-73.3986,-52.7181],[-73.4317,-52.7183]]],[[[-73.3642,-52.7224],[-73.321,-52.7013],[-73.3182,-52.74],[-73.3832,-52.7615],[-73.4123,-52.752],[-73.3598,-52.7418],[-73.3294,-52.7188],[-73.3642,-52.7224]]],[[[-73.577,-52.7552],[-73.6092,-52.7785],[-73.6482,-52.7291],[-73.577,-52.7552]]],[[[-73.4625,-52.7745],[-73.4351,-52.7758],[-73.3977,-52.7974],[-73.4177,-52.8153],[-73.4625,-52.7745]]],[[[-73.4565,-52.7979],[-73.4967,-52.7813],[-73.5157,-52.7832],[-73.4847,-52.7738],[-73.4565,-52.7979]]],[[[-72.6612,-52.5716],[-72.6216,-52.5844],[-72.6782,-52.5824],[-72.6612,-52.5716]]],[[[-72.2938,-52.579],[-72.2326,-52.5834],[-72.2363,-52.6035],[-72.2807,-52.6075],[-72.2938,-52.579]]],[[[-72.6539,-52.6375],[-72.6628,-52.6072],[-72.5818,-52.6342],[-72.6539,-52.6375]]],[[[-72.5779,-52.7399],[-72.5303,-52.7461],[-72.5821,-52.7607],[-72.5779,-52.7399]]],[[[-72.506,-52.7668],[-72.4799,-52.7771],[-72.4915,-52.7511],[-72.4585,-52.7312],[-72.3698,-52.7345],[-72.4613,-52.7905],[-72.506,-52.7668]]],[[[-72.5372,-52.7812],[-72.5127,-52.7773],[-72.5011,-52.7876],[-72.5191,-52.8021],[-72.5372,-52.7812]]],[[[-72.5238,-53.3188],[-72.4834,-53.3216],[-72.4927,-53.3373],[-72.5238,-53.3188]]],[[[-73.2037,-53.9163],[-73.1482,-53.8998],[-73.1322,-53.9058],[-73.1578,-53.9203],[-73.2037,-53.9163]]],[[[-73.2783,-53.9455],[-73.1939,-53.92],[-73.1757,-53.9384],[-73.2245,-53.9653],[-73.2444,-53.9574],[-73.2129,-53.9401],[-73.2783,-53.9455]]],[[[-73.1212,-54.0291],[-73.0444,-54.0244],[-73.055,-54.0338],[-73.1212,-54.0291]]],[[[-73.1974,-54.136],[-73.1883,-54.1076],[-73.1627,-54.1151],[-73.1688,-54.1339],[-73.1974,-54.136]]],[[[-73.0903,-54.1193],[-73.1142,-54.1675],[-73.1546,-54.1554],[-73.1237,-54.1021],[-73.0903,-54.1193]]],[[[-73.0651,-54.1478],[-73.0742,-54.171],[-73.0932,-54.1812],[-73.1028,-54.159],[-73.0651,-54.1478]]],[[[-72.7442,-54.1258],[-72.7547,-54.1442],[-72.7718,-54.1498],[-72.7705,-54.1311],[-72.7442,-54.1258]]],[[[-72.6471,-54.1134],[-72.6702,-54.146],[-72.6746,-54.1271],[-72.6889,-54.1208],[-72.6471,-54.1134]]],[[[-72.5522,-54.1331],[-72.6479,-54.1422],[-72.6161,-54.108],[-72.5522,-54.1331]]],[[[-72.5263,-54.1624],[-72.522,-54.1405],[-72.4815,-54.1246],[-72.4872,-54.1486],[-72.5263,-54.1624]]],[[[-72.1867,-54.2154],[-72.1845,-54.2946],[-72.1618,-54.3017],[-72.2163,-54.2906],[-72.2168,-54.2141],[-72.1867,-54.2154]]],[[[-72.5343,-54.2656],[-72.4537,-54.2961],[-72.5672,-54.2836],[-72.5343,-54.2656]]],[[[-72.6942,-54.2478],[-72.6517,-54.2536],[-72.6476,-54.2686],[-72.7023,-54.2759],[-72.6942,-54.2478]]],[[[-72.674,-54.3349],[-72.6716,-54.3116],[-72.6443,-54.3284],[-72.674,-54.3349]]],[[[-73.0425,-54.1772],[-73.0099,-54.1733],[-73.0294,-54.194],[-73.0425,-54.1772]]],[[[-73.0093,-54.2357],[-72.9687,-54.1951],[-72.9268,-54.2119],[-72.9681,-54.2341],[-73.0093,-54.2357]]],[[[-72.9817,-54.4852],[-73.0865,-54.4828],[-72.9565,-54.447],[-72.9817,-54.4852]]],[[[-72.2527,-54.3012],[-72.2771,-54.3147],[-72.2562,-54.3322],[-72.3506,-54.3056],[-72.2527,-54.3012]]],[[[-71.7627,-54.2918],[-71.6591,-54.2869],[-71.6731,-54.3217],[-71.6444,-54.3152],[-71.6762,-54.3273],[-71.7363,-54.3195],[-71.7627,-54.2918]]],[[[-71.6268,-54.2835],[-71.5767,-54.2989],[-71.5684,-54.3071],[-71.6101,-54.3015],[-71.6268,-54.2835]]],[[[-71.628,-54.3283],[-71.6487,-54.302],[-71.6018,-54.3247],[-71.628,-54.3283]]],[[[-71.6075,-54.3809],[-71.57,-54.3668],[-71.5365,-54.3861],[-71.6075,-54.3809]]],[[[-71.9881,-54.3839],[-71.9833,-54.361],[-71.9436,-54.371],[-71.9881,-54.3839]]],[[[-72.1257,-54.3769],[-72.103,-54.363],[-72.0781,-54.3742],[-72.0836,-54.3804],[-72.1257,-54.3769]]],[[[-71.898,-54.3849],[-71.9675,-54.3957],[-71.9773,-54.3872],[-71.898,-54.3849]]],[[[-72.5461,-54.3472],[-72.4934,-54.3688],[-72.5106,-54.345],[-72.4056,-54.3444],[-72.4209,-54.3194],[-72.288,-54.3428],[-72.3294,-54.3754],[-72.3759,-54.3523],[-72.3548,-54.3826],[-72.4741,-54.375],[-72.4217,-54.3972],[-72.4624,-54.4431],[-72.5461,-54.3472]]],[[[-72.2324,-54.3802],[-72.1222,-54.3786],[-72.0859,-54.405],[-72.1719,-54.4293],[-72.1988,-54.4132],[-72.1464,-54.395],[-72.2056,-54.4081],[-72.2324,-54.3802]]],[[[-72.3109,-54.3925],[-72.2192,-54.4566],[-72.2627,-54.466],[-72.3047,-54.4338],[-72.2844,-54.4628],[-72.3051,-54.4751],[-72.3663,-54.4178],[-72.3109,-54.3925]]],[[[-72.3831,-54.4314],[-72.407,-54.461],[-72.4317,-54.4442],[-72.3831,-54.4314]]],[[[-72.1178,-54.4306],[-72.0866,-54.4102],[-72.0582,-54.4514],[-72.0851,-54.4538],[-72.1178,-54.4306]]],[[[-71.8135,-54.4094],[-71.8717,-54.4224],[-71.8767,-54.4177],[-71.8497,-54.4101],[-71.8135,-54.4094]]],[[[-71.6663,-54.4306],[-71.6621,-54.388],[-71.6003,-54.4526],[-71.6663,-54.4306]]],[[[-71.7757,-54.4926],[-71.7771,-54.5245],[-71.7977,-54.5211],[-71.8027,-54.5046],[-71.7757,-54.4926]]],[[[-72.1064,-54.4733],[-72.1286,-54.4763],[-72.1508,-54.4594],[-72.1348,-54.4587],[-72.1064,-54.4733]]],[[[-72.0596,-54.535],[-72.0195,-54.5266],[-71.9413,-54.5828],[-72.023,-54.5868],[-72.0596,-54.535]]],[[[-72.085,-54.6045],[-72.0794,-54.5842],[-72.0488,-54.6042],[-72.085,-54.6045]]],[[[-71.8037,-54.677],[-71.8235,-54.7015],[-71.8374,-54.683],[-71.8037,-54.677]]],[[[-72.0056,-54.6778],[-72.018,-54.703],[-72.0296,-54.7108],[-72.0336,-54.6951],[-72.0056,-54.6778]]],[[[-72.0357,-54.6356],[-72.0445,-54.6682],[-72.0878,-54.6531],[-72.0365,-54.6096],[-72.0336,-54.6195],[-71.97,-54.6427],[-71.9748,-54.6579],[-71.938,-54.661],[-71.9008,-54.7118],[-71.9874,-54.7293],[-71.9541,-54.7121],[-71.9964,-54.6988],[-71.9624,-54.6816],[-71.9914,-54.6913],[-72.0357,-54.6356]]],[[[-71.6917,-54.671],[-71.7363,-54.701],[-71.7296,-54.6951],[-71.7438,-54.6769],[-71.7702,-54.6831],[-71.7805,-54.6547],[-71.73,-54.6456],[-71.6917,-54.671]]],[[[-71.591,-54.67],[-71.5397,-54.6655],[-71.525,-54.6858],[-71.5841,-54.6895],[-71.591,-54.67]]],[[[-71.7351,-54.6923],[-71.7788,-54.7199],[-71.8011,-54.6895],[-71.773,-54.6795],[-71.769,-54.685],[-71.7351,-54.6923]]],[[[-71.6169,-54.7659],[-71.6449,-54.752],[-71.6475,-54.7154],[-71.6164,-54.7095],[-71.6455,-54.69],[-71.5453,-54.7159],[-71.6169,-54.7659]]],[[[-71.3008,-54.7185],[-71.2592,-54.7128],[-71.1999,-54.7156],[-71.2498,-54.7415],[-71.3008,-54.7185]]],[[[-71.1723,-54.7141],[-71.1222,-54.7174],[-71.1662,-54.7421],[-71.1723,-54.7141]]],[[[-71.8474,-54.7491],[-71.8653,-54.7053],[-71.8397,-54.716],[-71.7769,-54.7571],[-71.8474,-54.7491]]],[[[-70.313,-54.9351],[-70.2297,-54.9634],[-70.2834,-54.9849],[-70.312,-54.9643],[-70.3478,-54.9603],[-70.3096,-54.9786],[-70.3998,-55.0124],[-70.4662,-55.0008],[-70.463,-54.9649],[-70.3981,-54.9496],[-70.313,-54.9351]]],[[[-70.1545,-54.9422],[-70.2023,-54.9387],[-70.1409,-54.9105],[-70.0676,-54.9301],[-70.1797,-54.9548],[-70.1545,-54.9422]]],[[[-69.9189,-54.956],[-69.807,-54.9686],[-69.9419,-54.9227],[-69.798,-54.8851],[-69.7407,-54.9549],[-69.7573,-54.9912],[-69.7382,-54.9624],[-69.6781,-54.9773],[-69.7315,-54.9362],[-69.6594,-54.9433],[-69.7628,-54.9],[-69.6754,-54.8786],[-69.6483,-54.9051],[-69.6,-54.8832],[-69.4805,-54.9146],[-69.4942,-54.9589],[-69.5366,-54.9685],[-69.4806,-54.9617],[-69.4469,-54.9133],[-69.13,-54.97],[-69.3553,-54.9733],[-69.2847,-54.994],[-69.4329,-55.0249],[-69.4448,-54.9999],[-69.4746,-54.9933],[-69.4557,-55.0111],[-69.4923,-55.0364],[-69.6896,-55.0617],[-69.8007,-55.0643],[-69.8128,-55.0324],[-69.81,-55.0599],[-69.8839,-55.0723],[-69.9306,-55.0689],[-69.8895,-55.0299],[-69.9398,-55.0124],[-69.9094,-54.9898],[-69.9611,-54.9847],[-69.9189,-54.956]]],[[[-70.2009,-54.9892],[-69.9907,-54.9364],[-69.949,-54.9572],[-70.0151,-55.0033],[-70.0456,-55.0],[-70.0063,-54.963],[-70.0819,-54.9781],[-70.1004,-55.0234],[-70.1433,-55.0234],[-70.1469,-54.9965],[-70.1524,-55.024],[-70.2087,-55.0269],[-70.2009,-54.9892]]],[[[-68.2233,-55.0511],[-68.2638,-55.0362],[-68.2846,-55.0076],[-68.2162,-55.0145],[-68.2233,-55.0511]]],[[[-70.2957,-54.9912],[-70.2872,-55.0213],[-70.3372,-55.0095],[-70.2957,-54.9912]]],[[[-70.5831,-55.0083],[-70.4963,-55.0168],[-70.599,-55.0391],[-70.5831,-55.0083]]],[[[-70.3698,-55.0182],[-70.3996,-55.0394],[-70.4595,-55.0513],[-70.3698,-55.0182]]],[[[-70.1763,-55.0307],[-70.1272,-55.0308],[-70.1573,-55.0453],[-70.1763,-55.0307]]],[[[-70.0119,-55.0707],[-69.9927,-55.0373],[-69.9489,-55.0045],[-69.9471,-55.0714],[-70.0119,-55.0707]]],[[[-70.0774,-55.0849],[-70.0789,-55.0344],[-69.987,-55.0194],[-70.0428,-55.0556],[-70.0192,-55.0614],[-70.0339,-55.0824],[-70.0774,-55.0849]]],[[[-70.9406,-54.8211],[-70.9157,-54.8562],[-70.9631,-54.8324],[-70.9406,-54.8211]]],[[[-70.7655,-54.8711],[-70.5944,-54.8226],[-70.5697,-54.8495],[-70.5053,-54.8335],[-70.3658,-54.876],[-70.6307,-54.9192],[-70.7655,-54.8711]]],[[[-70.9562,-54.8983],[-71.009,-54.9236],[-70.9161,-54.9279],[-71.0418,-54.9221],[-71.0394,-54.9536],[-71.0899,-54.9607],[-71.1165,-54.9256],[-71.1844,-54.9305],[-71.0845,-54.9063],[-71.1536,-54.8932],[-71.2336,-54.9076],[-71.2126,-54.8692],[-71.2751,-54.8874],[-71.3047,-54.8505],[-71.2959,-54.8885],[-71.3452,-54.8866],[-71.312,-54.9112],[-71.3671,-54.9648],[-71.3911,-54.941],[-71.3547,-54.8946],[-71.3897,-54.8751],[-71.4035,-54.9303],[-71.4525,-54.9401],[-71.4309,-54.8998],[-71.4847,-54.878],[-71.3962,-54.8486],[-71.4317,-54.8208],[-71.2919,-54.8376],[-71.3155,-54.8136],[-71.2159,-54.8462],[-71.1766,-54.8421],[-71.2041,-54.818],[-71.1409,-54.8263],[-71.1468,-54.8676],[-71.1192,-54.8421],[-71.1056,-54.879],[-70.9842,-54.8624],[-71.0093,-54.8895],[-70.9562,-54.8983]]],[[[-71.2942,-54.9701],[-71.1882,-54.9508],[-71.2261,-54.9824],[-71.2041,-55.0272],[-71.233,-55.001],[-71.2808,-55.0126],[-71.2555,-55.001],[-71.2942,-54.9701]]],[[[-71.2034,-54.9826],[-71.1127,-54.9847],[-71.1361,-55.0203],[-71.19,-55.0155],[-71.2034,-54.9826]]],[[[-70.8619,-54.9273],[-70.8746,-54.9907],[-70.8529,-54.9637],[-70.7972,-54.9798],[-70.815,-54.9579],[-70.7915,-54.9297],[-70.7535,-54.9611],[-70.7176,-54.9668],[-70.7625,-54.9811],[-70.6812,-54.965],[-70.6575,-54.9948],[-70.5748,-54.9877],[-70.6156,-54.9487],[-70.5054,-54.911],[-70.3342,-54.9038],[-70.3005,-54.9178],[-70.4961,-54.9526],[-70.5303,-54.9805],[-70.4944,-55.0035],[-70.6329,-55.0089],[-70.5897,-55.0091],[-70.61,-55.0309],[-70.714,-54.9993],[-70.7501,-55.0016],[-70.7592,-55.0152],[-70.7484,-55.0472],[-70.7179,-55.0164],[-70.6554,-55.05],[-70.6107,-55.0476],[-70.6031,-55.0633],[-70.5029,-55.0336],[-70.4742,-55.0526],[-70.5337,-55.0584],[-70.4805,-55.068],[-70.5112,-55.0847],[-70.3201,-55.0492],[-70.3507,-55.0674],[-70.2916,-55.0819],[-70.4008,-55.102],[-70.2665,-55.1223],[-70.2896,-55.1456],[-70.3265,-55.1266],[-70.3273,-55.1503],[-70.3854,-55.1098],[-70.4403,-55.1055],[-70.4028,-55.1321],[-70.4604,-55.1123],[-70.4425,-55.1305],[-70.4665,-55.1556],[-70.3605,-55.1733],[-70.4102,-55.1691],[-70.3738,-55.185],[-70.3994,-55.1984],[-70.4675,-55.1868],[-70.4849,-55.2264],[-70.5134,-55.2199],[-70.5081,-55.1716],[-70.5698,-55.168],[-70.577,-55.1913],[-70.5193,-55.2069],[-70.5551,-55.2205],[-70.6006,-55.1908],[-70.5334,-55.1151],[-70.5976,-55.1187],[-70.5909,-55.0678],[-70.6791,-55.063],[-70.6055,-55.0775],[-70.6041,-55.1017],[-70.6738,-55.0862],[-70.6696,-55.1292],[-70.7316,-55.1122],[-70.7109,-55.1397],[-70.7734,-55.1185],[-70.729,-55.0763],[-70.7657,-55.0522],[-70.8404,-55.0709],[-70.8358,-55.0981],[-70.8852,-55.0556],[-70.9513,-55.0904],[-70.9927,-55.071],[-70.9672,-55.0471],[-71.029,-55.0594],[-70.9718,-55.0321],[-71.0219,-55.0176],[-70.9744,-54.9969],[-71.0277,-54.9776],[-71.0011,-54.9571],[-70.9381,-54.9702],[-70.8619,-54.9273]]],[[[-70.9203,-55.1125],[-70.8938,-55.1042],[-70.9064,-55.133],[-70.9203,-55.1125]]],[[[-70.625,-55.1589],[-70.7161,-55.1729],[-70.6327,-55.1359],[-70.625,-55.1589]]],[[[-66.8641,-55.0262],[-66.8351,-55.0939],[-66.8303,-55.0951],[-66.8276,-55.0974],[-66.8139,-55.1181],[-67.0205,-55.0414],[-67.0594,-54.9998],[-66.8641,-55.0262]]],[[[-68.3769,-54.945],[-68.2809,-54.9306],[-68.2061,-54.9173],[-68.2195,-54.9012],[-68.1117,-54.9082],[-67.9834,-54.8936],[-67.7102,-54.9408],[-67.2833,-54.9278],[-67.3006,-54.9369],[-67.1624,-54.9762],[-67.0521,-55.083],[-67.0614,-55.1013],[-67.0452,-55.1549],[-67.2209,-55.3207],[-67.2797,-55.3315],[-67.4527,-55.3014],[-67.4686,-55.2701],[-67.4169,-55.2092],[-67.5046,-55.1764],[-67.5969,-55.1981],[-67.6141,-55.278],[-67.8561,-55.2567],[-67.8786,-55.2193],[-67.7885,-55.247],[-67.7315,-55.2381],[-67.8764,-55.1814],[-68.0254,-55.2378],[-68.1158,-55.2237],[-68.1335,-55.187],[-68.0542,-55.1769],[-68.1556,-55.1449],[-68.1715,-55.1004],[-68.1454,-55.051],[-68.1728,-54.9926],[-68.3519,-54.9816],[-68.3769,-54.945]]],[[[-68.4438,-55.1231],[-68.4095,-55.1293],[-68.4877,-55.135],[-68.4438,-55.1231]]],[[[-68.7537,-55.1783],[-68.7722,-55.1491],[-68.6857,-55.1628],[-68.7537,-55.1783]]],[[[-68.2097,-55.2221],[-68.3231,-55.1959],[-68.3278,-55.1688],[-68.244,-55.1659],[-68.2097,-55.2221]]],[[[-68.2107,-55.2273],[-68.211,-55.2328],[-68.2472,-55.2328],[-68.2363,-55.2221],[-68.2107,-55.2273]]],[[[-66.5252,-55.1729],[-66.416,-55.2195],[-66.4791,-55.2235],[-66.5179,-55.2754],[-66.6448,-55.2872],[-66.6542,-55.2065],[-66.5252,-55.1729]]],[[[-67.9053,-55.2121],[-67.9601,-55.2565],[-67.9783,-55.2473],[-67.9053,-55.2121]]],[[[-69.95,-55.2393],[-69.9677,-55.2248],[-69.9246,-55.2292],[-69.95,-55.2393]]],[[[-70.067,-55.2508],[-70.1351,-55.2034],[-70.0393,-55.2285],[-70.0505,-55.2521],[-69.9857,-55.2625],[-70.098,-55.2566],[-70.067,-55.2508]]],[[[-69.6782,-55.2835],[-69.7214,-55.2927],[-69.6718,-55.2706],[-69.6782,-55.2835]]],[[[-69.2136,-55.282],[-69.2717,-55.3091],[-69.3957,-55.2864],[-69.2673,-55.2595],[-69.2136,-55.282]]],[[[-70.0411,-55.3039],[-70.1281,-55.3047],[-70.2144,-55.2771],[-70.1554,-55.2754],[-70.0411,-55.3039]]],[[[-69.2193,-55.3138],[-69.2045,-55.2901],[-69.1785,-55.312],[-69.2193,-55.3138]]],[[[-68.8908,-55.3433],[-68.9268,-55.3667],[-68.9503,-55.3649],[-68.9261,-55.3588],[-68.9457,-55.291],[-68.8684,-55.2413],[-68.848,-55.2517],[-68.8848,-55.2835],[-68.8908,-55.3433]]],[[[-69.0051,-55.2948],[-68.961,-55.2932],[-68.9484,-55.3373],[-69.0047,-55.324],[-69.0051,-55.2948]]],[[[-69.9923,-55.1383],[-70.0136,-55.1354],[-69.9751,-55.1287],[-69.9843,-55.1595],[-69.9453,-55.1633],[-69.9616,-55.1507],[-69.9028,-55.1481],[-69.9701,-55.149],[-69.9417,-55.1141],[-69.8761,-55.1266],[-69.9403,-55.1103],[-69.9059,-55.0914],[-69.8216,-55.106],[-69.7728,-55.0784],[-69.6777,-55.0745],[-69.6836,-55.0901],[-69.6588,-55.1042],[-69.6833,-55.1212],[-69.6333,-55.1065],[-69.6735,-55.0914],[-69.6589,-55.0727],[-69.5607,-55.0548],[-69.5286,-55.1574],[-69.5824,-55.194],[-69.5163,-55.1647],[-69.5341,-55.047],[-69.4048,-55.0343],[-69.4578,-55.0791],[-69.3856,-55.0543],[-69.3207,-55.0753],[-69.3757,-55.0309],[-69.2251,-55.0007],[-69.168,-55.0378],[-69.1951,-55.0059],[-69.0191,-55.0149],[-68.6835,-54.945],[-68.4386,-54.9375],[-68.3065,-55.0274],[-68.325,-55.0777],[-68.4102,-55.063],[-68.4432,-55.0233],[-68.405,-55.0782],[-68.4321,-55.1058],[-68.507,-55.1155],[-68.5552,-55.0862],[-68.6395,-55.0982],[-68.5478,-55.1088],[-68.5375,-55.1339],[-68.585,-55.1586],[-68.7488,-55.144],[-69.0093,-55.0252],[-69.0692,-55.0802],[-68.9655,-55.0759],[-68.9704,-55.1169],[-68.7354,-55.1879],[-68.7009,-55.1781],[-68.7017,-55.1669],[-68.5005,-55.1962],[-68.3442,-55.183],[-68.3435,-55.2119],[-68.2471,-55.228],[-68.3274,-55.235],[-68.1728,-55.2927],[-68.3832,-55.3092],[-68.4866,-55.2851],[-68.4464,-55.3061],[-68.5334,-55.3222],[-68.6448,-55.2555],[-68.7227,-55.2803],[-68.6306,-55.2742],[-68.6613,-55.2921],[-68.6005,-55.3059],[-68.6115,-55.3498],[-68.5219,-55.3377],[-68.5736,-55.3757],[-68.3859,-55.3409],[-68.2623,-55.3807],[-68.3023,-55.3897],[-68.3201,-55.4069],[-68.1335,-55.3898],[-68.1106,-55.4203],[-68.1609,-55.4759],[-68.0229,-55.4773],[-68.1176,-55.5258],[-67.976,-55.5889],[-68.0229,-55.6138],[-67.977,-55.6111],[-67.9833,-55.6381],[-68.0295,-55.6489],[-67.9823,-55.6745],[-68.0672,-55.7157],[-68.1022,-55.6985],[-68.1315,-55.6646],[-68.1141,-55.6316],[-68.1456,-55.6148],[-68.1238,-55.5924],[-68.2624,-55.6305],[-68.2794,-55.6106],[-68.2158,-55.5336],[-68.3338,-55.4922],[-68.3179,-55.4672],[-68.3388,-55.4571],[-68.4061,-55.4966],[-68.5308,-55.463],[-68.5326,-55.4069],[-68.5488,-55.4376],[-68.5694,-55.41],[-68.6113,-55.4039],[-68.5617,-55.4276],[-68.5991,-55.4288],[-68.5638,-55.4696],[-68.7008,-55.472],[-68.728,-55.437],[-68.7736,-55.4373],[-68.7323,-55.4717],[-68.7845,-55.4743],[-68.726,-55.4977],[-68.7782,-55.5134],[-68.8784,-55.4816],[-68.8342,-55.4592],[-68.9134,-55.4644],[-68.8938,-55.4498],[-68.9297,-55.4294],[-68.8508,-55.391],[-68.6882,-55.3892],[-68.7816,-55.3725],[-68.7213,-55.3523],[-68.7519,-55.3449],[-68.9315,-55.4097],[-68.8373,-55.323],[-68.8677,-55.2797],[-68.8089,-55.2574],[-68.8567,-55.2344],[-68.7739,-55.1875],[-68.9517,-55.2319],[-68.928,-55.2477],[-68.9531,-55.2843],[-69.0483,-55.2788],[-69.0525,-55.242],[-69.1078,-55.2119],[-69.0862,-55.1614],[-69.1289,-55.2048],[-69.0744,-55.2538],[-69.0967,-55.2643],[-69.2276,-55.1902],[-69.2813,-55.189],[-69.2194,-55.251],[-69.3252,-55.2454],[-69.2963,-55.2565],[-69.3839,-55.2808],[-69.3892,-55.2554],[-69.4869,-55.2649],[-69.4021,-55.2639],[-69.4596,-55.2916],[-69.4111,-55.2991],[-69.4581,-55.3087],[-69.295,-55.3221],[-69.3329,-55.3412],[-69.2578,-55.3477],[-69.2778,-55.3751],[-69.2444,-55.3806],[-69.284,-55.3905],[-69.1929,-55.4041],[-69.2314,-55.4191],[-69.1801,-55.4324],[-69.2472,-55.4328],[-69.2334,-55.4482],[-69.2615,-55.4519],[-69.2035,-55.4504],[-69.2643,-55.4659],[-69.0726,-55.4763],[-69.1479,-55.481],[-69.071,-55.5101],[-69.1044,-55.5121],[-69.0932,-55.5384],[-69.1773,-55.4918],[-69.2063,-55.5213],[-69.2887,-55.5176],[-69.3241,-55.4389],[-69.3065,-55.422],[-69.3305,-55.4219],[-69.3465,-55.4706],[-69.3173,-55.5011],[-69.3435,-55.4893],[-69.3584,-55.555],[-69.3941,-55.5246],[-69.3691,-55.4868],[-69.4256,-55.454],[-69.3912,-55.4447],[-69.395,-55.4331],[-69.4842,-55.4411],[-69.3496,-55.4001],[-69.4806,-55.4096],[-69.4218,-55.3683],[-69.4802,-55.3794],[-69.495,-55.4086],[-69.5264,-55.4188],[-69.6112,-55.3952],[-69.5006,-55.3601],[-69.6106,-55.382],[-69.667,-55.3573],[-69.6114,-55.3377],[-69.6845,-55.3612],[-69.7879,-55.3459],[-69.7285,-55.3252],[-69.7454,-55.3095],[-69.5245,-55.3051],[-69.6724,-55.2957],[-69.5926,-55.2812],[-69.6631,-55.28],[-69.4713,-55.2006],[-69.6353,-55.2504],[-69.6831,-55.2331],[-69.648,-55.2528],[-69.8537,-55.3056],[-69.8945,-55.2895],[-69.8777,-55.2667],[-69.976,-55.2627],[-69.8391,-55.2413],[-69.9715,-55.2033],[-69.893,-55.2191],[-69.8126,-55.2007],[-70.0351,-55.1816],[-69.9998,-55.1622],[-70.0258,-55.1435],[-69.9923,-55.1383]]],[[[-69.1321,-55.3681],[-69.1921,-55.342],[-69.1613,-55.3289],[-69.1321,-55.3681]]],[[[-70.1276,-55.3486],[-70.1629,-55.359],[-70.1642,-55.345],[-70.1276,-55.3486]]],[[[-67.8152,-55.2699],[-67.8175,-55.2814],[-67.8415,-55.2781],[-67.8308,-55.2677],[-67.8152,-55.2699]]],[[[-66.9035,-55.2171],[-66.8425,-55.269],[-66.8578,-55.342],[-67.0401,-55.3329],[-67.0521,-55.2657],[-66.9035,-55.2171]]],[[[-70.069,-55.3692],[-70.037,-55.372],[-70.1471,-55.3293],[-70.0423,-55.3228],[-70.0253,-55.3518],[-69.971,-55.3152],[-69.9361,-55.3366],[-69.9914,-55.3519],[-69.947,-55.3711],[-70.0103,-55.3706],[-70.0094,-55.4189],[-70.069,-55.3692]]],[[[-69.922,-55.3956],[-69.9213,-55.3403],[-69.9073,-55.3983],[-69.922,-55.3956]]],[[[-69.8557,-55.3572],[-69.8033,-55.39],[-69.8716,-55.3634],[-69.8557,-55.3572]]],[[[-69.9598,-55.3986],[-69.998,-55.3869],[-69.948,-55.3816],[-69.9598,-55.3986]]],[[[-69.0564,-55.3952],[-69.0876,-55.403],[-69.02,-55.415],[-69.0355,-55.4205],[-69.0132,-55.4406],[-69.0922,-55.4188],[-69.1298,-55.3669],[-69.0564,-55.3952]]],[[[-69.7193,-55.4672],[-69.7254,-55.4437],[-69.7976,-55.457],[-69.7561,-55.4444],[-69.7738,-55.4135],[-69.744,-55.4161],[-69.7817,-55.4078],[-69.7827,-55.3737],[-69.6227,-55.4156],[-69.7026,-55.4193],[-69.6642,-55.4413],[-69.7193,-55.4672]]],[[[-69.0126,-55.4427],[-68.9769,-55.4297],[-68.9567,-55.4522],[-69.0401,-55.4428],[-69.0126,-55.4427]]],[[[-69.0203,-55.4613],[-68.9798,-55.4754],[-69.0218,-55.472],[-69.0203,-55.4613]]],[[[-69.6054,-55.4403],[-69.6419,-55.4473],[-69.6096,-55.4263],[-69.6054,-55.4403]]],[[[-69.5034,-55.4735],[-69.5946,-55.4712],[-69.5671,-55.4473],[-69.5988,-55.4295],[-69.4362,-55.4809],[-69.4892,-55.5133],[-69.5034,-55.4735]]],[[[-68.5889,-55.4836],[-68.5715,-55.4946],[-68.6249,-55.528],[-68.6694,-55.5089],[-68.6129,-55.4855],[-68.6878,-55.485],[-68.5889,-55.4836]]],[[[-68.8705,-55.5175],[-68.9066,-55.5201],[-68.9135,-55.4934],[-68.8897,-55.4894],[-68.8705,-55.5175]]],[[[-69.5726,-55.5112],[-69.5528,-55.4868],[-69.5042,-55.4964],[-69.531,-55.5138],[-69.5726,-55.5112]]],[[[-69.3227,-55.5444],[-69.2515,-55.521],[-69.2268,-55.5382],[-69.2933,-55.5483],[-69.2786,-55.5684],[-69.3227,-55.5444]]],[[[-68.7432,-55.5239],[-68.6637,-55.5199],[-68.6135,-55.5749],[-68.6943,-55.5656],[-68.7432,-55.5239]]],[[[-68.3681,-55.5198],[-68.3809,-55.537],[-68.397,-55.5119],[-68.3681,-55.5198]]],[[[-68.5472,-55.5479],[-68.5181,-55.5632],[-68.5517,-55.5623],[-68.5885,-55.5206],[-68.5519,-55.5063],[-68.5359,-55.5256],[-68.564,-55.5356],[-68.5237,-55.5282],[-68.5472,-55.5479]]],[[[-68.7937,-55.5523],[-68.8592,-55.5598],[-68.8824,-55.5297],[-68.7937,-55.5523]]],[[[-68.3111,-55.5303],[-68.2826,-55.5314],[-68.3043,-55.5482],[-68.3111,-55.5303]]],[[[-68.031,-55.564],[-68.0169,-55.5349],[-67.9726,-55.5463],[-68.031,-55.564]]],[[[-67.6659,-55.5027],[-67.5657,-55.5979],[-67.5836,-55.5982],[-67.5992,-55.5852],[-67.6064,-55.587],[-67.6112,-55.5801],[-67.6191,-55.5809],[-67.654,-55.613],[-67.7443,-55.6206],[-67.6693,-55.5725],[-67.7078,-55.5385],[-67.6659,-55.5027]]],[[[-67.6253,-55.6183],[-67.6057,-55.5917],[-67.5461,-55.6285],[-67.5912,-55.6813],[-67.6671,-55.7038],[-67.679,-55.6977],[-67.6926,-55.6615],[-67.6032,-55.6504],[-67.6253,-55.6183]]],[[[-67.4879,-55.7603],[-67.5809,-55.7274],[-67.5084,-55.711],[-67.553,-55.7107],[-67.5585,-55.6505],[-67.4369,-55.6843],[-67.4206,-55.7207],[-67.3982,-55.6898],[-67.4156,-55.6474],[-67.4983,-55.6213],[-67.4666,-55.5838],[-67.3705,-55.5671],[-67.3824,-55.5983],[-67.34,-55.6154],[-67.3781,-55.6355],[-67.3223,-55.6401],[-67.3769,-55.6672],[-67.3865,-55.7072],[-67.2779,-55.7049],[-67.2589,-55.7268],[-67.317,-55.7271],[-67.2476,-55.7549],[-67.2669,-55.7874],[-67.3395,-55.7952],[-67.3588,-55.7571],[-67.3929,-55.7713],[-67.3947,-55.74],[-67.4505,-55.7734],[-67.4659,-55.7383],[-67.4879,-55.7603]]],[[[-67.2095,-55.7579],[-67.1547,-55.7816],[-67.2632,-55.799],[-67.247,-55.7773],[-67.2095,-55.7579]]],[[[-66.8186,-55.8285],[-66.8004,-55.8129],[-66.7857,-55.8252],[-66.8186,-55.8285]]],[[[-67.4674,-55.841],[-67.5037,-55.8289],[-67.5009,-55.815],[-67.4679,-55.8147],[-67.4674,-55.841]]],[[[-67.4189,-55.8243],[-67.2941,-55.8063],[-67.1957,-55.8805],[-67.248,-55.8935],[-67.3479,-55.8668],[-67.3568,-55.822],[-67.4189,-55.8243]]],[[[-67.9148,-55.8383],[-67.6681,-55.8144],[-67.5703,-55.8369],[-67.5989,-55.7955],[-67.5063,-55.8253],[-67.5726,-55.8595],[-67.541,-55.8678],[-67.5589,-55.8961],[-67.6183,-55.877],[-67.6188,-55.9142],[-67.652,-55.9067],[-67.6174,-55.8575],[-67.6388,-55.8442],[-67.6968,-55.8551],[-67.7002,-55.8868],[-67.7485,-55.846],[-67.8015,-55.8671],[-67.801,-55.894],[-67.8269,-55.8684],[-67.9076,-55.8733],[-67.9148,-55.8383]]],[[[-67.0781,-55.8247],[-67.1203,-55.8432],[-67.0655,-55.9076],[-67.1685,-55.8812],[-67.1663,-55.8407],[-67.0781,-55.8247]]],[[[-67.2926,-55.9809],[-67.3466,-55.9222],[-67.2125,-55.9654],[-67.2926,-55.9809]]],[[[-69.16,-55.5861],[-69.1215,-55.5757],[-69.1123,-55.5912],[-69.1234,-55.5961],[-69.16,-55.5861]]],[[[-69.0231,-55.6487],[-69.0377,-55.6066],[-69.0191,-55.566],[-68.9637,-55.6396],[-69.0231,-55.6487]]],[[[-69.1187,-55.6145],[-69.1356,-55.6458],[-69.1558,-55.6318],[-69.1451,-55.6151],[-69.17,-55.6001],[-69.1187,-55.6145]]],[[[-74.2186,-44.5002],[-74.1877,-44.4662],[-74.1014,-44.5527],[-74.3141,-44.5745],[-74.3661,-44.5067],[-74.3383,-44.5094],[-74.3007,-44.5021],[-74.2834,-44.4902],[-74.2186,-44.5002]]],[[[-73.8435,-45.2065],[-74.0716,-45.177],[-74.057,-45.1713],[-74.0402,-45.1351],[-74.0878,-45.1692],[-74.1438,-45.1517],[-74.1523,-45.0509],[-74.1479,-45.1616],[-74.203,-45.1767],[-74.2345,-45.077],[-74.169,-45.0293],[-74.0355,-45.0452],[-73.8117,-44.9825],[-73.7957,-45.0263],[-73.7485,-45.042],[-73.7807,-45.0415],[-73.7082,-45.0576],[-73.6745,-45.1445],[-73.6942,-45.1726],[-73.6698,-45.1765],[-73.7276,-45.1905],[-73.6774,-45.1944],[-73.7212,-45.232],[-73.6801,-45.2761],[-73.751,-45.2785],[-73.7575,-45.3022],[-73.8079,-45.2367],[-73.9641,-45.2572],[-74.0065,-45.2097],[-73.8435,-45.2065]]],[[[-74.104,-45.3097],[-74.0806,-45.3653],[-74.111,-45.3249],[-74.1332,-45.3287],[-74.1065,-45.3128],[-74.1536,-45.235],[-74.0217,-45.2044],[-73.9822,-45.2641],[-73.8043,-45.25],[-73.7512,-45.3323],[-73.7987,-45.3673],[-73.8721,-45.352],[-73.9055,-45.374],[-73.9256,-45.3668],[-73.8843,-45.3487],[-73.9864,-45.3689],[-74.104,-45.3097]]],[[[-73.8245,-45.3736],[-73.7841,-45.4056],[-73.8774,-45.4518],[-73.9235,-45.4297],[-74.0386,-45.4155],[-73.8245,-45.3736]]],[[[-74.1624,-45.3105],[-74.1671,-45.2942],[-74.142,-45.3089],[-74.1364,-45.3279],[-74.126,-45.3358],[-74.1624,-45.3105]]],[[[-74.1416,-45.3356],[-74.1301,-45.3702],[-74.2155,-45.3699],[-74.1598,-45.3363],[-74.1758,-45.3223],[-74.1416,-45.3356]]],[[[-74.1624,-45.4062],[-74.1138,-45.4047],[-74.1412,-45.4291],[-74.1624,-45.4062]]],[[[-74.1727,-45.5177],[-74.1572,-45.5651],[-74.1829,-45.5479],[-74.1841,-45.5346],[-74.2273,-45.4933],[-74.2255,-45.4794],[-74.1895,-45.4996],[-74.1741,-45.5488],[-74.1727,-45.5177]]],[[[-74.5339,-44.7393],[-74.4288,-44.712],[-74.3856,-44.7792],[-74.2996,-44.8408],[-74.3829,-44.8606],[-74.4215,-44.8313],[-74.4363,-44.8315],[-74.4466,-44.8432],[-74.5339,-44.7393]]],[[[-74.365,-44.8985],[-74.3865,-44.8853],[-74.3588,-44.8655],[-74.365,-44.8985]]],[[[-74.3184,-44.8964],[-74.3641,-44.9062],[-74.3296,-44.8683],[-74.3184,-44.8964]]],[[[-74.3291,-44.9179],[-74.2745,-44.8675],[-74.2583,-44.8983],[-74.3122,-44.9208],[-74.3206,-44.9437],[-74.3631,-44.9583],[-74.4548,-44.9258],[-74.4548,-44.893],[-74.3789,-44.9163],[-74.3291,-44.9179]]],[[[-74.3653,-45.288],[-74.3172,-45.3139],[-74.2616,-45.4087],[-74.3391,-45.4268],[-74.5151,-45.3385],[-74.4817,-45.2946],[-74.3653,-45.288]]],[[[-74.4336,-45.7947],[-74.3292,-45.7874],[-74.3771,-45.8053],[-74.4336,-45.7947]]],[[[-74.3943,-45.1786],[-74.3391,-45.1624],[-74.252,-45.2005],[-74.244,-45.2221],[-74.194,-45.2227],[-74.1912,-45.2752],[-74.2354,-45.2738],[-74.1892,-45.2814],[-74.1979,-45.3464],[-74.2225,-45.361],[-74.2615,-45.3122],[-74.2374,-45.2691],[-74.2477,-45.2206],[-74.294,-45.2344],[-74.2821,-45.2902],[-74.3204,-45.2505],[-74.2889,-45.329],[-74.3984,-45.2458],[-74.3943,-45.1786]]],[[[-74.3076,-45.3194],[-74.2285,-45.3926],[-74.2501,-45.403],[-74.3076,-45.3194]]],[[[-74.2738,-45.7087],[-74.195,-45.7248],[-74.1992,-45.7389],[-74.1898,-45.7441],[-74.2216,-45.7328],[-74.2867,-45.7567],[-74.222,-45.7499],[-74.2138,-45.7762],[-74.2098,-45.7511],[-74.1273,-45.7528],[-74.1157,-45.8025],[-74.1873,-45.7883],[-74.262,-45.8222],[-74.3105,-45.7938],[-74.3244,-45.7653],[-74.2738,-45.7087]]],[[[-74.2496,-45.1184],[-74.2462,-45.1663],[-74.373,-45.1438],[-74.4232,-45.1039],[-74.4168,-45.056],[-74.2774,-45.0729],[-74.3002,-45.0997],[-74.2973,-45.0806],[-74.3339,-45.0858],[-74.3169,-45.1276],[-74.378,-45.0725],[-74.3229,-45.1424],[-74.2985,-45.1015],[-74.2496,-45.1184]]],[[[-74.4254,-45.6912],[-74.4839,-45.6066],[-74.4273,-45.6152],[-74.4155,-45.5893],[-74.4393,-45.6016],[-74.461,-45.57],[-74.3991,-45.4483],[-74.2651,-45.4871],[-74.3534,-45.5217],[-74.2561,-45.497],[-74.2102,-45.5634],[-74.2909,-45.5483],[-74.3574,-45.5684],[-74.2048,-45.5736],[-74.1773,-45.6214],[-74.1935,-45.6893],[-74.4203,-45.6908],[-74.2894,-45.7142],[-74.3892,-45.7386],[-74.3389,-45.751],[-74.3657,-45.775],[-74.4482,-45.7841],[-74.4875,-45.7289],[-74.4488,-45.7358],[-74.4631,-45.7081],[-74.4254,-45.6912]]],[[[-74.3288,-46.8664],[-74.3582,-46.8947],[-74.3868,-46.8826],[-74.376,-46.8655],[-74.3288,-46.8664]]],[[[-74.4484,-47.0745],[-74.2476,-47.0426],[-74.273,-47.0855],[-74.4252,-47.1697],[-74.4484,-47.0745]]],[[[-74.3533,-47.564],[-74.2782,-47.6084],[-74.3458,-47.6464],[-74.37,-47.6473],[-74.3305,-47.6315],[-74.3561,-47.6274],[-74.3412,-47.593],[-74.3533,-47.564]]],[[[-74.3392,-47.7871],[-74.3644,-47.8106],[-74.4792,-47.8827],[-74.4357,-47.777],[-74.3831,-47.762],[-74.3392,-47.7871]]],[[[-74.2372,-46.7766],[-74.2542,-46.7946],[-74.3122,-46.7838],[-74.2646,-46.7845],[-74.2372,-46.7766]]],[[[-74.3264,-48.2326],[-74.2945,-48.2168],[-74.2573,-48.2516],[-74.2822,-48.2578],[-74.3264,-48.2326]]],[[[-74.3686,-48.3324],[-74.2758,-48.272],[-74.2351,-48.3003],[-74.2487,-48.3315],[-74.2155,-48.3908],[-74.1406,-48.4291],[-74.2251,-48.4691],[-74.29,-48.4289],[-74.2342,-48.4457],[-74.264,-48.4192],[-74.445,-48.3506],[-74.3798,-48.332],[-74.2158,-48.4159],[-74.3686,-48.3324]]],[[[-74.4996,-48.1582],[-74.5486,-48.1592],[-74.5476,-48.1297],[-74.4699,-48.1443],[-74.5609,-48.1092],[-74.4946,-48.1149],[-74.307,-48.2637],[-74.4038,-48.3291],[-74.4792,-48.3356],[-74.5155,-48.2774],[-74.4167,-48.1841],[-74.4742,-48.2023],[-74.5283,-48.2745],[-74.5524,-48.1722],[-74.4996,-48.1582]]],[[[-74.4406,-48.4917],[-74.4742,-48.4815],[-74.4521,-48.4624],[-74.4406,-48.4917]]],[[[-74.4666,-48.3718],[-74.3262,-48.4265],[-74.2346,-48.4721],[-74.3567,-48.5381],[-74.412,-48.5132],[-74.3836,-48.4872],[-74.4536,-48.4317],[-74.4395,-48.3923],[-74.4666,-48.3718]]],[[[-74.3646,-48.5539],[-74.2672,-48.5063],[-74.3887,-48.5699],[-74.3905,-48.5413],[-74.3646,-48.5539]]],[[[-74.4404,-49.5931],[-74.467,-49.5388],[-74.4577,-49.5093],[-74.4193,-49.53],[-74.4404,-49.5931]]],[[[-74.4149,-50.0805],[-74.4785,-50.0665],[-74.5567,-50.069],[-74.6126,-50.1008],[-74.5565,-50.0623],[-74.4352,-50.0152],[-74.3588,-50.0759],[-74.3665,-50.0863],[-74.4149,-50.0805]]],[[[-74.4312,-50.3948],[-74.4592,-50.4042],[-74.4716,-50.3786],[-74.4312,-50.3948]]],[[[-74.6271,-50.2471],[-74.5592,-50.2867],[-74.6086,-50.2714],[-74.6271,-50.2471]]],[[[-74.3822,-49.4106],[-74.2326,-49.5486],[-74.3834,-49.6354],[-74.4237,-49.5949],[-74.3984,-49.5356],[-74.4383,-49.4922],[-74.3822,-49.4106]]],[[[-74.0412,-47.7971],[-74.0313,-47.8163],[-74.1401,-47.7825],[-74.0265,-47.7867],[-74.0412,-47.7971]]],[[[-73.8847,-47.8519],[-73.7466,-47.8599],[-73.7749,-47.9289],[-73.822,-47.943],[-73.8961,-47.9304],[-73.8615,-47.8909],[-73.9592,-47.9433],[-74.0895,-47.9264],[-74.2593,-47.9636],[-74.3377,-47.9004],[-74.3196,-47.924],[-74.4697,-47.8883],[-74.4262,-47.8609],[-74.3373,-47.8836],[-74.4198,-47.8547],[-74.3315,-47.8088],[-74.1852,-47.8813],[-74.1547,-47.8868],[-74.3123,-47.8023],[-74.2372,-47.7787],[-73.8847,-47.8519]]],[[[-74.1158,-48.3506],[-73.9845,-48.4124],[-73.9933,-48.496],[-74.1486,-48.4396],[-74.1302,-48.4276],[-74.2022,-48.3713],[-74.1158,-48.3506]]],[[[-74.1363,-50.8443],[-74.1403,-50.781],[-74.0754,-50.854],[-74.1363,-50.8443]]],[[[-74.1696,-51.1001],[-74.1415,-51.1205],[-74.1461,-51.1616],[-74.1696,-51.1001]]],[[[-73.9291,-51.4808],[-73.9431,-51.5122],[-73.9751,-51.5009],[-73.9728,-51.4832],[-73.9291,-51.4808]]],[[[-73.7173,-44.9814],[-73.6427,-45.0188],[-73.6629,-45.0436],[-73.694,-45.0352],[-73.7173,-44.9814]]],[[[-73.6591,-45.4192],[-73.6251,-45.4194],[-73.6082,-45.4246],[-73.6242,-45.436],[-73.6591,-45.4192]]],[[[-73.7685,-45.601],[-73.7531,-45.5189],[-73.6718,-45.4287],[-73.5512,-45.4635],[-73.5674,-45.5902],[-73.5924,-45.6013],[-73.558,-45.6455],[-73.6744,-45.6063],[-73.5793,-45.6851],[-73.6206,-45.7666],[-73.7155,-45.6884],[-73.7927,-45.6694],[-73.7823,-45.6237],[-73.7947,-45.6048],[-73.7685,-45.601]]],[[[-73.6432,-45.7722],[-73.6257,-45.7863],[-73.6513,-45.8022],[-73.6432,-45.7722]]],[[[-73.7976,-45.6718],[-73.6947,-45.7418],[-73.7068,-45.7651],[-73.7337,-45.7722],[-73.7976,-45.6718]]],[[[-73.794,-45.6178],[-73.8086,-45.6583],[-73.8131,-45.6222],[-73.794,-45.6178]]],[[[-73.8921,-45.7867],[-73.8631,-45.749],[-73.8445,-45.7558],[-73.8921,-45.7867]]],[[[-73.8288,-45.8094],[-73.8844,-45.8217],[-73.8339,-45.7645],[-73.8441,-45.7817],[-73.8167,-45.7673],[-73.7625,-45.8057],[-73.8851,-45.85],[-73.8288,-45.8094]]],[[[-73.8671,-45.8613],[-73.7748,-45.8603],[-73.7643,-45.8293],[-73.7749,-45.8525],[-73.8116,-45.8393],[-73.6992,-45.7995],[-73.6494,-45.8881],[-73.6848,-45.915],[-73.7042,-45.8775],[-73.8095,-45.8785],[-73.7512,-45.8946],[-73.807,-45.9386],[-73.8351,-45.9232],[-73.7959,-45.9451],[-73.8225,-45.9858],[-73.8884,-45.9954],[-73.9221,-45.9506],[-73.8671,-45.8613]]],[[[-73.7434,-46.0321],[-73.646,-46.0751],[-73.6793,-46.1557],[-73.7195,-46.1447],[-73.696,-46.1753],[-73.7262,-46.209],[-73.8185,-46.1592],[-73.746,-46.1406],[-73.8287,-46.1419],[-73.8648,-46.0961],[-73.9217,-46.0914],[-73.904,-46.0037],[-73.8288,-45.9988],[-73.7605,-46.0364],[-73.7681,-46.0723],[-73.7434,-46.0321]]],[[[-73.5872,-47.8105],[-73.6759,-47.845],[-73.7159,-47.8202],[-73.5872,-47.8105]]],[[[-73.6,-47.8298],[-73.5863,-47.8497],[-73.6268,-47.8377],[-73.6,-47.8298]]],[[[-73.5705,-47.8254],[-73.5054,-47.8391],[-73.485,-47.8701],[-73.5375,-47.8583],[-73.5705,-47.8254]]],[[[-73.7099,-45.9031],[-73.7635,-45.9561],[-73.7102,-45.9139],[-73.6913,-45.9075],[-73.6864,-45.9147],[-73.6809,-45.9182],[-73.6592,-45.9159],[-73.6714,-46.0363],[-73.7992,-46.0001],[-73.7372,-45.893],[-73.7099,-45.9031]]],[[[-73.737,-47.9433],[-73.6658,-47.9306],[-73.7472,-47.9287],[-73.7344,-47.9189],[-73.7196,-47.8662],[-73.625,-47.903],[-73.6682,-47.9255],[-73.622,-47.9691],[-73.6528,-47.9896],[-73.737,-47.9433]]],[[[-73.7807,-51.384],[-73.7422,-51.3947],[-73.748,-51.4208],[-73.7807,-51.384]]],[[[-74.0469,-45.4093],[-74.0629,-45.3426],[-73.9723,-45.379],[-74.0469,-45.4093]]],[[[-74.0983,-45.402],[-74.082,-45.4363],[-74.0934,-45.4398],[-74.1017,-45.4272],[-74.1123,-45.4206],[-74.0983,-45.402]]],[[[-74.08,-45.5585],[-74.1025,-45.5943],[-74.123,-45.5617],[-74.1099,-45.5249],[-74.0637,-45.5231],[-74.1003,-45.4972],[-74.063,-45.4556],[-73.9591,-45.4589],[-74.0568,-45.4312],[-73.8624,-45.4653],[-73.8626,-45.4869],[-73.8282,-45.4513],[-73.7751,-45.4627],[-73.845,-45.5771],[-73.9066,-45.552],[-73.8747,-45.5292],[-73.882,-45.5086],[-73.9074,-45.5433],[-73.9837,-45.5257],[-73.923,-45.5092],[-74.0494,-45.5186],[-74.0303,-45.5362],[-74.1047,-45.5576],[-74.08,-45.5585]]],[[[-74.0887,-45.6173],[-74.056,-45.5607],[-74.0092,-45.5498],[-73.9847,-45.5342],[-73.8583,-45.6143],[-73.8854,-45.6434],[-73.8636,-45.6472],[-73.8797,-45.7105],[-73.9559,-45.7364],[-74.0355,-45.7235],[-74.066,-45.6381],[-74.0887,-45.6173]]],[[[-74.0299,-45.8122],[-74.0495,-45.8321],[-74.0949,-45.7946],[-74.0338,-45.7697],[-74.0328,-45.7376],[-73.8726,-45.7488],[-73.9556,-45.7878],[-73.9267,-45.7969],[-73.9321,-45.8699],[-73.9688,-45.9259],[-73.9962,-45.9345],[-74.017,-45.8562],[-73.9775,-45.8404],[-74.0318,-45.8559],[-74.0299,-45.8122]]],[[[-73.9527,-46.0126],[-73.9729,-45.9851],[-73.9759,-45.9447],[-73.9472,-45.9872],[-73.9527,-46.0126]]],[[[-74.0324,-45.8823],[-74.0585,-45.9062],[-74.1325,-45.8875],[-74.0524,-45.8682],[-74.0324,-45.8823]]],[[[-74.178,-47.172],[-74.2148,-47.1624],[-74.2268,-47.1509],[-74.1846,-47.132],[-74.178,-47.172]]],[[[-73.8697,-46.1185],[-73.9397,-46.1282],[-73.9424,-46.114],[-73.9195,-46.0935],[-73.8697,-46.1185]]],[[[-73.7967,-47.8222],[-73.8489,-47.8537],[-73.8665,-47.8401],[-73.8219,-47.8234],[-73.7967,-47.8222]]],[[[-73.8396,-47.9767],[-73.8716,-47.9648],[-73.8155,-47.9611],[-73.8396,-47.9767]]],[[[-73.9712,-51.3098],[-73.9923,-51.3716],[-74.0581,-51.3774],[-74.0866,-51.3367],[-74.0686,-51.3098],[-74.1036,-51.302],[-74.0987,-51.2321],[-73.9542,-51.2313],[-73.923,-51.3338],[-73.963,-51.3423],[-73.9712,-51.3098]]],[[[-73.4255,-45.3318],[-73.404,-45.3151],[-73.4265,-45.303],[-73.3247,-45.3003],[-73.4255,-45.3318]]],[[[-73.4848,-45.2666],[-73.5356,-45.3161],[-73.5675,-45.3119],[-73.589,-45.2975],[-73.5688,-45.3056],[-73.5441,-45.2408],[-73.4848,-45.2666]]],[[[-73.5742,-45.3623],[-73.5816,-45.3271],[-73.5565,-45.3201],[-73.4558,-45.3366],[-73.5742,-45.3623]]],[[[-73.527,-45.411],[-73.5511,-45.4133],[-73.5739,-45.4064],[-73.5461,-45.3992],[-73.527,-45.411]]],[[[-73.3362,-52.6773],[-73.3868,-52.6996],[-73.3938,-52.6902],[-73.353,-52.6601],[-73.3362,-52.6773]]],[[[-73.6126,-48.0746],[-73.5932,-48.0455],[-73.5242,-48.1113],[-73.6126,-48.0746]]],[[[-73.5121,-48.1793],[-73.5097,-48.1561],[-73.4847,-48.1714],[-73.5121,-48.1793]]],[[[-73.625,-51.7618],[-73.5931,-51.7867],[-73.6427,-51.801],[-73.625,-51.7618]]],[[[-73.6393,-52.2993],[-73.6197,-52.2932],[-73.6085,-52.3322],[-73.6393,-52.2993]]],[[[-73.7306,-51.3778],[-73.8618,-51.3608],[-73.8415,-51.3594],[-73.8351,-51.3418],[-73.8723,-51.3351],[-73.7988,-51.3061],[-73.8704,-51.3284],[-73.8982,-51.2935],[-73.8016,-51.2452],[-73.7501,-51.2717],[-73.7306,-51.3778]]],[[[-73.7072,-51.9459],[-73.8009,-51.8493],[-73.7559,-51.8269],[-73.7001,-51.8876],[-73.7072,-51.9459]]],[[[-73.8188,-51.9239],[-73.7709,-51.8992],[-73.7905,-51.9146],[-73.6888,-51.9833],[-73.7438,-52.0242],[-73.7881,-51.9899],[-73.849,-51.9652],[-73.863,-51.9429],[-73.8188,-51.9239]]],[[[-73.8414,-51.6621],[-73.8743,-51.6391],[-73.8218,-51.6479],[-73.8414,-51.6621]]],[[[-73.8347,-51.6842],[-73.8517,-51.7568],[-73.788,-51.7155],[-73.7452,-51.7741],[-73.7909,-51.7799],[-73.8086,-51.7985],[-73.7733,-51.8014],[-73.8036,-51.8143],[-73.8684,-51.7657],[-73.8718,-51.717],[-73.8837,-51.7347],[-73.94,-51.6495],[-73.8894,-51.654],[-73.8743,-51.6931],[-73.8347,-51.6842]]],[[[-73.9756,-52.1269],[-74.016,-52.0942],[-74.0366,-52.0688],[-73.922,-52.0998],[-73.9756,-52.1269]]],[[[-73.8008,-52.1906],[-73.7948,-52.2342],[-73.9285,-52.1709],[-73.9288,-52.1459],[-73.8008,-52.1906]]],[[[-73.8934,-52.1959],[-73.7516,-52.2737],[-73.7814,-52.3435],[-73.7329,-52.3384],[-73.7213,-52.4227],[-73.7639,-52.4057],[-73.8539,-52.4048],[-73.8822,-52.3838],[-73.8476,-52.3833],[-73.8701,-52.3768],[-73.8507,-52.3548],[-73.7638,-52.3553],[-73.9755,-52.2768],[-74.0213,-52.2265],[-73.984,-52.2236],[-74.0808,-52.1781],[-74.0056,-52.1385],[-74.0011,-52.176],[-73.8934,-52.1959]]],[[[-73.9824,-52.4695],[-73.8787,-52.4052],[-73.8442,-52.4294],[-73.9172,-52.4852],[-73.9656,-52.4768],[-73.9383,-52.4677],[-73.9824,-52.4695]]],[[[-73.7527,-52.2093],[-73.6752,-52.2549],[-73.6913,-52.2801],[-73.7698,-52.247],[-73.7679,-52.2254],[-73.7194,-52.2486],[-73.7527,-52.2093]]],[[[-73.7351,-52.3071],[-73.7167,-52.2973],[-73.7114,-52.3269],[-73.7351,-52.3071]]],[[[-74.008,-52.4626],[-73.9649,-52.4305],[-73.9773,-52.4557],[-74.008,-52.4626]]],[[[-73.9602,-52.527],[-73.8681,-52.4783],[-73.9284,-52.5317],[-73.8608,-52.5202],[-73.879,-52.5314],[-73.8879,-52.5446],[-73.8834,-52.5511],[-73.8432,-52.5299],[-73.8714,-52.4949],[-73.8128,-52.4669],[-73.8404,-52.4519],[-73.7634,-52.4577],[-73.7887,-52.4377],[-73.7521,-52.4218],[-73.6856,-52.4418],[-73.6487,-52.4908],[-73.7254,-52.5054],[-73.6915,-52.5285],[-73.7418,-52.5364],[-73.7133,-52.5611],[-73.7228,-52.565],[-73.7198,-52.5732],[-73.7091,-52.5812],[-73.8031,-52.5459],[-73.7516,-52.5838],[-73.7808,-52.5926],[-73.7014,-52.591],[-73.7163,-52.6441],[-73.8087,-52.6979],[-73.7533,-52.6881],[-73.7982,-52.7239],[-73.8654,-52.7073],[-73.8328,-52.7276],[-73.904,-52.7526],[-73.9388,-52.7069],[-73.8645,-52.6722],[-73.8593,-52.6645],[-73.8735,-52.6642],[-73.9051,-52.6793],[-73.8559,-52.644],[-73.836,-52.6123],[-73.9137,-52.6681],[-73.9673,-52.6665],[-73.8412,-52.5716],[-73.8998,-52.5952],[-73.8907,-52.5768],[-73.9095,-52.5643],[-73.9278,-52.6053],[-73.9712,-52.6261],[-73.9833,-52.6055],[-73.9841,-52.6214],[-73.969,-52.6281],[-74.0,-52.6514],[-74.0376,-52.6302],[-74.0698,-52.6457],[-73.9977,-52.5584],[-73.9634,-52.5629],[-73.9516,-52.547],[-73.9993,-52.5355],[-73.9602,-52.527]]],[[[-73.5702,-52.4815],[-73.5954,-52.4806],[-73.6085,-52.4672],[-73.5703,-52.4687],[-73.5702,-52.4815]]],[[[-73.5973,-52.5498],[-73.5991,-52.5155],[-73.5722,-52.5489],[-73.5973,-52.5498]]],[[[-73.6361,-52.5662],[-73.6886,-52.5636],[-73.6806,-52.5487],[-73.6361,-52.5662]]],[[[-73.64,-52.7603],[-73.6319,-52.7855],[-73.699,-52.7887],[-73.6514,-52.7719],[-73.6852,-52.7651],[-73.64,-52.7603]]],[[[-73.7984,-52.8774],[-73.8056,-52.913],[-73.8384,-52.8944],[-73.7984,-52.8774]]],[[[-74.4788,-52.9189],[-74.5192,-52.9081],[-74.5083,-52.9534],[-74.5786,-52.9536],[-74.6138,-52.901],[-74.5673,-52.8984],[-74.6486,-52.856],[-74.6363,-52.8413],[-74.5857,-52.8527],[-74.6139,-52.8688],[-74.5449,-52.8658],[-74.5783,-52.8639],[-74.5835,-52.8324],[-74.6773,-52.8262],[-74.6157,-52.8145],[-74.7049,-52.7977],[-74.7309,-52.731],[-74.6779,-52.7398],[-74.6789,-52.7163],[-74.594,-52.7887],[-74.536,-52.7938],[-74.5697,-52.8138],[-74.504,-52.7979],[-74.4319,-52.8291],[-74.4803,-52.8336],[-74.5108,-52.8541],[-74.4212,-52.8432],[-74.4818,-52.8671],[-74.4604,-52.886],[-74.4106,-52.8721],[-74.4108,-52.9007],[-74.3958,-52.8743],[-74.3511,-52.88],[-74.412,-52.9323],[-74.3235,-52.9811],[-74.3446,-52.9387],[-74.3134,-52.9358],[-74.3175,-52.9099],[-74.2907,-52.9218],[-74.3043,-52.924],[-74.3122,-52.9463],[-74.254,-52.9613],[-74.2711,-52.9849],[-74.2418,-52.9832],[-74.2389,-52.9409],[-74.214,-52.983],[-74.1768,-52.9583],[-74.1495,-52.9878],[-74.1691,-53.0037],[-74.1079,-53.016],[-74.1166,-52.9848],[-74.0871,-52.9874],[-74.1381,-52.9649],[-74.1198,-52.9424],[-74.0377,-52.976],[-74.0717,-52.9802],[-74.0507,-52.9977],[-73.9234,-53.0064],[-73.9697,-53.0109],[-73.9371,-53.0385],[-73.9957,-53.0267],[-73.9053,-53.0707],[-73.9302,-53.0402],[-73.8949,-53.0174],[-73.8492,-53.03],[-73.8162,-53.0928],[-73.7958,-53.0837],[-73.8341,-53.0412],[-73.8012,-53.0697],[-73.7339,-53.0694],[-73.7461,-53.0865],[-73.6909,-53.0976],[-73.6253,-53.1843],[-73.6359,-53.1454],[-73.6006,-53.1485],[-73.6397,-53.1381],[-73.6515,-53.0864],[-73.5999,-53.081],[-73.6284,-53.0967],[-73.587,-53.1153],[-73.6096,-53.1271],[-73.5599,-53.1102],[-73.5301,-53.1645],[-73.5478,-53.1924],[-73.5852,-53.1841],[-73.5126,-53.2593],[-73.5322,-53.2821],[-73.485,-53.2877],[-73.5075,-53.2327],[-73.4279,-53.2493],[-73.5067,-53.2198],[-73.4845,-53.1925],[-73.5153,-53.1571],[-73.4788,-53.1425],[-73.3918,-53.1797],[-73.4528,-53.1904],[-73.3687,-53.1937],[-73.4377,-53.2128],[-73.3682,-53.2043],[-73.3089,-53.2462],[-73.3452,-53.2417],[-73.317,-53.2557],[-73.3404,-53.2754],[-73.4042,-53.2586],[-73.3586,-53.2757],[-73.3807,-53.2831],[-73.2879,-53.2672],[-73.2826,-53.2949],[-73.1755,-53.3114],[-73.2296,-53.3344],[-73.0873,-53.355],[-73.1133,-53.3792],[-73.2522,-53.3661],[-73.2566,-53.3827],[-73.4038,-53.314],[-73.4366,-53.3516],[-73.6049,-53.3353],[-73.5835,-53.3222],[-73.6116,-53.2964],[-73.4819,-53.3236],[-73.462,-53.3127],[-73.6017,-53.2834],[-73.6077,-53.2417],[-73.5657,-53.2396],[-73.6096,-53.2295],[-73.6077,-53.1978],[-73.6302,-53.2285],[-73.7287,-53.1433],[-73.7007,-53.1856],[-73.7606,-53.1873],[-73.7157,-53.1734],[-73.772,-53.1799],[-73.7916,-53.106],[-73.7909,-53.1297],[-73.8259,-53.1222],[-73.79,-53.1362],[-73.7967,-53.1728],[-73.8513,-53.0907],[-73.8966,-53.0695],[-73.8963,-53.1047],[-73.9416,-53.0855],[-73.9673,-53.1067],[-74.0379,-53.0663],[-74.1082,-53.0544],[-73.9834,-53.1082],[-74.0744,-53.1378],[-74.1393,-53.0853],[-74.1232,-53.1245],[-74.1912,-53.1173],[-74.1943,-53.0765],[-74.2455,-53.0338],[-74.2143,-53.0909],[-74.2289,-53.1418],[-74.2602,-53.1453],[-74.2377,-53.1234],[-74.2638,-53.125],[-74.2664,-53.0926],[-74.2681,-53.1197],[-74.3215,-53.126],[-74.3357,-53.0902],[-74.2943,-53.0538],[-74.3241,-53.0248],[-74.3646,-53.0819],[-74.4098,-53.0433],[-74.3831,-53.0361],[-74.4206,-53.0084],[-74.398,-52.9899],[-74.4321,-53.0061],[-74.4376,-52.9878],[-74.4514,-52.9807],[-74.4333,-52.9596],[-74.4696,-52.9612],[-74.4535,-53.0083],[-74.5199,-52.9681],[-74.4788,-52.9189]]],[[[-73.7016,-53.3087],[-73.7397,-53.3054],[-73.7728,-53.2823],[-73.7378,-53.2948],[-73.7016,-53.3087]]],[[[-73.7999,-52.9249],[-73.7284,-52.9142],[-73.7339,-52.8825],[-73.7555,-52.8804],[-73.7361,-52.8662],[-73.5646,-52.8886],[-73.6269,-52.8507],[-73.6043,-52.8325],[-73.5516,-52.8624],[-73.4262,-52.8921],[-73.4062,-52.8805],[-73.3294,-52.9268],[-73.3739,-52.9123],[-73.3359,-52.9375],[-73.4102,-52.9728],[-73.4968,-52.9458],[-73.4119,-52.9328],[-73.5387,-52.8946],[-73.5353,-52.918],[-73.6117,-52.8912],[-73.6521,-52.9201],[-73.7071,-52.9055],[-73.7189,-52.9224],[-73.7999,-52.9249]]],[[[-73.56,-52.9386],[-73.5202,-52.9386],[-73.4802,-52.9711],[-73.537,-52.9615],[-73.5793,-53.0002],[-73.56,-52.9386]]],[[[-73.3164,-53.139],[-73.2958,-53.1287],[-73.2378,-53.148],[-73.3164,-53.139]]],[[[-73.2618,-53.4094],[-73.2978,-53.3905],[-73.2703,-53.3851],[-73.3185,-53.369],[-73.2697,-53.3849],[-73.2308,-53.3878],[-73.2618,-53.4094]]],[[[-73.3215,-53.4419],[-73.3846,-53.4527],[-73.3795,-53.4361],[-73.3215,-53.4419]]],[[[-73.4239,-53.613],[-73.464,-53.6195],[-73.4077,-53.5889],[-73.2783,-53.6377],[-73.3739,-53.606],[-73.3466,-53.635],[-73.3856,-53.6216],[-73.4774,-53.643],[-73.486,-53.6319],[-73.4239,-53.613]]],[[[-73.8174,-53.432],[-73.6991,-53.4941],[-73.4576,-53.5589],[-73.5406,-53.4985],[-73.6624,-53.4599],[-73.521,-53.4709],[-73.4818,-53.4537],[-73.5656,-53.4513],[-73.6091,-53.4218],[-73.5715,-53.4142],[-73.593,-53.3862],[-73.491,-53.4269],[-73.5142,-53.4029],[-73.4947,-53.3925],[-73.3997,-53.4012],[-73.3687,-53.4217],[-73.5115,-53.4957],[-73.459,-53.5088],[-73.44,-53.4731],[-73.3379,-53.567],[-73.391,-53.5512],[-73.4047,-53.5583],[-73.3275,-53.5771],[-73.3623,-53.5961],[-73.4221,-53.5723],[-73.4932,-53.6096],[-73.4769,-53.5776],[-73.5211,-53.546],[-73.5194,-53.5732],[-73.5438,-53.5546],[-73.6354,-53.5447],[-73.6179,-53.5704],[-73.6589,-53.555],[-73.6611,-53.5213],[-73.7174,-53.5254],[-73.8033,-53.4783],[-73.7611,-53.4736],[-73.8174,-53.432]]],[[[-73.6393,-53.2397],[-73.6764,-53.2422],[-73.6798,-53.2213],[-73.642,-53.2291],[-73.6127,-53.2538],[-73.6393,-53.2397]]],[[[-73.5169,-53.1499],[-73.5255,-53.1197],[-73.4866,-53.1283],[-73.5169,-53.1499]]],[[[-73.8951,-53.1478],[-73.8777,-53.1793],[-73.9029,-53.1853],[-73.9713,-53.1254],[-73.8572,-53.1198],[-73.7556,-53.229],[-73.8166,-53.2356],[-73.8951,-53.1478]]],[[[-73.8832,-53.3321],[-73.7876,-53.3722],[-73.8305,-53.376],[-73.8832,-53.3321]]],[[[-73.8843,-53.2236],[-73.9537,-53.1844],[-73.9911,-53.2032],[-74.0155,-53.1742],[-74.0223,-53.1963],[-74.0709,-53.1556],[-73.9829,-53.1359],[-73.9475,-53.1611],[-73.9716,-53.1752],[-73.8991,-53.208],[-73.8843,-53.2236]]],[[[-73.8173,-53.4257],[-73.8419,-53.4482],[-73.9056,-53.424],[-73.8778,-53.4052],[-73.8173,-53.4257]]],[[[-73.8569,-53.4856],[-73.8351,-53.4709],[-73.7711,-53.5122],[-73.8237,-53.5207],[-73.8569,-53.4856]]],[[[-73.5887,-53.3796],[-73.6127,-53.4015],[-73.6996,-53.3672],[-73.6351,-53.3899],[-73.6222,-53.3659],[-73.5887,-53.3796]]],[[[-73.627,-53.4281],[-73.6722,-53.4154],[-73.6862,-53.3964],[-73.622,-53.4032],[-73.627,-53.4281]]],[[[-73.8809,-53.5648],[-73.7461,-53.5184],[-73.6515,-53.5882],[-73.6821,-53.6097],[-73.6777,-53.5837],[-73.7043,-53.598],[-73.7733,-53.5475],[-73.784,-53.5996],[-73.845,-53.6096],[-73.8151,-53.5671],[-73.8809,-53.5648]]],[[[-73.727,-53.6264],[-73.7194,-53.5923],[-73.6836,-53.6159],[-73.727,-53.6264]]],[[[-73.6365,-53.6638],[-73.6651,-53.6817],[-73.6508,-53.6412],[-73.618,-53.6522],[-73.6296,-53.6553],[-73.6254,-53.6622],[-73.6365,-53.6638]]],[[[-73.2939,-53.677],[-73.2655,-53.6691],[-73.2203,-53.674],[-73.2316,-53.6799],[-73.2939,-53.677]]],[[[-73.5387,-53.5872],[-73.5194,-53.5769],[-73.5033,-53.5872],[-73.5071,-53.5999],[-73.5387,-53.5872]]],[[[-73.5848,-53.6551],[-73.5602,-53.6006],[-73.5479,-53.6172],[-73.4974,-53.621],[-73.5848,-53.6551]]],[[[-73.2986,-53.6492],[-73.3352,-53.6617],[-73.3647,-53.646],[-73.2986,-53.6492]]],[[[-73.3121,-53.6612],[-73.2626,-53.6475],[-73.2518,-53.662],[-73.3121,-53.6612]]],[[[-73.5975,-53.6287],[-73.6243,-53.6469],[-73.6523,-53.6335],[-73.5975,-53.6287]]],[[[-73.5291,-53.7411],[-73.5427,-53.7546],[-73.5723,-53.7595],[-73.5438,-53.7394],[-73.5291,-53.7411]]],[[[-73.2875,-53.4703],[-73.3179,-53.464],[-73.3189,-53.4539],[-73.2987,-53.4496],[-73.2875,-53.4703]]],[[[-73.2367,-53.4779],[-73.2825,-53.4426],[-73.2249,-53.4694],[-73.2367,-53.4779]]],[[[-73.0285,-54.0761],[-72.92,-54.0657],[-72.8296,-54.0786],[-72.7889,-54.1036],[-72.788,-54.0804],[-72.9075,-54.0525],[-72.9717,-54.0623],[-72.9518,-54.0455],[-72.9804,-54.0304],[-72.7578,-54.0632],[-72.7825,-54.0486],[-72.7553,-54.0346],[-72.8153,-54.0312],[-72.7914,-54.0182],[-72.8665,-54.0203],[-72.7817,-53.996],[-72.8788,-53.9758],[-72.808,-53.9543],[-72.6947,-53.9831],[-72.806,-53.9428],[-72.6538,-53.8736],[-72.7066,-53.8584],[-72.7965,-53.9171],[-72.797,-53.8876],[-72.7596,-53.878],[-72.7843,-53.8717],[-72.7195,-53.8465],[-72.7543,-53.8349],[-72.8398,-53.8854],[-72.8033,-53.8967],[-72.8185,-53.9368],[-72.9034,-53.962],[-72.9114,-53.9585],[-72.8977,-53.956],[-72.9171,-53.9308],[-72.8404,-53.9301],[-72.9007,-53.9235],[-72.8439,-53.8871],[-72.8116,-53.8192],[-72.7262,-53.7589],[-72.8068,-53.8051],[-72.8341,-53.7631],[-72.8549,-53.7875],[-72.8337,-53.8064],[-72.895,-53.8115],[-72.8385,-53.8146],[-72.9093,-53.8991],[-72.9654,-53.9004],[-72.9392,-53.866],[-73.0441,-53.9093],[-73.0477,-53.8797],[-73.0159,-53.8778],[-72.9989,-53.8639],[-73.0013,-53.859],[-72.9673,-53.8582],[-73.0176,-53.8501],[-72.9086,-53.8392],[-73.0507,-53.813],[-72.937,-53.8029],[-72.9938,-53.7907],[-72.8019,-53.7453],[-72.8447,-53.7385],[-72.8135,-53.7037],[-72.8541,-53.7316],[-72.8503,-53.7096],[-72.8763,-53.7058],[-72.8701,-53.734],[-72.9797,-53.7045],[-73.1802,-53.6797],[-72.9532,-53.6698],[-72.9282,-53.6239],[-73.0963,-53.6516],[-72.9995,-53.5844],[-73.0156,-53.5674],[-73.0502,-53.5911],[-73.0964,-53.5722],[-73.0421,-53.5991],[-73.1117,-53.6447],[-73.1965,-53.6419],[-73.1361,-53.6135],[-73.1579,-53.605],[-73.2359,-53.6398],[-73.2829,-53.594],[-73.1641,-53.564],[-73.3209,-53.5645],[-73.4332,-53.465],[-73.2964,-53.4758],[-73.2245,-53.5042],[-73.2517,-53.5168],[-73.2291,-53.535],[-73.1745,-53.5081],[-73.2202,-53.4957],[-73.1881,-53.4789],[-73.0362,-53.5361],[-73.1291,-53.4876],[-73.0958,-53.4598],[-73.161,-53.424],[-73.1186,-53.4078],[-73.1721,-53.4009],[-73.0384,-53.3756],[-73.0015,-53.3903],[-73.0479,-53.4317],[-73.0418,-53.4548],[-72.9977,-53.4196],[-73.0024,-53.4944],[-72.9749,-53.452],[-72.9866,-53.3964],[-72.9257,-53.4235],[-72.9488,-53.4403],[-72.9037,-53.4402],[-72.9247,-53.4484],[-72.8965,-53.4611],[-72.9338,-53.4953],[-72.9261,-53.5245],[-72.8855,-53.4917],[-72.8506,-53.5134],[-72.9249,-53.5558],[-72.8492,-53.532],[-72.8929,-53.5716],[-72.8613,-53.5685],[-72.8904,-53.6275],[-72.86,-53.6627],[-72.8601,-53.6132],[-72.8108,-53.6094],[-72.8424,-53.574],[-72.8037,-53.5602],[-72.8615,-53.4497],[-72.7755,-53.4757],[-72.7662,-53.4858],[-72.7821,-53.4973],[-72.776,-53.5053],[-72.7246,-53.508],[-72.7408,-53.5432],[-72.7095,-53.5538],[-72.7339,-53.57],[-72.6709,-53.5945],[-72.717,-53.6148],[-72.6714,-53.6254],[-72.6781,-53.6496],[-72.6388,-53.588],[-72.6782,-53.5434],[-72.6625,-53.5234],[-72.641,-53.5591],[-72.4611,-53.5782],[-72.4962,-53.5884],[-72.4487,-53.6095],[-72.485,-53.6342],[-72.4263,-53.6114],[-72.3831,-53.6399],[-72.6273,-53.6731],[-72.6362,-53.694],[-72.6216,-53.7226],[-72.5233,-53.7032],[-72.6121,-53.7149],[-72.5987,-53.6752],[-72.4548,-53.6761],[-72.4872,-53.6944],[-72.4371,-53.6978],[-72.4849,-53.7286],[-72.4553,-53.7259],[-72.4606,-53.7544],[-72.4135,-53.726],[-72.4302,-53.6886],[-72.3865,-53.6775],[-72.3445,-53.6855],[-72.3555,-53.717],[-72.2375,-53.7276],[-72.3534,-53.7558],[-72.2669,-53.7601],[-72.2227,-53.7446],[-72.1494,-53.7897],[-72.2933,-53.8046],[-72.1953,-53.8265],[-72.2251,-53.8584],[-72.3124,-53.8496],[-72.3703,-53.8073],[-72.3606,-53.8342],[-72.4634,-53.8226],[-72.4781,-53.8338],[-72.3513,-53.8516],[-72.3714,-53.8662],[-72.3359,-53.9252],[-72.4667,-53.8858],[-72.3624,-53.9586],[-72.4762,-53.9606],[-72.3781,-53.9708],[-72.3829,-54.0014],[-72.3212,-54.0128],[-72.3676,-54.0564],[-72.4129,-54.0349],[-72.4844,-54.0614],[-72.4853,-54.0274],[-72.5147,-54.0264],[-72.4696,-53.9965],[-72.4683,-53.9692],[-72.4958,-53.9535],[-72.492,-54.0053],[-72.5461,-53.9838],[-72.5614,-54.0001],[-72.5361,-54.0211],[-72.5595,-54.0089],[-72.5993,-54.019],[-72.5293,-54.0451],[-72.5543,-54.0697],[-72.5499,-54.1079],[-72.6012,-54.0843],[-72.6296,-54.0996],[-72.6121,-54.0464],[-72.6688,-54.0905],[-72.6288,-54.0188],[-72.683,-54.0904],[-72.7494,-54.0999],[-72.7031,-54.1009],[-72.7204,-54.1179],[-72.7766,-54.1214],[-72.781,-54.1088],[-72.7931,-54.1112],[-72.8015,-54.0984],[-72.8192,-54.0964],[-72.8086,-54.1159],[-72.8687,-54.1378],[-72.9649,-54.1237],[-72.8814,-54.1159],[-72.9271,-54.1083],[-72.8693,-54.0903],[-73.0792,-54.0885],[-73.0285,-54.0761]]],[[[-73.1841,-53.8121],[-73.1106,-53.8078],[-73.0829,-53.8163],[-73.1841,-53.8121]]],[[[-73.3093,-53.8594],[-73.1763,-53.8297],[-73.3093,-53.8225],[-73.0886,-53.8233],[-73.0707,-53.8936],[-73.1579,-53.8909],[-73.2074,-53.9144],[-73.1914,-53.8924],[-73.2341,-53.8844],[-73.178,-53.8843],[-73.2107,-53.8733],[-73.161,-53.8464],[-73.2284,-53.8766],[-73.2031,-53.85],[-73.3093,-53.8594]]],[[[-73.0926,-53.7436],[-73.0105,-53.7548],[-73.0668,-53.7379],[-73.022,-53.729],[-73.0938,-53.714],[-72.8735,-53.7465],[-73.0176,-53.7913],[-73.1124,-53.7663],[-73.0926,-53.7436]]],[[[-72.9741,-53.9841],[-72.9915,-53.9659],[-72.9521,-53.9719],[-72.9741,-53.9841]]],[[[-73.2826,-53.7104],[-73.2151,-53.6826],[-73.17,-53.6862],[-73.2248,-53.7251],[-73.2878,-53.7253],[-73.2197,-53.7171],[-73.1931,-53.6979],[-73.2826,-53.7104]]],[[[-73.1613,-53.7007],[-73.1853,-53.7304],[-73.1462,-53.729],[-73.1471,-53.7338],[-73.2222,-53.7478],[-73.1613,-53.7007]]],[[[-73.4238,-53.6879],[-73.4976,-53.7283],[-73.5161,-53.7209],[-73.5094,-53.6967],[-73.4817,-53.7051],[-73.4238,-53.6879]]],[[[-73.2963,-53.8992],[-73.3107,-53.8895],[-73.3459,-53.8737],[-73.2748,-53.8804],[-73.2843,-53.8831],[-73.2963,-53.8992]]],[[[-73.3902,-54.0003],[-73.3148,-54.0114],[-73.316,-54.0752],[-73.2772,-54.0779],[-73.2895,-54.0326],[-73.2368,-54.0496],[-73.2364,-54.1033],[-73.1878,-54.0628],[-73.195,-54.102],[-73.2259,-54.1004],[-73.2056,-54.1246],[-73.2872,-54.0875],[-73.2851,-54.1494],[-73.3648,-54.137],[-73.3203,-54.1098],[-73.3613,-54.0688],[-73.4099,-54.0924],[-73.4866,-54.0737],[-73.4231,-54.0282],[-73.3998,-54.0411],[-73.3902,-54.0003]]],[[[-72.1759,-53.7283],[-72.1467,-53.7213],[-72.1128,-53.7334],[-72.1275,-53.7422],[-72.1759,-53.7283]]],[[[-72.0806,-53.8759],[-72.0576,-53.886],[-72.0972,-53.8763],[-72.071,-53.8957],[-72.1056,-53.9219],[-72.2159,-53.8794],[-72.1506,-53.8276],[-72.0468,-53.8305],[-72.0806,-53.8759]]],[[[-72.1058,-53.9239],[-72.0584,-53.9037],[-72.0479,-53.9131],[-72.0768,-53.9415],[-72.1058,-53.9239]]],[[[-72.1978,-53.9024],[-72.1649,-53.9168],[-72.1824,-53.9254],[-72.1978,-53.9024]]],[[[-72.2806,-53.9151],[-72.1248,-53.9396],[-72.106,-53.9729],[-72.0555,-53.9905],[-72.1145,-53.9405],[-72.0278,-53.9661],[-72.0698,-53.9476],[-72.0319,-53.9152],[-72.04,-53.8983],[-72.0179,-53.9199],[-71.9851,-53.8876],[-71.9432,-53.901],[-71.9865,-53.8635],[-71.8605,-53.8588],[-71.8787,-53.8812],[-71.8164,-53.9239],[-71.8533,-53.9809],[-71.8172,-53.9819],[-71.8204,-53.9397],[-71.7821,-53.9288],[-71.7892,-53.8859],[-71.751,-53.9038],[-71.7614,-53.9265],[-71.7332,-53.8964],[-71.6507,-53.9246],[-71.7011,-53.9904],[-71.79,-54.0079],[-71.6897,-54.0006],[-71.6936,-54.0549],[-71.7714,-54.0469],[-71.7035,-54.0635],[-71.7373,-54.1],[-71.662,-54.0587],[-71.614,-54.0913],[-71.7497,-54.1715],[-71.8565,-54.1053],[-71.8477,-54.0756],[-71.9179,-54.0595],[-71.9257,-54.0476],[-71.9139,-54.0369],[-71.9182,-54.013],[-71.9521,-54.0442],[-71.9118,-54.0733],[-71.9283,-54.0701],[-71.9296,-54.0947],[-71.8947,-54.0926],[-71.8788,-54.1035],[-71.9193,-54.1308],[-71.8629,-54.1196],[-71.875,-54.1498],[-71.8248,-54.1531],[-71.7273,-54.2477],[-71.789,-54.2771],[-71.7938,-54.2612],[-71.8531,-54.2498],[-71.8056,-54.2735],[-71.8974,-54.2894],[-71.8224,-54.2895],[-71.8585,-54.307],[-71.7986,-54.3426],[-71.9166,-54.3373],[-71.9058,-54.3155],[-71.9647,-54.3363],[-71.9386,-54.2493],[-71.8751,-54.238],[-72.079,-54.1948],[-72.1262,-54.1591],[-72.0145,-54.1428],[-72.0049,-54.1351],[-72.1363,-54.1392],[-72.1594,-54.109],[-72.0619,-54.1069],[-72.024,-54.0931],[-72.1006,-54.0893],[-72.1338,-54.0313],[-72.1231,-54.0622],[-72.1989,-54.1108],[-72.2561,-54.0746],[-72.2397,-54.0165],[-72.1725,-53.9832],[-72.2566,-54.006],[-72.2806,-53.9151]]],[[[-72.9489,-41.4832],[-72.9858,-41.5168],[-72.9944,-41.5114],[-72.9795,-41.4924],[-72.9489,-41.4832]]],[[[-73.0163,-41.57],[-72.975,-41.556],[-72.9608,-41.5804],[-73.007,-41.5934],[-73.0163,-41.57]]],[[[-73.2319,-42.3076],[-73.2884,-42.3172],[-73.313,-42.3049],[-73.2762,-42.2858],[-73.2319,-42.3076]]],[[[-73.3456,-42.4226],[-73.3108,-42.3995],[-73.2895,-42.3895],[-73.2988,-42.4365],[-73.3456,-42.4226]]],[[[-73.1381,-41.8816],[-73.0936,-41.9041],[-73.0663,-41.8978],[-73.1241,-41.9122],[-73.1611,-41.9078],[-73.1179,-41.9037],[-73.1381,-41.8816]]],[[[-73.0719,-41.8205],[-73.0948,-41.7902],[-73.0445,-41.8217],[-73.0975,-41.7724],[-73.0663,-41.776],[-73.0889,-41.7526],[-73.058,-41.7319],[-72.9855,-41.8576],[-73.0335,-41.8608],[-73.1156,-41.8045],[-73.0719,-41.8205]]],[[[-73.0068,-42.654],[-73.0437,-42.6309],[-73.0667,-42.6161],[-73.0014,-42.6058],[-73.0068,-42.654]]],[[[-72.9294,-41.6868],[-72.9086,-41.7077],[-73.0017,-41.7053],[-72.9687,-41.6581],[-72.8867,-41.6962],[-72.9294,-41.6868]]],[[[-72.4799,-41.701],[-72.4546,-41.6836],[-72.4352,-41.6838],[-72.4742,-41.7062],[-72.4799,-41.701]]],[[[-72.4843,-42.0701],[-72.513,-42.0539],[-72.4612,-41.9836],[-72.4617,-42.0288],[-72.4843,-42.0701]]],[[[-72.8972,-41.8701],[-72.8933,-41.8974],[-72.9374,-41.8748],[-72.8972,-41.8701]]],[[[-72.4777,-42.089],[-72.4904,-42.1695],[-72.6101,-42.1308],[-72.5721,-42.0784],[-72.5559,-42.104],[-72.502,-42.0733],[-72.4777,-42.089]]],[[[-73.2632,-42.2753],[-73.2062,-42.2829],[-73.1869,-42.3034],[-73.218,-42.3032],[-73.196,-42.2957],[-73.2632,-42.2753]]],[[[-73.1384,-42.2787],[-73.1082,-42.2575],[-73.0541,-42.2822],[-73.1302,-42.342],[-73.1769,-42.2754],[-73.1473,-42.3025],[-73.1018,-42.2809],[-73.1384,-42.2787]]],[[[-73.2474,-42.3404],[-73.2583,-42.3303],[-73.2316,-42.3248],[-73.2156,-42.3385],[-73.2474,-42.3404]]],[[[-73.1385,-42.3783],[-73.1003,-42.3778],[-73.1553,-42.3974],[-73.1385,-42.3783]]],[[[-73.2159,-42.6003],[-73.2429,-42.6151],[-73.2278,-42.5613],[-73.2024,-42.5955],[-73.2031,-42.6281],[-73.2159,-42.6003]]],[[[-73.0718,-42.7406],[-73.0789,-42.7126],[-73.0521,-42.7214],[-73.0718,-42.7406]]],[[[-72.7911,-42.974],[-72.8108,-42.9334],[-72.7653,-42.9573],[-72.7911,-42.974]]],[[[-72.9185,-42.7822],[-72.968,-42.7537],[-72.95,-42.8091],[-73.0301,-42.6928],[-72.9753,-42.7391],[-72.9252,-42.724],[-72.9185,-42.7822]]],[[[-73.1159,-43.9414],[-73.1457,-44.0324],[-73.2099,-44.0347],[-73.1833,-44.018],[-73.2169,-44.0225],[-73.2657,-43.9694],[-73.241,-43.9137],[-73.1447,-43.8782],[-73.1159,-43.9414]]],[[[-72.9452,-43.7845],[-72.9174,-43.8029],[-72.9457,-43.8111],[-72.9523,-43.8146],[-72.9523,-43.8238],[-72.9577,-43.7939],[-72.9713,-43.7738],[-72.9685,-43.757],[-72.9452,-43.7845]]],[[[-72.9354,-43.8514],[-72.952,-43.8152],[-72.9454,-43.8115],[-72.9173,-43.8068],[-72.9225,-43.8079],[-72.9232,-43.81],[-72.9301,-43.8112],[-72.9185,-43.83],[-72.9393,-43.8366],[-72.9396,-43.8376],[-72.9392,-43.8384],[-72.9319,-43.8453],[-72.9354,-43.8514]]],[[[-72.8383,-44.4116],[-72.8214,-44.3965],[-72.8004,-44.4171],[-72.8383,-44.4116]]],[[[-73.2374,-44.0466],[-73.2755,-44.0273],[-73.2727,-44.0067],[-73.2378,-44.02],[-73.2374,-44.0466]]],[[[-72.9821,-44.3563],[-73.0861,-44.347],[-73.1088,-44.3822],[-73.1342,-44.3476],[-73.0733,-44.3419],[-73.0631,-44.3115],[-72.9867,-44.3306],[-72.9821,-44.3563]]],[[[-73.4671,-37.0521],[-73.508,-37.0423],[-73.5217,-37.0771],[-73.5552,-37.0254],[-73.5351,-36.9736],[-73.4671,-37.0521]]],[[[-73.3786,-39.8774],[-73.3106,-39.8575],[-73.2799,-39.8894],[-73.2575,-39.8982],[-73.2739,-39.9371],[-73.3158,-39.9432],[-73.3445,-39.9016],[-73.3201,-39.9006],[-73.3786,-39.8774]]],[[[-73.3491,-42.1777],[-73.4613,-42.1397],[-73.3886,-42.1052],[-73.3491,-42.1777]]],[[[-73.4384,-42.412],[-73.4499,-42.3656],[-73.4152,-42.3977],[-73.4384,-42.412]]],[[[-73.319,-42.4528],[-73.3154,-42.4852],[-73.3771,-42.4895],[-73.3742,-42.4534],[-73.319,-42.4528]]],[[[-73.2935,-42.463],[-73.2492,-42.5036],[-73.2646,-42.5135],[-73.2935,-42.463]]],[[[-73.3273,-42.6045],[-73.2711,-42.5927],[-73.2627,-42.6099],[-73.3273,-42.6045]]],[[[-73.3583,-42.6309],[-73.2323,-42.6425],[-73.2496,-42.6646],[-73.3583,-42.6309]]],[[[-73.9565,-38.3277],[-73.9334,-38.3204],[-73.8666,-38.3799],[-73.8901,-38.417],[-73.9322,-38.4115],[-73.9565,-38.3277]]],[[[-74.0215,-43.3508],[-74.0981,-43.3298],[-74.0915,-43.3365],[-74.0505,-43.3584],[-74.0237,-43.3546],[-74.0888,-43.3945],[-74.1405,-43.3632],[-74.1169,-43.3601],[-74.1175,-43.347],[-74.1552,-43.307],[-74.1316,-43.36],[-74.297,-43.3243],[-74.4052,-43.2611],[-74.4051,-43.2331],[-74.3057,-43.1326],[-74.334,-43.119],[-74.3251,-43.0768],[-74.224,-43.0246],[-74.2618,-42.9922],[-74.2125,-42.976],[-74.2277,-42.9169],[-74.1726,-42.9042],[-74.1517,-42.8548],[-74.1693,-42.7669],[-74.1441,-42.7603],[-74.159,-42.7173],[-74.1251,-42.7003],[-74.1202,-42.6406],[-74.1546,-42.5396],[-74.1958,-42.5164],[-74.1898,-42.4358],[-74.139,-42.3239],[-74.1716,-42.2674],[-74.135,-42.1989],[-74.0528,-42.1461],[-74.0582,-42.0975],[-74.0272,-42.0697],[-74.0545,-41.9687],[-74.0246,-41.9475],[-74.0529,-41.9338],[-73.9931,-41.896],[-74.0573,-41.838],[-74.0531,-41.803],[-73.901,-41.7668],[-73.8776,-41.7846],[-73.9114,-41.7957],[-73.8541,-41.8298],[-73.8794,-41.8551],[-73.9715,-41.8156],[-74.0075,-41.8418],[-74.0,-41.8393],[-73.9863,-41.8714],[-73.9606,-41.8869],[-73.9854,-41.8692],[-73.9643,-41.8528],[-73.8576,-41.8826],[-73.8062,-41.8598],[-73.801,-41.8738],[-73.7572,-41.9066],[-73.8173,-41.941],[-73.7707,-41.9726],[-73.766,-41.9373],[-73.7275,-41.9593],[-73.7397,-41.9307],[-73.7083,-41.9297],[-73.7467,-41.918],[-73.7705,-41.8731],[-73.7245,-41.8924],[-73.7445,-41.8728],[-73.7993,-41.8694],[-73.6629,-41.797],[-73.6238,-41.8264],[-73.5395,-41.7964],[-73.4768,-41.8332],[-73.532,-41.8808],[-73.4714,-41.9037],[-73.5277,-41.893],[-73.5094,-41.9236],[-73.5623,-41.9569],[-73.5179,-41.9509],[-73.4151,-42.0726],[-73.4418,-42.1188],[-73.4834,-42.1114],[-73.4882,-42.1609],[-73.3614,-42.2092],[-73.3607,-42.2408],[-73.3794,-42.2383],[-73.4145,-42.2583],[-73.3381,-42.2637],[-73.3552,-42.3369],[-73.4353,-42.3093],[-73.4705,-42.3432],[-73.5078,-42.3246],[-73.6685,-42.3873],[-73.6413,-42.4361],[-73.6844,-42.479],[-73.5769,-42.5342],[-73.6302,-42.5237],[-73.7204,-42.5688],[-73.7386,-42.5401],[-73.7845,-42.5326],[-73.7347,-42.4963],[-73.7404,-42.4254],[-73.8048,-42.5386],[-73.7501,-42.5523],[-73.7848,-42.6148],[-73.7056,-42.6646],[-73.6599,-42.6649],[-73.681,-42.6949],[-73.4729,-42.8132],[-73.4628,-42.8832],[-73.4905,-42.906],[-73.477,-42.8917],[-73.493,-42.8627],[-73.4876,-42.8859],[-73.5732,-42.8865],[-73.6154,-42.8058],[-73.6235,-42.8471],[-73.6507,-42.8464],[-73.6066,-42.851],[-73.5853,-42.8889],[-73.6578,-42.8537],[-73.7525,-42.8489],[-73.6169,-42.9169],[-73.6432,-42.9422],[-73.5932,-42.9525],[-73.6062,-42.9711],[-73.5453,-42.9737],[-73.5098,-43.0702],[-73.5718,-43.0333],[-73.6177,-43.056],[-73.4937,-43.0856],[-73.4799,-43.145],[-73.5453,-43.1],[-73.5431,-43.1219],[-73.7064,-43.1503],[-73.7311,-43.0937],[-73.7624,-43.1414],[-73.7538,-43.2011],[-73.6744,-43.2666],[-73.6615,-43.3181],[-73.8752,-43.285],[-73.8098,-43.3128],[-73.7952,-43.4131],[-73.8604,-43.3513],[-73.8707,-43.3675],[-73.8217,-43.422],[-73.8796,-43.4229],[-73.9246,-43.369],[-73.9805,-43.3608],[-73.9944,-43.3893],[-74.0215,-43.3508]]],[[[-74.0519,-43.9029],[-74.1591,-43.8619],[-74.0721,-43.8048],[-73.9689,-43.846],[-73.9003,-43.8402],[-73.8819,-43.816],[-73.9104,-43.8003],[-73.8272,-43.7997],[-73.8587,-43.7704],[-73.7817,-43.8279],[-73.9409,-43.8531],[-73.9402,-43.8828],[-73.8626,-43.9149],[-73.916,-43.9064],[-73.9365,-43.953],[-74.0001,-43.9203],[-74.0052,-43.8875],[-74.0519,-43.9029]]],[[[-73.7864,-43.9419],[-73.851,-43.925],[-73.8505,-43.9104],[-73.7684,-43.9025],[-73.7864,-43.9419]]],[[[-73.927,-43.9572],[-73.8757,-43.9335],[-73.7793,-43.9739],[-73.8657,-43.9892],[-73.927,-43.9572]]],[[[-73.4432,-42.5721],[-73.4356,-42.5403],[-73.4075,-42.5505],[-73.5382,-42.468],[-73.6374,-42.4698],[-73.6036,-42.4387],[-73.6584,-42.3899],[-73.5248,-42.3936],[-73.5138,-42.4562],[-73.3954,-42.5404],[-73.3882,-42.5828],[-73.4432,-42.5721]]],[[[-73.7438,-42.6194],[-73.5949,-42.5693],[-73.5659,-42.618],[-73.5807,-42.672],[-73.5198,-42.6801],[-73.5782,-42.7082],[-73.6054,-42.6496],[-73.7023,-42.6548],[-73.7438,-42.6194]]],[[[-73.5755,-43.2724],[-73.6256,-43.2407],[-73.6223,-43.1678],[-73.5713,-43.2468],[-73.5755,-43.2724]]],[[[-73.4586,-42.4366],[-73.4379,-42.4213],[-73.4236,-42.4331],[-73.4275,-42.4388],[-73.4586,-42.4366]]],[[[-73.546,-42.9437],[-73.5695,-42.9591],[-73.6048,-42.9298],[-73.5185,-42.9171],[-73.3248,-43.0154],[-73.4394,-42.9912],[-73.4609,-42.9923],[-73.546,-42.9437]]],[[[-73.4229,-42.6202],[-73.4731,-42.648],[-73.5304,-42.6465],[-73.5439,-42.6286],[-73.4766,-42.6476],[-73.5019,-42.6028],[-73.4229,-42.6202]]],[[[-73.5787,-43.2042],[-73.5854,-43.1405],[-73.5542,-43.1372],[-73.5493,-43.1682],[-73.5073,-43.1766],[-73.5246,-43.1417],[-73.498,-43.1728],[-73.5359,-43.1954],[-73.5787,-43.2042]]],[[[-73.5384,-44.1074],[-73.4904,-44.1139],[-73.5054,-44.1288],[-73.4442,-44.1295],[-73.503,-44.1774],[-73.5384,-44.1074]]],[[[-73.5382,-44.1442],[-73.5862,-44.1421],[-73.5543,-44.1194],[-73.5382,-44.1442]]],[[[-73.0893,-44.3124],[-73.1412,-44.336],[-73.1644,-44.3024],[-73.1465,-44.3178],[-73.0893,-44.3124]]],[[[-73.2092,-44.3285],[-73.1512,-44.3806],[-73.2587,-44.3985],[-73.2913,-44.3743],[-73.2763,-44.3271],[-73.2092,-44.3285]]],[[[-73.7196,-43.1751],[-73.6624,-43.1943],[-73.6676,-43.2465],[-73.7444,-43.2043],[-73.7196,-43.1751]]],[[[-73.7652,-43.3791],[-73.8084,-43.3205],[-73.6624,-43.3521],[-73.6896,-43.3917],[-73.7652,-43.3791]]],[[[-73.8939,-43.8675],[-73.7684,-43.8477],[-73.7736,-43.8232],[-73.7382,-43.9004],[-73.8479,-43.9034],[-73.8939,-43.8675]]],[[[-73.7377,-44.055],[-73.7464,-44.0361],[-73.7328,-44.0355],[-73.7319,-44.027],[-73.7191,-44.0342],[-73.7377,-44.055]]],[[[-73.6894,-43.9345],[-73.602,-44.017],[-73.651,-44.0318],[-73.5798,-44.0615],[-73.6039,-44.0846],[-73.5754,-44.0955],[-73.6583,-44.135],[-73.6358,-44.0917],[-73.6436,-44.0713],[-73.6527,-44.0889],[-73.6642,-44.087],[-73.6542,-44.0813],[-73.6573,-44.0525],[-73.7091,-44.037],[-73.7372,-43.9881],[-73.6894,-43.9345]]],[[[-73.5623,-44.0824],[-73.5727,-44.0382],[-73.6118,-44.0322],[-73.5345,-44.039],[-73.5477,-44.0676],[-73.526,-44.0752],[-73.5623,-44.0824]]],[[[-73.6654,-44.1561],[-73.6526,-44.1993],[-73.7191,-44.199],[-73.722,-44.1682],[-73.6951,-44.1876],[-73.6654,-44.1561]]],[[[-73.653,-44.211],[-73.6403,-44.1879],[-73.6142,-44.18],[-73.6194,-44.2007],[-73.653,-44.211]]],[[[-73.7446,-44.2527],[-73.6722,-44.2351],[-73.6304,-44.25],[-73.716,-44.3076],[-73.7446,-44.2527]]],[[[-73.7586,-44.3818],[-73.6477,-44.3791],[-73.6748,-44.3445],[-73.6269,-44.3509],[-73.6468,-44.3891],[-73.7162,-44.3883],[-73.641,-44.4155],[-73.6623,-44.4417],[-73.7918,-44.3692],[-73.7586,-44.3818]]],[[[-73.6958,-44.5041],[-73.7117,-44.5308],[-73.7582,-44.4804],[-73.7221,-44.4875],[-73.6958,-44.5041]]],[[[-73.6534,-44.462],[-73.5881,-44.462],[-73.6136,-44.4308],[-73.5743,-44.4477],[-73.5659,-44.4369],[-73.568,-44.4848],[-73.6222,-44.4908],[-73.5992,-44.4823],[-73.6534,-44.462]]],[[[-73.6906,-44.4906],[-73.6663,-44.4769],[-73.5737,-44.5131],[-73.6662,-44.5279],[-73.6889,-44.5062],[-73.6381,-44.5096],[-73.6906,-44.4906]]],[[[-73.8873,-44.3987],[-73.8697,-44.3558],[-73.8342,-44.3671],[-73.8873,-44.3987]]],[[[-73.8784,-44.4386],[-73.8196,-44.4109],[-73.8246,-44.4415],[-73.7954,-44.3999],[-73.7485,-44.4411],[-73.9005,-44.4542],[-73.8896,-44.4034],[-73.8249,-44.3724],[-73.8055,-44.4001],[-73.8784,-44.4386]]],[[[-73.7595,-44.4969],[-73.7859,-44.5172],[-73.832,-44.4989],[-73.7932,-44.4805],[-73.7595,-44.4969]]],[[[-73.6508,-44.4094],[-73.6313,-44.3904],[-73.6164,-44.3972],[-73.6239,-44.4058],[-73.6508,-44.4094]]],[[[-73.7395,-44.7657],[-73.5838,-44.7432],[-73.581,-44.7835],[-73.6129,-44.7898],[-73.5948,-44.8295],[-73.6333,-44.8503],[-73.7131,-44.8242],[-73.7395,-44.7657]]],[[[-73.7964,-44.6468],[-73.8027,-44.5618],[-73.7303,-44.5516],[-73.6793,-44.5305],[-73.6087,-44.5609],[-73.6317,-44.5821],[-73.6827,-44.5566],[-73.6036,-44.6074],[-73.5856,-44.5878],[-73.5975,-44.6137],[-73.5893,-44.6227],[-73.7158,-44.7306],[-73.6335,-44.6973],[-73.6199,-44.6721],[-73.5635,-44.7072],[-73.7437,-44.7522],[-73.7705,-44.6928],[-73.837,-44.6513],[-73.8195,-44.6318],[-73.8794,-44.5924],[-73.8257,-44.5916],[-73.8149,-44.638],[-73.7964,-44.6468]]],[[[-73.6745,-44.8701],[-73.7359,-44.8565],[-73.6761,-44.8579],[-73.6745,-44.8701]]],[[[-73.8368,-44.8454],[-73.9057,-44.8274],[-73.9105,-44.7907],[-73.83,-44.7731],[-73.7931,-44.804],[-73.7653,-44.8863],[-73.7259,-44.9137],[-73.7676,-44.9048],[-73.742,-44.9403],[-73.825,-44.9603],[-73.8842,-44.9154],[-73.9166,-44.8634],[-73.845,-44.8982],[-73.7949,-44.8939],[-73.8658,-44.8496],[-73.8368,-44.8454]]],[[[-73.7922,-44.9821],[-73.7532,-44.9832],[-73.7539,-45.0219],[-73.7922,-44.9821]]],[[[-73.5021,-45.0355],[-73.5466,-45.0158],[-73.5122,-45.0138],[-73.5021,-45.0355]]],[[[-73.5044,-45.0712],[-73.4932,-45.0998],[-73.519,-45.0924],[-73.5044,-45.0712]]],[[[-73.3218,-44.5796],[-73.3677,-44.5383],[-73.337,-44.5107],[-73.3097,-44.5191],[-73.3389,-44.5389],[-73.3218,-44.5796]]],[[[-73.4372,-44.9828],[-73.4277,-45.007],[-73.4704,-45.0437],[-73.4372,-44.9828]]],[[[-73.4242,-45.0466],[-73.4023,-45.0514],[-73.4375,-45.0846],[-73.4242,-45.0466]]],[[[-73.4581,-45.1036],[-73.4665,-45.0744],[-73.4407,-45.0426],[-73.4328,-45.0585],[-73.4581,-45.1036]]],[[[-73.3841,-45.0687],[-73.329,-45.1527],[-73.4199,-45.1406],[-73.4253,-45.0945],[-73.4429,-45.114],[-73.4204,-45.0758],[-73.3841,-45.0687]]],[[[-73.6054,-45.2436],[-73.6221,-45.28],[-73.6483,-45.2617],[-73.6054,-45.2436]]],[[[-74.2861,-43.4147],[-74.2542,-43.3485],[-74.233,-43.4074],[-74.2533,-43.4111],[-74.2636,-43.4279],[-74.2861,-43.4147]]],[[[-74.1486,-44.0048],[-74.2209,-44.01],[-74.2431,-43.9972],[-74.1486,-44.0048]]],[[[-74.2569,-44.0115],[-74.1718,-44.0268],[-74.2821,-44.0264],[-74.2569,-44.0115]]],[[[-74.1677,-44.0853],[-74.2028,-44.0977],[-74.3415,-44.0752],[-74.2292,-44.0685],[-74.1677,-44.0853]]],[[[-74.1778,-44.1217],[-74.1978,-44.1372],[-74.3573,-44.1019],[-74.3469,-44.0911],[-74.1778,-44.1217]]],[[[-74.2318,-44.1617],[-74.3547,-44.1839],[-74.3037,-44.1694],[-74.3582,-44.1324],[-74.2745,-44.1298],[-74.2318,-44.1617]]],[[[-74.2257,-44.2393],[-74.2503,-44.2357],[-74.3215,-44.201],[-74.2633,-44.1962],[-74.2257,-44.2393]]],[[[-74.4224,-44.3946],[-74.4075,-44.3619],[-74.3953,-44.3584],[-74.3848,-44.381],[-74.3663,-44.389],[-74.4224,-44.3946]]],[[[-74.5042,-44.4313],[-74.3982,-44.432],[-74.4124,-44.47],[-74.3019,-44.3874],[-74.2467,-44.4042],[-74.2018,-44.468],[-74.2213,-44.49],[-74.2828,-44.4843],[-74.3298,-44.5064],[-74.4437,-44.4821],[-74.3807,-44.5042],[-74.3937,-44.5455],[-74.544,-44.4971],[-74.5512,-44.461],[-74.5042,-44.4313]]],[[[-74.362,-44.2064],[-74.3232,-44.1992],[-74.3194,-44.2092],[-74.3408,-44.214],[-74.362,-44.2064]]],[[[-74.3435,-44.3037],[-74.4166,-44.2514],[-74.313,-44.2247],[-74.2317,-44.3033],[-74.3435,-44.3037]]],[[[-74.2436,-44.3706],[-74.3584,-44.3859],[-74.3797,-44.3478],[-74.3238,-44.3201],[-74.2436,-44.3706]]],[[[-74.1331,-44.0832],[-74.0754,-44.0653],[-74.0594,-44.0786],[-74.1331,-44.0832]]],[[[-74.2011,-44.0607],[-74.1504,-44.0498],[-74.1101,-44.0435],[-74.1681,-44.0707],[-74.2011,-44.0607]]],[[[-74.1765,-44.2074],[-74.1633,-44.1874],[-74.1271,-44.2129],[-74.1765,-44.2074]]],[[[-73.8495,-44.0714],[-73.874,-44.0776],[-73.9065,-44.081],[-73.9075,-44.0719],[-73.8495,-44.0714]]],[[[-73.931,-44.0947],[-73.8399,-44.1212],[-73.8951,-44.1735],[-73.8136,-44.1819],[-73.8282,-44.1485],[-73.8013,-44.183],[-73.9575,-44.1901],[-73.9953,-44.1437],[-73.931,-44.0947]]],[[[-73.8019,-44.2323],[-73.842,-44.25],[-73.8489,-44.2142],[-73.8235,-44.2108],[-73.8019,-44.2323]]],[[[-74.1052,-44.2033],[-74.0627,-44.1681],[-74.0494,-44.1918],[-73.9811,-44.2283],[-74.0445,-44.189],[-74.0451,-44.1554],[-74.0668,-44.1655],[-74.0183,-44.1359],[-73.9734,-44.1949],[-73.8543,-44.2228],[-73.969,-44.261],[-73.9931,-44.2462],[-74.046,-44.2348],[-73.9877,-44.2576],[-73.9458,-44.3222],[-74.0002,-44.3373],[-74.0234,-44.3259],[-73.9705,-44.3256],[-74.0582,-44.297],[-74.0573,-44.249],[-74.1052,-44.2033]]],[[[-73.9383,-44.2568],[-73.8856,-44.3421],[-73.9447,-44.3246],[-73.9426,-44.3198],[-73.9742,-44.2689],[-73.9383,-44.2568]]],[[[-73.9471,-44.3425],[-73.9627,-44.3596],[-73.8872,-44.3554],[-73.9175,-44.3715],[-73.9026,-44.4422],[-73.9247,-44.4538],[-74.0537,-44.3907],[-74.0806,-44.2972],[-74.0027,-44.3591],[-74.013,-44.3415],[-73.9471,-44.3425]]],[[[-73.9324,-44.2514],[-73.8399,-44.2607],[-73.8528,-44.2876],[-73.9324,-44.2514]]],[[[-73.8359,-44.3171],[-73.7897,-44.2621],[-73.7669,-44.3407],[-73.8757,-44.3407],[-73.8692,-44.3187],[-73.8878,-44.3009],[-73.8359,-44.3171]]],[[[-73.9894,-44.5151],[-74.1146,-44.5077],[-73.9945,-44.5202],[-73.9495,-44.498],[-74.1291,-44.4711],[-74.1429,-44.4523],[-74.0767,-44.4704],[-74.1831,-44.42],[-73.9744,-44.4649],[-73.9776,-44.45],[-73.9927,-44.4459],[-73.9849,-44.4443],[-73.9451,-44.4656],[-73.9145,-44.5141],[-73.9219,-44.5396],[-74.0439,-44.5599],[-74.0923,-44.5447],[-74.1235,-44.4936],[-73.9894,-44.5151]]],[[[-73.8473,-44.4769],[-73.8337,-44.5115],[-73.895,-44.5131],[-73.8902,-44.4832],[-73.8473,-44.4769]]],[[[-73.8852,-44.6257],[-73.9544,-44.5968],[-73.9897,-44.5966],[-73.9006,-44.565],[-73.8852,-44.6257]]],[[[-73.8121,-44.7375],[-73.9056,-44.737],[-73.9326,-44.7294],[-73.8121,-44.7375]]],[[[-74.1561,-44.1695],[-74.0874,-44.112],[-74.0451,-44.1149],[-74.1221,-44.179],[-74.1561,-44.1695]]],[[[-74.1446,-44.2282],[-74.1002,-44.2579],[-74.1139,-44.3069],[-74.1987,-44.2434],[-74.1636,-44.2646],[-74.1446,-44.2282]]],[[[-74.0731,-44.417],[-74.1838,-44.384],[-74.1492,-44.3026],[-74.0731,-44.417]]],[[[-74.3672,-44.7213],[-74.1471,-44.7426],[-74.1086,-44.7284],[-74.179,-44.7335],[-74.1971,-44.7139],[-74.2761,-44.6951],[-74.4009,-44.6927],[-74.4063,-44.6468],[-74.3892,-44.6487],[-74.3343,-44.6323],[-74.4033,-44.6441],[-74.3864,-44.6145],[-74.3847,-44.6201],[-74.3782,-44.6254],[-74.2835,-44.6303],[-74.2946,-44.5999],[-74.1878,-44.5916],[-73.9663,-44.598],[-73.8818,-44.6368],[-73.8399,-44.6995],[-73.9719,-44.709],[-73.9541,-44.6577],[-73.9835,-44.6624],[-73.9803,-44.718],[-74.2359,-44.8074],[-74.3388,-44.7756],[-74.3672,-44.7213]]],[[[-74.1864,-44.9978],[-74.2661,-45.0375],[-74.3503,-45.0156],[-74.3574,-45.0246],[-74.3839,-44.9878],[-74.1469,-44.8626],[-73.9533,-44.8948],[-73.892,-44.9617],[-74.0136,-44.9925],[-74.0451,-44.9516],[-74.0363,-44.9724],[-74.0906,-44.9575],[-74.0217,-44.9979],[-74.1864,-44.9978]]],[[[-74.1889,-44.8207],[-73.9309,-44.789],[-73.9297,-44.8334],[-74.0385,-44.8601],[-74.1889,-44.8207]]],[[[-74.7679,-43.6778],[-74.8345,-43.5633],[-74.7459,-43.5663],[-74.7428,-43.5175],[-74.5533,-43.627],[-74.7679,-43.6778]]],[[[-74.7809,-44.6735],[-74.7998,-44.5422],[-74.7326,-44.5557],[-74.7164,-44.655],[-74.7809,-44.6735]]],[[[-74.6379,-44.9323],[-74.6114,-44.9599],[-74.6545,-44.9388],[-74.6379,-44.9323]]],[[[-74.458,-44.631],[-74.4342,-44.692],[-74.6761,-44.673],[-74.6331,-44.6599],[-74.6226,-44.608],[-74.458,-44.631]]],[[[-74.5059,-45.2281],[-74.5717,-45.2043],[-74.4962,-45.1539],[-74.4785,-45.1846],[-74.5059,-45.2281]]],[[[-74.5462,-45.2922],[-74.5609,-45.3093],[-74.5913,-45.2983],[-74.5528,-45.2902],[-74.5883,-45.269],[-74.5462,-45.2922]]],[[[-74.6833,-45.7146],[-74.6294,-45.622],[-74.5122,-45.5782],[-74.5797,-45.759],[-74.6242,-45.7642],[-74.5964,-45.732],[-74.6595,-45.7555],[-74.6833,-45.7146]]],[[[-74.6243,-45.3192],[-74.6019,-45.3145],[-74.5712,-45.342],[-74.6243,-45.3192]]],[[[-75.1112,-44.7675],[-75.0289,-44.842],[-75.0305,-44.9008],[-75.1536,-44.9259],[-75.1536,-44.8643],[-75.2033,-44.8114],[-75.1112,-44.7675]]],[[[-75.0381,-46.1797],[-74.9808,-46.159],[-74.9902,-46.1793],[-75.0381,-46.1797]]],[[[-74.9349,-45.6277],[-74.8939,-45.6261],[-74.8986,-45.6563],[-74.9349,-45.6277]]],[[[-75.2373,-46.7212],[-75.2651,-46.7036],[-75.2372,-46.6982],[-75.2373,-46.7212]]],[[[-75.1752,-46.6858],[-75.1303,-46.734],[-75.2185,-46.6862],[-75.1752,-46.6858]]],[[[-75.3373,-46.6869],[-75.3171,-46.7067],[-75.3584,-46.6935],[-75.3473,-46.683],[-75.3016,-46.685],[-75.3373,-46.6869]]],[[[-75.1284,-46.7506],[-75.1454,-46.7792],[-75.2288,-46.7258],[-75.2154,-46.7196],[-75.2169,-46.7104],[-75.1284,-46.7506]]],[[[-74.9711,-47.7011],[-74.9432,-47.7257],[-74.9272,-47.7423],[-74.9316,-47.7238],[-74.9673,-47.6962],[-74.9482,-47.6803],[-74.9037,-47.7068],[-74.9021,-47.7718],[-74.9988,-47.7536],[-75.0582,-47.6778],[-74.9854,-47.6718],[-74.9711,-47.7011]]],[[[-75.4665,-48.0398],[-75.4555,-48.0182],[-75.4251,-48.0317],[-75.445,-48.0323],[-75.4665,-48.0398]]],[[[-75.1433,-47.7936],[-75.2067,-47.7814],[-75.1753,-47.8344],[-75.2174,-47.779],[-75.2865,-47.7579],[-75.3475,-47.7892],[-75.3303,-47.762],[-75.3559,-47.7318],[-75.261,-47.713],[-75.2698,-47.7567],[-75.225,-47.7226],[-75.1753,-47.7417],[-75.0959,-47.6971],[-75.1287,-47.6835],[-75.0772,-47.6641],[-75.0898,-47.6925],[-75.0424,-47.7492],[-75.1354,-47.7799],[-74.9896,-47.7783],[-75.1672,-47.8393],[-75.1433,-47.7936]]],[[[-74.7775,-45.6241],[-74.8301,-45.6194],[-74.7599,-45.6461],[-74.7226,-45.7154],[-74.8635,-45.6494],[-74.8344,-45.5932],[-74.7775,-45.6241]]],[[[-74.4845,-45.6023],[-74.5442,-45.5141],[-74.5006,-45.4478],[-74.4068,-45.4413],[-74.4664,-45.521],[-74.459,-45.5939],[-74.4845,-45.6023]]],[[[-74.5016,-45.629],[-74.4736,-45.656],[-74.5099,-45.6846],[-74.5206,-45.6635],[-74.5016,-45.629]]],[[[-74.4852,-45.7186],[-74.4935,-45.6825],[-74.4547,-45.6653],[-74.4456,-45.6861],[-74.4852,-45.7186]]],[[[-74.5147,-45.7015],[-74.5055,-45.7395],[-74.5496,-45.7498],[-74.5374,-45.7234],[-74.5147,-45.7015]]],[[[-74.467,-45.8123],[-74.5773,-45.793],[-74.5414,-45.7705],[-74.5573,-45.7638],[-74.4892,-45.7397],[-74.467,-45.8123]]],[[[-74.5751,-46.9377],[-74.6087,-46.9187],[-74.5645,-46.9161],[-74.5751,-46.9377]]],[[[-74.6473,-47.7766],[-74.6806,-47.7906],[-74.6902,-47.7735],[-74.672,-47.7691],[-74.6473,-47.7766]]],[[[-74.519,-47.8071],[-74.5271,-47.8779],[-74.6101,-47.8472],[-74.6178,-47.8009],[-74.519,-47.8071]]],[[[-74.5073,-47.9137],[-74.5971,-47.9649],[-74.5997,-47.9017],[-74.5073,-47.9137]]],[[[-74.9114,-47.8343],[-74.9368,-47.8507],[-74.9519,-47.8412],[-74.9292,-47.8156],[-74.9114,-47.8343]]],[[[-75.0459,-47.8689],[-75.0055,-47.8449],[-75.0286,-47.9032],[-75.0459,-47.8689]]],[[[-75.1357,-47.8819],[-75.1134,-47.8529],[-75.1017,-47.8758],[-75.0942,-47.8528],[-75.0743,-47.8688],[-75.0694,-47.8454],[-75.0553,-47.8588],[-75.1481,-47.9076],[-75.1671,-47.8981],[-75.1357,-47.8819]]],[[[-75.1513,-47.9237],[-75.0485,-47.8847],[-75.086,-47.9167],[-75.2152,-47.9461],[-75.1513,-47.9237]]],[[[-75.2115,-48.047],[-75.1124,-48.0124],[-75.0723,-48.0215],[-75.1284,-48.0582],[-75.1529,-48.0467],[-75.1045,-48.0314],[-75.2115,-48.047]]],[[[-75.0815,-47.9785],[-75.0827,-47.9486],[-75.1362,-47.9679],[-75.1131,-47.9735],[-75.2074,-47.9759],[-75.1315,-47.9319],[-75.0588,-47.9338],[-75.0164,-47.8968],[-74.9876,-47.9203],[-74.9827,-47.8668],[-74.9401,-47.915],[-74.9583,-47.9327],[-74.9511,-47.9475],[-74.9848,-47.9234],[-74.9351,-47.9705],[-74.9102,-47.9724],[-74.9309,-47.9842],[-74.7738,-48.0079],[-74.7542,-48.0398],[-74.8291,-48.0837],[-74.9552,-48.0414],[-75.0328,-48.0315],[-74.8337,-48.102],[-74.8529,-48.1213],[-74.7942,-48.1003],[-74.7847,-48.1285],[-74.8284,-48.1586],[-74.9908,-48.0636],[-75.1161,-48.0604],[-75.0428,-48.0237],[-75.0558,-47.9983],[-74.981,-48.0148],[-75.0413,-47.9921],[-75.0182,-47.9758],[-74.9267,-48.0129],[-74.9693,-47.982],[-75.0144,-47.9721],[-75.077,-47.9792],[-75.0561,-47.9966],[-75.1299,-48.007],[-75.2162,-48.0319],[-75.2108,-48.0051],[-75.0815,-47.9785]]],[[[-74.9406,-48.1515],[-74.8373,-48.1613],[-74.877,-48.2223],[-74.9233,-48.1971],[-74.8801,-48.2311],[-74.8259,-48.2016],[-74.9022,-48.2595],[-74.7817,-48.2083],[-74.7971,-48.2007],[-74.7932,-48.1873],[-74.7724,-48.1787],[-74.7374,-48.1705],[-74.7289,-48.2032],[-74.7839,-48.206],[-74.748,-48.2257],[-74.7932,-48.2304],[-74.8461,-48.2925],[-74.7912,-48.2359],[-74.7686,-48.2393],[-74.8072,-48.2613],[-74.7764,-48.2687],[-74.8003,-48.311],[-74.7705,-48.3061],[-74.7773,-48.3663],[-74.8298,-48.3794],[-74.8224,-48.3441],[-74.9618,-48.4484],[-75.0487,-48.3289],[-75.0069,-48.3195],[-75.0485,-48.3154],[-75.0592,-48.3361],[-75.1055,-48.2719],[-74.9813,-48.2735],[-75.0048,-48.2579],[-74.9854,-48.2503],[-75.1095,-48.2636],[-75.0259,-48.2451],[-75.0906,-48.2419],[-75.0416,-48.2022],[-75.1056,-48.2452],[-75.1287,-48.2288],[-75.1007,-48.2046],[-75.1439,-48.2221],[-75.1078,-48.1838],[-75.1521,-48.1872],[-75.0685,-48.1511],[-75.1499,-48.1812],[-75.1608,-48.1577],[-75.109,-48.1397],[-75.1598,-48.1515],[-75.154,-48.1106],[-75.1725,-48.1269],[-75.2136,-48.0757],[-75.0739,-48.0768],[-75.0985,-48.1067],[-74.9352,-48.1207],[-75.0477,-48.0797],[-74.9773,-48.0838],[-74.8783,-48.1417],[-74.9406,-48.1515]]],[[[-75.2404,-48.1012],[-75.2283,-48.1299],[-75.2825,-48.1314],[-75.2404,-48.1012]]],[[[-75.4943,-48.32],[-75.4918,-48.2798],[-75.4387,-48.2603],[-75.4088,-48.2355],[-75.4436,-48.3222],[-75.4943,-48.32]]],[[[-75.2841,-48.0522],[-75.3363,-48.0693],[-75.2919,-48.0667],[-75.3226,-48.131],[-75.2819,-48.0704],[-75.237,-48.0896],[-75.2748,-48.1082],[-75.3052,-48.1677],[-75.2837,-48.1328],[-75.2806,-48.1517],[-75.2099,-48.1265],[-75.2288,-48.1674],[-75.2014,-48.1566],[-75.2014,-48.1824],[-75.2422,-48.2392],[-75.2026,-48.2045],[-75.2142,-48.246],[-75.1851,-48.2348],[-75.1586,-48.2757],[-75.2008,-48.3031],[-75.1489,-48.2884],[-75.1465,-48.3345],[-75.0899,-48.3738],[-75.1554,-48.4321],[-75.0808,-48.3806],[-75.02,-48.4712],[-75.0607,-48.4478],[-75.0962,-48.5119],[-75.0502,-48.4716],[-75.0079,-48.5266],[-75.0059,-48.5905],[-75.1724,-48.688],[-75.195,-48.6592],[-75.1735,-48.6462],[-75.2122,-48.6354],[-75.1049,-48.596],[-75.2175,-48.622],[-75.2226,-48.5951],[-75.1812,-48.5882],[-75.162,-48.565],[-75.229,-48.5816],[-75.216,-48.5569],[-75.2386,-48.524],[-75.1859,-48.4956],[-75.2272,-48.5121],[-75.2573,-48.4686],[-75.1985,-48.3977],[-75.166,-48.3979],[-75.1962,-48.3826],[-75.2246,-48.4129],[-75.2602,-48.4],[-75.2394,-48.3774],[-75.2764,-48.3878],[-75.2125,-48.3103],[-75.263,-48.3284],[-75.2877,-48.3822],[-75.3602,-48.3776],[-75.4213,-48.4148],[-75.4968,-48.3788],[-75.4499,-48.3391],[-75.3702,-48.3417],[-75.3152,-48.3268],[-75.3491,-48.325],[-75.2988,-48.2598],[-75.3578,-48.3207],[-75.3149,-48.21],[-75.3762,-48.3248],[-75.4362,-48.3245],[-75.3919,-48.3041],[-75.4287,-48.3124],[-75.4079,-48.2852],[-75.4127,-48.2729],[-75.4015,-48.2459],[-75.4037,-48.2374],[-75.3589,-48.2135],[-75.3921,-48.2151],[-75.3412,-48.1766],[-75.4526,-48.2411],[-75.4785,-48.2142],[-75.4512,-48.181],[-75.5154,-48.1654],[-75.5289,-48.0842],[-75.51,-48.0843],[-75.4594,-48.044],[-75.4665,-48.0758],[-75.4391,-48.0404],[-75.4253,-48.0638],[-75.4148,-48.0332],[-75.4026,-48.0785],[-75.3769,-48.0441],[-75.4138,-48.0973],[-75.414,-48.1196],[-75.3379,-47.9995],[-75.2861,-48.013],[-75.2841,-48.0522]]],[[[-75.5853,-48.5921],[-75.5759,-48.4833],[-75.5987,-48.4501],[-75.5497,-48.4535],[-75.544,-48.417],[-75.4727,-48.4686],[-75.3516,-48.4065],[-75.3698,-48.4463],[-75.3446,-48.4627],[-75.3758,-48.4832],[-75.337,-48.4589],[-75.3388,-48.4181],[-75.2914,-48.4057],[-75.3074,-48.4701],[-75.3466,-48.4736],[-75.2974,-48.4982],[-75.287,-48.4227],[-75.2572,-48.4198],[-75.2574,-48.4988],[-75.3193,-48.5217],[-75.2597,-48.5102],[-75.2409,-48.548],[-75.2213,-48.5559],[-75.2341,-48.5601],[-75.2327,-48.5883],[-75.2647,-48.5613],[-75.266,-48.5895],[-75.4627,-48.6814],[-75.5626,-48.6411],[-75.5305,-48.6178],[-75.4052,-48.6304],[-75.4357,-48.6244],[-75.3268,-48.5599],[-75.441,-48.618],[-75.4903,-48.6119],[-75.3216,-48.5234],[-75.4931,-48.6079],[-75.5853,-48.5921]]],[[[-75.3393,-48.7147],[-75.2345,-48.6144],[-75.2092,-48.6897],[-75.3393,-48.7147]]],[[[-75.5866,-48.6595],[-75.4544,-48.7016],[-75.4475,-48.6793],[-75.3579,-48.6516],[-75.2618,-48.5867],[-75.2438,-48.6041],[-75.3445,-48.685],[-75.3597,-48.7145],[-75.4238,-48.7384],[-75.397,-48.699],[-75.4869,-48.7642],[-75.602,-48.7514],[-75.5866,-48.6595]]],[[[-75.0489,-48.8268],[-75.1718,-48.7604],[-75.186,-48.7707],[-75.2176,-48.7625],[-75.2178,-48.7479],[-75.1861,-48.7659],[-75.2157,-48.7444],[-75.1609,-48.7119],[-75.1065,-48.7255],[-75.1428,-48.6982],[-75.0689,-48.686],[-75.0877,-48.6626],[-75.0054,-48.5953],[-74.9893,-48.6509],[-75.0272,-48.7987],[-75.0489,-48.8268]]],[[[-75.1298,-48.9786],[-75.1751,-48.9755],[-75.1731,-48.9402],[-75.212,-48.8504],[-75.1687,-48.8633],[-75.2332,-48.8274],[-75.2595,-48.7722],[-75.1587,-48.7852],[-75.0149,-48.8714],[-75.0555,-48.9038],[-75.1087,-48.8806],[-75.1378,-48.8759],[-75.0872,-48.8995],[-75.1182,-48.9083],[-74.994,-48.9308],[-75.077,-48.9348],[-75.1298,-48.9786]]],[[[-74.9661,-48.6648],[-74.8462,-48.6899],[-74.9592,-48.6556],[-74.9603,-48.6007],[-74.9299,-48.6456],[-74.7662,-48.6491],[-74.7757,-48.6646],[-74.8187,-48.677],[-74.8482,-48.7063],[-74.9872,-48.7392],[-74.9661,-48.6648]]],[[[-74.9805,-48.9173],[-75.0001,-48.9265],[-75.0405,-48.9094],[-75.0158,-48.9034],[-74.9805,-48.9173]]],[[[-74.982,-48.9681],[-74.9508,-49.0356],[-75.0696,-48.9732],[-74.982,-48.9681]]],[[[-75.1785,-49.1409],[-75.071,-49.1106],[-75.1245,-49.1029],[-75.0936,-49.084],[-75.2061,-49.1279],[-75.1181,-49.0171],[-75.0963,-49.0292],[-75.1005,-49.0022],[-75.0248,-49.0426],[-75.0942,-48.9973],[-75.0803,-48.9817],[-74.9523,-49.0367],[-74.9457,-49.0755],[-74.94,-48.9992],[-74.8244,-49.076],[-74.8317,-49.116],[-74.8893,-49.1479],[-74.8296,-49.1213],[-74.8682,-49.2857],[-74.9202,-49.2626],[-74.9098,-49.2382],[-74.9575,-49.2387],[-75.0425,-49.1386],[-75.1785,-49.1409]]],[[[-75.0464,-49.2183],[-75.1193,-49.1958],[-75.1249,-49.1727],[-75.0859,-49.1723],[-75.0464,-49.2183]]],[[[-75.4696,-48.7801],[-75.3011,-48.7342],[-75.3691,-48.7778],[-75.4696,-48.7801]]],[[[-74.6796,-47.8038],[-74.6376,-47.7938],[-74.6022,-47.8714],[-74.6858,-47.8554],[-74.692,-47.8772],[-74.6796,-47.8038]]],[[[-74.6255,-47.9048],[-74.6525,-47.918],[-74.6681,-47.8847],[-74.6479,-47.8847],[-74.6255,-47.9048]]],[[[-74.9244,-47.9173],[-74.8536,-47.9319],[-74.9279,-47.9065],[-74.8852,-47.8969],[-74.9327,-47.8773],[-74.8938,-47.8674],[-74.9146,-47.8464],[-74.8196,-47.8495],[-74.8841,-47.8031],[-74.7629,-47.8106],[-74.762,-47.8959],[-74.8259,-47.8833],[-74.7802,-47.9138],[-74.8447,-47.9428],[-74.7867,-47.9297],[-74.7661,-47.9939],[-74.9496,-47.9462],[-74.9244,-47.9173]]],[[[-74.7076,-48.0597],[-74.7151,-48.1002],[-74.7476,-48.0227],[-74.7423,-48.0188],[-74.7076,-48.0597]]],[[[-74.7467,-47.9257],[-74.733,-47.908],[-74.6961,-47.9397],[-74.6857,-48.0306],[-74.6935,-48.0148],[-74.7417,-47.9998],[-74.7628,-47.926],[-74.7483,-47.8994],[-74.7467,-47.9257]]],[[[-74.7332,-48.1164],[-74.8036,-48.0798],[-74.7584,-48.0481],[-74.7332,-48.1164]]],[[[-74.7937,-48.1813],[-74.8191,-48.2076],[-74.8233,-48.1611],[-74.7779,-48.1236],[-74.7446,-48.1387],[-74.7937,-48.1813]]],[[[-74.9654,-48.5022],[-74.884,-48.4112],[-74.7643,-48.3777],[-74.7651,-48.5081],[-74.7554,-48.5257],[-74.7422,-48.4589],[-74.7101,-48.5456],[-74.6555,-48.4434],[-74.7311,-48.3971],[-74.7015,-48.3996],[-74.7536,-48.3576],[-74.7664,-48.2993],[-74.7569,-48.2547],[-74.7235,-48.2534],[-74.7369,-48.2288],[-74.696,-48.2172],[-74.7154,-48.1512],[-74.6785,-48.1205],[-74.6349,-48.1731],[-74.6537,-48.19],[-74.6582,-48.156],[-74.6545,-48.1904],[-74.6811,-48.1904],[-74.646,-48.2155],[-74.6675,-48.2374],[-74.6684,-48.2624],[-74.6284,-48.2172],[-74.6286,-48.274],[-74.5783,-48.3134],[-74.6054,-48.326],[-74.5612,-48.3145],[-74.5456,-48.3423],[-74.549,-48.4076],[-74.645,-48.4118],[-74.5534,-48.46],[-74.5741,-48.5143],[-74.5314,-48.5706],[-74.5641,-48.5862],[-74.5282,-48.5777],[-74.4703,-48.6274],[-74.4896,-48.5792],[-74.4684,-48.5886],[-74.4624,-48.5595],[-74.4296,-48.6345],[-74.4574,-48.6746],[-74.5507,-48.6916],[-74.5858,-48.6565],[-74.6472,-48.6557],[-74.6728,-48.6104],[-74.7217,-48.6324],[-74.8945,-48.6151],[-74.8869,-48.55],[-74.9044,-48.6081],[-74.9508,-48.5824],[-74.9654,-48.5022]]],[[[-74.8782,-49.9871],[-74.714,-49.9087],[-74.6141,-49.9499],[-74.6508,-49.9065],[-74.7123,-49.8982],[-74.8625,-49.9708],[-74.8881,-49.9601],[-74.8666,-49.9609],[-74.9129,-49.9364],[-74.9056,-49.8899],[-74.8558,-49.8469],[-74.8848,-49.8184],[-74.7932,-49.8765],[-74.6398,-49.8163],[-74.611,-49.7935],[-74.8146,-49.8492],[-74.8003,-49.7774],[-74.7245,-49.764],[-74.7574,-49.7658],[-74.7308,-49.75],[-74.7107,-49.719],[-74.8061,-49.7703],[-74.8334,-49.815],[-74.8857,-49.7828],[-74.8862,-49.7415],[-74.8249,-49.717],[-74.8766,-49.7129],[-74.8872,-49.6622],[-74.8991,-49.6916],[-74.9116,-49.6737],[-74.8937,-49.6469],[-74.8461,-49.6592],[-74.8844,-49.6395],[-74.8738,-49.5961],[-74.7588,-49.6336],[-74.6755,-49.6331],[-74.77,-49.617],[-74.723,-49.5789],[-74.7257,-49.5492],[-74.786,-49.6124],[-74.8702,-49.5848],[-74.881,-49.5536],[-74.7125,-49.4343],[-74.605,-49.4296],[-74.6475,-49.4109],[-74.7063,-49.4144],[-74.5803,-49.3189],[-74.5824,-49.3071],[-74.7105,-49.4031],[-74.7894,-49.3459],[-74.7171,-49.4123],[-74.86,-49.5036],[-74.8481,-49.396],[-74.8568,-49.3885],[-74.8661,-49.4963],[-74.9042,-49.5313],[-74.9445,-49.5356],[-74.9161,-49.4699],[-74.9363,-49.4808],[-74.9319,-49.4281],[-74.9509,-49.4926],[-74.9956,-49.4711],[-74.9518,-49.496],[-74.9614,-49.5408],[-75.0223,-49.5087],[-74.9621,-49.5492],[-74.9693,-49.5733],[-75.0073,-49.5534],[-74.9766,-49.593],[-75.0885,-49.5342],[-74.9725,-49.607],[-75.0111,-49.631],[-74.9793,-49.6303],[-75.0115,-49.6989],[-74.9664,-49.6129],[-74.9242,-49.6239],[-74.9727,-49.7064],[-74.992,-49.6854],[-75.0148,-49.719],[-75.0041,-49.7919],[-74.956,-49.7092],[-74.9507,-49.748],[-74.9168,-49.7473],[-74.9236,-49.7979],[-74.9697,-49.8273],[-74.9504,-49.8494],[-74.972,-49.8441],[-75.0108,-49.8599],[-74.9743,-49.8634],[-74.9834,-49.8915],[-75.058,-49.905],[-75.0296,-49.8345],[-75.0619,-49.8679],[-75.1252,-49.8552],[-75.1762,-49.7678],[-75.1219,-49.7484],[-75.1825,-49.7602],[-75.2277,-49.6856],[-75.1533,-49.6732],[-75.2523,-49.6557],[-75.1414,-49.6536],[-75.1283,-49.6366],[-75.2332,-49.6394],[-75.1385,-49.5736],[-75.2427,-49.6352],[-75.2324,-49.6169],[-75.2442,-49.6099],[-75.2776,-49.6305],[-75.2976,-49.6046],[-75.1703,-49.5507],[-75.2262,-49.5517],[-75.1429,-49.5025],[-75.2515,-49.5564],[-75.2357,-49.5342],[-75.2773,-49.5254],[-75.3017,-49.5334],[-75.1843,-49.4746],[-75.2341,-49.4792],[-75.1861,-49.441],[-75.1981,-49.4361],[-75.3131,-49.5155],[-75.3029,-49.4866],[-75.3386,-49.4636],[-75.2858,-49.4219],[-75.3896,-49.4831],[-75.4006,-49.4535],[-75.3235,-49.412],[-75.3063,-49.3782],[-75.4051,-49.4402],[-75.4365,-49.3681],[-75.4211,-49.3344],[-75.4514,-49.3462],[-75.432,-49.319],[-75.4383,-49.2766],[-75.4541,-49.2754],[-75.324,-49.2524],[-75.4157,-49.3258],[-75.3195,-49.2762],[-75.3035,-49.3027],[-75.3327,-49.314],[-75.2965,-49.3107],[-75.3085,-49.3396],[-75.2835,-49.3318],[-75.2236,-49.4332],[-75.2016,-49.4206],[-75.1539,-49.4626],[-75.1007,-49.4779],[-75.1964,-49.4144],[-75.0796,-49.418],[-74.951,-49.3961],[-75.206,-49.4086],[-75.14,-49.3899],[-75.2359,-49.3767],[-75.217,-49.356],[-75.2417,-49.366],[-75.2737,-49.3149],[-75.2037,-49.326],[-75.2757,-49.3098],[-75.3057,-49.2591],[-75.2403,-49.2638],[-75.2702,-49.2472],[-75.3054,-49.248],[-75.2123,-49.231],[-75.2039,-49.241],[-75.2225,-49.2398],[-75.2172,-49.2771],[-75.1864,-49.2834],[-75.1981,-49.2484],[-75.1228,-49.3408],[-75.1786,-49.3311],[-75.109,-49.3622],[-75.0227,-49.3468],[-75.1095,-49.3411],[-75.1379,-49.2978],[-75.0826,-49.2872],[-75.1695,-49.2632],[-75.0999,-49.2615],[-75.012,-49.3314],[-75.0848,-49.2485],[-75.048,-49.2675],[-75.0323,-49.2392],[-74.9645,-49.2921],[-75.0247,-49.2362],[-74.973,-49.2438],[-75.0378,-49.2211],[-74.9971,-49.22],[-75.0502,-49.196],[-75.068,-49.1689],[-75.0147,-49.1927],[-74.8956,-49.2988],[-74.8667,-49.3024],[-74.8562,-49.3719],[-74.8553,-49.3135],[-74.83,-49.3204],[-74.8589,-49.2867],[-74.8469,-49.2133],[-74.7774,-49.2325],[-74.8448,-49.2062],[-74.8397,-49.1755],[-74.8107,-49.1561],[-74.7445,-49.1916],[-74.8142,-49.1438],[-74.7757,-49.1115],[-74.8117,-49.1096],[-74.7878,-49.0834],[-74.7223,-49.0898],[-74.904,-48.9875],[-74.8307,-48.9614],[-74.8143,-48.9821],[-74.7911,-48.9428],[-74.7756,-48.9699],[-74.7977,-48.9667],[-74.7466,-49.0128],[-74.7029,-49.0225],[-74.7713,-48.9699],[-74.7644,-48.9162],[-74.9365,-48.9759],[-74.874,-48.9341],[-74.9382,-48.9493],[-74.9522,-48.926],[-74.8221,-48.8764],[-74.9599,-48.9124],[-74.9818,-48.8796],[-74.7965,-48.8316],[-74.8306,-48.824],[-74.7928,-48.7994],[-74.8511,-48.8301],[-74.9783,-48.8677],[-75.0152,-48.8254],[-74.9994,-48.7705],[-74.85,-48.8238],[-74.8689,-48.7878],[-74.9327,-48.7794],[-74.8915,-48.7464],[-74.9373,-48.7749],[-74.9703,-48.7549],[-74.8062,-48.6966],[-74.8212,-48.6867],[-74.7796,-48.7038],[-74.7983,-48.6838],[-74.7669,-48.6683],[-74.7385,-48.7033],[-74.766,-48.7372],[-74.8042,-48.7112],[-74.8003,-48.7562],[-74.751,-48.7759],[-74.7621,-48.7951],[-74.735,-48.8193],[-74.7419,-48.7788],[-74.7726,-48.7412],[-74.7255,-48.7393],[-74.7325,-48.6965],[-74.7521,-48.6767],[-74.7425,-48.6694],[-74.7164,-48.6659],[-74.6831,-48.6526],[-74.5849,-48.7043],[-74.63,-48.7302],[-74.5795,-48.7094],[-74.565,-48.7332],[-74.5727,-48.8213],[-74.6423,-48.8623],[-74.6218,-48.8669],[-74.5619,-48.8283],[-74.5421,-48.7237],[-74.4703,-48.6955],[-74.4648,-48.8732],[-74.5755,-48.953],[-74.4614,-48.8835],[-74.4505,-48.9116],[-74.4072,-48.9471],[-74.4459,-49.0035],[-74.5168,-49.0142],[-74.4499,-49.0181],[-74.4049,-49.0946],[-74.3993,-49.1213],[-74.4307,-49.1269],[-74.3876,-49.3011],[-74.4262,-49.3418],[-74.4464,-49.4798],[-74.5504,-49.5108],[-74.4792,-49.5138],[-74.4442,-49.6083],[-74.5044,-49.6021],[-74.5277,-49.6435],[-74.5779,-49.6168],[-74.5125,-49.6744],[-74.5773,-49.6758],[-74.5111,-49.6807],[-74.5173,-49.6318],[-74.4657,-49.6193],[-74.3892,-49.6779],[-74.3926,-49.7694],[-74.4655,-49.7383],[-74.4919,-49.7459],[-74.404,-49.7822],[-74.4063,-49.902],[-74.4271,-49.907],[-74.4368,-49.8677],[-74.4765,-49.842],[-74.4338,-49.9179],[-74.4983,-49.9793],[-74.6315,-49.8763],[-74.5118,-49.9845],[-74.6336,-50.0586],[-74.6615,-50.0516],[-74.6426,-50.0284],[-74.6881,-50.0417],[-74.6377,-49.9875],[-74.7079,-50.043],[-74.8072,-50.024],[-74.749,-49.9833],[-74.8153,-50.0216],[-74.7814,-50.0511],[-74.8273,-50.0424],[-74.8168,-50.022],[-74.8374,-50.0426],[-74.8587,-50.036],[-74.8782,-49.9871]]],[[[-75.1099,-49.2457],[-75.2125,-49.1994],[-75.2086,-49.1608],[-75.0374,-49.23],[-75.1099,-49.2457]]],[[[-74.911,-49.5913],[-74.9209,-49.6105],[-74.9466,-49.5806],[-74.9279,-49.6132],[-74.9642,-49.6003],[-74.9555,-49.5737],[-74.911,-49.5913]]],[[[-75.5331,-48.9859],[-75.4853,-48.9668],[-75.4454,-48.9385],[-75.4557,-48.9602],[-75.4217,-48.9278],[-75.4509,-48.9339],[-75.4335,-48.909],[-75.4456,-48.9091],[-75.5055,-48.9595],[-75.63,-48.9341],[-75.6335,-48.8612],[-75.5469,-48.8011],[-75.5223,-48.8471],[-75.5388,-48.8028],[-75.496,-48.8201],[-75.5396,-48.793],[-75.4955,-48.7814],[-75.4668,-48.8065],[-75.3905,-48.8028],[-75.5099,-48.8829],[-75.477,-48.8803],[-75.3397,-48.7948],[-75.3977,-48.8753],[-75.3442,-48.8261],[-75.328,-48.8525],[-75.3603,-48.8846],[-75.321,-48.866],[-75.2841,-48.908],[-75.3249,-48.8041],[-75.2261,-48.8424],[-75.177,-48.9549],[-75.2037,-48.9852],[-75.1437,-49.0005],[-75.2342,-49.0635],[-75.2741,-48.9399],[-75.255,-48.9027],[-75.3258,-48.9431],[-75.3207,-48.91],[-75.4487,-49.0371],[-75.5331,-48.9859]]],[[[-75.287,-48.7588],[-75.2469,-48.8284],[-75.3348,-48.7794],[-75.287,-48.7588]]],[[[-75.4559,-49.0409],[-75.521,-49.0733],[-75.5498,-49.0481],[-75.604,-49.0476],[-75.6201,-49.0135],[-75.6888,-49.004],[-75.6069,-48.9742],[-75.4559,-49.0409]]],[[[-75.6468,-49.0501],[-75.6261,-49.0239],[-75.6081,-49.0573],[-75.6468,-49.0501]]],[[[-75.2739,-49.0233],[-75.2374,-49.0727],[-75.3206,-49.1275],[-75.2992,-49.0936],[-75.3052,-49.0888],[-75.3717,-49.1757],[-75.383,-49.1351],[-75.3278,-49.093],[-75.3397,-49.0718],[-75.3843,-49.121],[-75.3926,-49.1564],[-75.4535,-49.1406],[-75.4172,-49.1688],[-75.4661,-49.2444],[-75.6295,-49.1934],[-75.6036,-49.1612],[-75.5842,-49.1984],[-75.563,-49.1992],[-75.5969,-49.1594],[-75.5316,-49.0863],[-75.4912,-49.0723],[-75.5489,-49.1547],[-75.4969,-49.1006],[-75.4341,-49.1078],[-75.4953,-49.0949],[-75.352,-49.0263],[-75.42,-49.0307],[-75.3397,-48.9541],[-75.2811,-48.9334],[-75.2695,-48.9969],[-75.3433,-49.0214],[-75.2739,-49.0233]]],[[[-75.6485,-49.0934],[-75.6096,-49.1139],[-75.6292,-49.1289],[-75.6485,-49.0934]]],[[[-75.2927,-49.1589],[-75.2407,-49.1465],[-75.2998,-49.1779],[-75.2844,-49.1575],[-75.2927,-49.1589]]],[[[-75.6825,-49.1613],[-75.6193,-49.1448],[-75.6196,-49.1581],[-75.6674,-49.1723],[-75.6825,-49.1613]]],[[[-75.4171,-49.1849],[-75.4,-49.2058],[-75.423,-49.217],[-75.4171,-49.1849]]],[[[-75.4677,-49.4215],[-75.5399,-49.4192],[-75.5479,-49.3923],[-75.5139,-49.3712],[-75.4677,-49.4215]]],[[[-75.4395,-49.4508],[-75.4578,-49.4895],[-75.4294,-49.4986],[-75.4394,-49.5248],[-75.452,-49.5244],[-75.4486,-49.5097],[-75.5441,-49.4441],[-75.4799,-49.4336],[-75.4631,-49.4676],[-75.4395,-49.4508]]],[[[-75.3416,-49.4692],[-75.3225,-49.5155],[-75.3599,-49.5232],[-75.3751,-49.4997],[-75.3506,-49.5062],[-75.3416,-49.4692]]],[[[-75.3909,-49.5454],[-75.398,-49.5245],[-75.3816,-49.5568],[-75.4374,-49.5545],[-75.4278,-49.5299],[-75.3909,-49.5454]]],[[[-75.3113,-49.5893],[-75.3204,-49.5391],[-75.2584,-49.554],[-75.2717,-49.5712],[-75.3113,-49.5893]]],[[[-75.5997,-49.8203],[-75.6327,-49.7627],[-75.5276,-49.7391],[-75.4865,-49.7158],[-75.4787,-49.6997],[-75.5097,-49.7258],[-75.5261,-49.6974],[-75.5799,-49.6974],[-75.6008,-49.623],[-75.5227,-49.5811],[-75.5144,-49.6025],[-75.4718,-49.5878],[-75.4518,-49.6129],[-75.4444,-49.5686],[-75.3536,-49.6202],[-75.3529,-49.5711],[-75.1434,-49.8818],[-75.2164,-49.8733],[-75.2773,-49.81],[-75.2445,-49.8811],[-75.3448,-49.8549],[-75.3811,-49.8075],[-75.3514,-49.7575],[-75.3183,-49.7613],[-75.3548,-49.7527],[-75.3559,-49.6892],[-75.3805,-49.7481],[-75.6188,-49.8525],[-75.5997,-49.8203]]],[[[-75.4126,-49.798],[-75.3822,-49.7623],[-75.3891,-49.809],[-75.4126,-49.798]]],[[[-75.0692,-49.8886],[-75.1069,-49.879],[-75.0577,-49.8749],[-75.0692,-49.8886]]],[[[-75.0396,-49.9027],[-75.0075,-49.9039],[-74.9907,-49.9012],[-75.0109,-49.9273],[-75.0396,-49.9027]]],[[[-75.012,-50.0308],[-75.0404,-50.0572],[-75.0484,-50.0915],[-75.0655,-50.0263],[-75.012,-50.0308]]],[[[-75.2615,-50.0494],[-75.2664,-50.0013],[-75.2357,-50.0099],[-75.2615,-50.0494]]],[[[-75.2586,-50.2129],[-75.19,-50.2051],[-75.1979,-50.2343],[-75.1712,-50.2429],[-75.2035,-50.2424],[-75.2586,-50.2129]]],[[[-75.3612,-50.3543],[-75.4227,-50.4222],[-75.4821,-50.4193],[-75.3814,-50.3404],[-75.3612,-50.3543]]],[[[-75.3128,-50.3688],[-75.3785,-50.4121],[-75.3922,-50.4016],[-75.3456,-50.3577],[-75.3128,-50.3688]]],[[[-75.2834,-50.0557],[-75.2415,-50.0604],[-75.221,-50.0134],[-75.1418,-50.0151],[-75.0896,-50.0598],[-75.1397,-50.0788],[-75.1329,-50.1021],[-75.0911,-50.0928],[-75.0737,-50.0707],[-75.089,-50.1093],[-75.0719,-50.0764],[-75.0502,-50.0986],[-75.0721,-50.1419],[-75.0482,-50.1099],[-75.026,-50.1417],[-75.0223,-50.0941],[-74.9959,-50.0963],[-74.9554,-50.0672],[-74.9302,-50.0968],[-74.9555,-50.1125],[-74.9905,-50.1565],[-75.0173,-50.1379],[-75.0564,-50.1817],[-75.0228,-50.1768],[-75.026,-50.1989],[-75.0078,-50.1554],[-74.9873,-50.1627],[-74.9545,-50.1299],[-74.9725,-50.1676],[-74.9503,-50.1523],[-74.9319,-50.1049],[-74.9109,-50.1323],[-74.956,-50.1617],[-74.9453,-50.1768],[-74.8965,-50.1292],[-74.8936,-50.1908],[-74.8819,-50.147],[-74.8487,-50.174],[-74.875,-50.1304],[-74.8001,-50.1588],[-74.8144,-50.1499],[-74.8059,-50.1413],[-74.8168,-50.1349],[-74.8831,-50.1203],[-74.8268,-50.1164],[-74.8461,-50.1033],[-74.7711,-50.1463],[-74.7971,-50.1451],[-74.7709,-50.1698],[-74.8814,-50.1894],[-74.8139,-50.206],[-74.8338,-50.2311],[-74.9609,-50.2062],[-74.978,-50.2323],[-74.935,-50.2321],[-74.9356,-50.2557],[-75.0215,-50.3015],[-75.0448,-50.2791],[-75.0214,-50.3061],[-75.0533,-50.3253],[-75.1033,-50.3121],[-75.0742,-50.3413],[-75.1568,-50.3397],[-75.1341,-50.3738],[-75.1711,-50.3871],[-75.2075,-50.4492],[-75.2659,-50.426],[-75.2842,-50.4515],[-75.3395,-50.4418],[-75.2907,-50.3832],[-75.246,-50.3824],[-75.278,-50.3761],[-75.2655,-50.36],[-75.1885,-50.3376],[-75.2122,-50.3279],[-75.1898,-50.2951],[-75.3147,-50.3593],[-75.2451,-50.3074],[-75.3257,-50.3076],[-75.3087,-50.3234],[-75.3446,-50.3507],[-75.3657,-50.3199],[-75.4561,-50.3789],[-75.4627,-50.2712],[-75.3968,-50.2578],[-75.4418,-50.24],[-75.4069,-50.2016],[-75.4184,-50.1664],[-75.3694,-50.1431],[-75.2529,-50.1749],[-75.3619,-50.209],[-75.274,-50.2208],[-75.2706,-50.2542],[-75.2275,-50.2432],[-75.2057,-50.2697],[-75.1337,-50.2566],[-75.168,-50.2415],[-75.1617,-50.2107],[-75.0971,-50.1587],[-75.0946,-50.1304],[-75.1132,-50.154],[-75.1414,-50.1262],[-75.1585,-50.1457],[-75.1216,-50.1627],[-75.1712,-50.1793],[-75.1903,-50.1462],[-75.2414,-50.1579],[-75.2565,-50.1241],[-75.281,-50.1459],[-75.3406,-50.1253],[-75.4185,-50.0274],[-75.3668,-50.0003],[-75.3722,-50.0351],[-75.3473,-50.0382],[-75.3552,-50.0088],[-75.2977,-49.9919],[-75.2739,-49.9981],[-75.3122,-50.0372],[-75.301,-50.06],[-75.2925,-50.0225],[-75.2683,-50.027],[-75.2834,-50.0557]]],[[[-75.1364,-50.3842],[-75.0215,-50.3259],[-74.9521,-50.2684],[-74.8823,-50.3119],[-74.9209,-50.3601],[-75.0119,-50.3279],[-75.0405,-50.3511],[-75.0079,-50.3613],[-75.072,-50.3605],[-74.9695,-50.3655],[-74.9445,-50.3829],[-74.9903,-50.3883],[-74.9761,-50.4077],[-75.0269,-50.3996],[-75.0581,-50.4101],[-75.0529,-50.4003],[-75.1044,-50.378],[-75.1364,-50.3842]]],[[[-74.9265,-50.2306],[-74.8324,-50.252],[-74.8787,-50.2944],[-74.9265,-50.2306]]],[[[-75.1623,-50.4177],[-75.1563,-50.3943],[-75.0816,-50.3969],[-75.1633,-50.475],[-75.1852,-50.469],[-75.1976,-50.4516],[-75.2072,-50.4495],[-75.1623,-50.4177]]],[[[-75.1059,-50.4544],[-75.049,-50.4226],[-75.0085,-50.4201],[-75.0167,-50.4636],[-75.1059,-50.4544]]],[[[-74.96,-50.4213],[-74.9988,-50.4483],[-74.9934,-50.4113],[-74.96,-50.4213]]],[[[-74.8441,-50.5684],[-74.8613,-50.5307],[-74.8331,-50.5558],[-74.8441,-50.5684]]],[[[-75.424,-50.6487],[-75.4628,-50.6134],[-75.4306,-50.5887],[-75.3419,-50.6304],[-75.3951,-50.5932],[-75.3287,-50.5992],[-75.4766,-50.5056],[-75.3996,-50.4955],[-75.421,-50.4678],[-75.344,-50.4701],[-75.3354,-50.5135],[-75.3313,-50.4743],[-75.2704,-50.4848],[-75.2978,-50.5304],[-75.2507,-50.4873],[-75.0608,-50.506],[-75.1289,-50.5547],[-75.172,-50.5375],[-75.1524,-50.5688],[-75.2182,-50.553],[-75.167,-50.5903],[-75.1936,-50.612],[-75.2121,-50.5912],[-75.2097,-50.6177],[-75.2792,-50.5781],[-75.2619,-50.5433],[-75.3203,-50.5626],[-75.3228,-50.5744],[-75.2264,-50.634],[-75.3,-50.6548],[-75.2156,-50.6679],[-75.2819,-50.6942],[-75.2358,-50.7117],[-75.3198,-50.7101],[-75.2356,-50.7445],[-75.2719,-50.7985],[-75.3238,-50.805],[-75.3058,-50.7784],[-75.3126,-50.7486],[-75.3208,-50.7848],[-75.4228,-50.7723],[-75.4287,-50.7449],[-75.393,-50.7382],[-75.4252,-50.727],[-75.4526,-50.7382],[-75.4471,-50.7007],[-75.3588,-50.7012],[-75.3402,-50.6885],[-75.3791,-50.6893],[-75.3822,-50.6579],[-75.5044,-50.6695],[-75.4777,-50.6389],[-75.424,-50.6487]]],[[[-74.7617,-50.1033],[-74.6622,-50.0754],[-74.7228,-50.1281],[-74.7617,-50.1033]]],[[[-74.7423,-50.2525],[-74.7323,-50.2178],[-74.6692,-50.2539],[-74.6913,-50.2638],[-74.7423,-50.2525]]],[[[-74.7565,-50.3058],[-74.647,-50.2963],[-74.6678,-50.2767],[-74.5701,-50.2929],[-74.5894,-50.3151],[-74.6185,-50.2903],[-74.6108,-50.3125],[-74.7565,-50.3058]]],[[[-74.6912,-50.3497],[-74.5388,-50.4003],[-74.6003,-50.408],[-74.59,-50.4285],[-74.7498,-50.5152],[-74.7887,-50.4855],[-74.7631,-50.4326],[-74.7497,-50.4544],[-74.7389,-50.4604],[-74.7378,-50.4087],[-74.7974,-50.4298],[-74.7439,-50.4079],[-74.7528,-50.3816],[-74.6912,-50.3497]]],[[[-74.6643,-50.5441],[-74.6901,-50.5509],[-74.6799,-50.5133],[-74.5789,-50.5329],[-74.6555,-50.6082],[-74.679,-50.5951],[-74.6506,-50.5656],[-74.6729,-50.5732],[-74.6643,-50.5441]]],[[[-74.7755,-50.6363],[-74.7662,-50.662],[-74.8075,-50.6503],[-74.7755,-50.6363]]],[[[-74.7208,-50.657],[-74.7195,-50.6847],[-74.7441,-50.6639],[-74.7208,-50.657]]],[[[-74.5405,-50.5998],[-74.5183,-50.5359],[-74.4659,-50.545],[-74.5405,-50.5998]]],[[[-74.6159,-50.6721],[-74.636,-50.6555],[-74.6044,-50.6442],[-74.6159,-50.6721]]],[[[-74.6719,-50.7192],[-74.6762,-50.6882],[-74.6419,-50.7082],[-74.6719,-50.7192]]],[[[-74.895,-50.8393],[-74.9205,-50.8312],[-74.8589,-50.8269],[-74.9309,-50.8002],[-74.8455,-50.8087],[-74.9456,-50.7907],[-74.947,-50.7624],[-74.8705,-50.7828],[-74.9469,-50.7511],[-74.9411,-50.7233],[-74.8372,-50.7256],[-74.8806,-50.7406],[-74.8286,-50.7563],[-74.8485,-50.7451],[-74.8079,-50.7328],[-74.931,-50.6934],[-74.9279,-50.6734],[-74.7722,-50.7042],[-74.8432,-50.6586],[-74.8195,-50.6547],[-74.7165,-50.6916],[-74.7312,-50.7191],[-74.767,-50.7066],[-74.732,-50.7546],[-74.7946,-50.7374],[-74.7402,-50.7611],[-74.7727,-50.7758],[-74.6904,-50.7931],[-74.6979,-50.8267],[-74.7881,-50.8054],[-74.699,-50.8324],[-74.7337,-50.8422],[-74.7222,-50.8881],[-74.6734,-50.8038],[-74.6355,-50.816],[-74.6896,-50.9041],[-74.9381,-50.8456],[-74.895,-50.8393]]],[[[-74.7772,-51.0074],[-74.7591,-51.0271],[-74.7884,-51.0811],[-74.8289,-51.066],[-74.7834,-51.0502],[-74.8896,-51.0512],[-74.8222,-51.0249],[-74.8544,-51.0195],[-74.8012,-50.9929],[-74.8256,-50.9777],[-74.7666,-50.9806],[-74.8081,-50.9672],[-74.8755,-50.9755],[-74.8093,-50.9582],[-74.8533,-50.9439],[-74.9505,-50.9925],[-74.9414,-50.9179],[-74.8522,-50.9145],[-74.9351,-50.8805],[-74.7827,-50.9081],[-74.6656,-50.9035],[-74.6819,-50.9371],[-74.6331,-50.9546],[-74.6372,-50.9257],[-74.6045,-50.9268],[-74.6065,-50.9543],[-74.5852,-50.9222],[-74.592,-50.9012],[-74.5303,-50.919],[-74.5841,-50.8975],[-74.5569,-50.8818],[-74.6193,-50.9005],[-74.5973,-50.8538],[-74.6412,-50.8878],[-74.6149,-50.8257],[-74.5665,-50.8393],[-74.5775,-50.8581],[-74.519,-50.8121],[-74.5684,-50.8277],[-74.6023,-50.8089],[-74.5722,-50.7925],[-74.6847,-50.7441],[-74.6379,-50.7089],[-74.6009,-50.7155],[-74.5879,-50.7554],[-74.5421,-50.7333],[-74.5477,-50.7497],[-74.5381,-50.7701],[-74.5199,-50.7382],[-74.4995,-50.7724],[-74.4821,-50.7547],[-74.468,-50.783],[-74.4458,-50.772],[-74.4617,-50.7951],[-74.4493,-50.8175],[-74.4778,-50.8455],[-74.4788,-50.8218],[-74.5118,-50.8604],[-74.4625,-50.8493],[-74.4421,-50.8159],[-74.4241,-50.834],[-74.4104,-50.811],[-74.379,-50.8505],[-74.3974,-50.8655],[-74.374,-50.859],[-74.4295,-50.9269],[-74.4199,-50.9473],[-74.3766,-50.9134],[-74.3993,-50.9421],[-74.3733,-50.9528],[-74.4126,-50.9767],[-74.3745,-50.9624],[-74.3598,-50.989],[-74.3724,-51.0855],[-74.4768,-50.9881],[-74.5894,-51.0585],[-74.5914,-51.0139],[-74.6099,-51.0793],[-74.6888,-51.1188],[-74.6801,-51.0923],[-74.7177,-51.1118],[-74.767,-51.0761],[-74.7009,-51.0567],[-74.7491,-51.0409],[-74.6408,-51.0312],[-74.6155,-51.0042],[-74.6016,-50.9587],[-74.6384,-51.0039],[-74.7281,-51.0088],[-74.7367,-50.9844],[-74.7607,-50.9882],[-74.7333,-51.0066],[-74.7772,-51.0074]]],[[[-74.3974,-50.3813],[-74.367,-50.3728],[-74.3527,-50.4046],[-74.3974,-50.3813]]],[[[-74.6922,-50.4888],[-74.5418,-50.4128],[-74.4624,-50.4746],[-74.3572,-50.4592],[-74.3048,-50.626],[-74.2652,-50.6188],[-74.2074,-50.6818],[-74.2453,-50.7032],[-74.2724,-50.678],[-74.3265,-50.6712],[-74.2676,-50.6922],[-74.2564,-50.7153],[-74.295,-50.7009],[-74.2501,-50.7393],[-74.2065,-50.7071],[-74.1506,-50.7777],[-74.1442,-50.8456],[-74.1828,-50.8491],[-74.184,-50.8243],[-74.1914,-50.8435],[-74.213,-50.8503],[-74.2367,-50.8495],[-74.2288,-50.8487],[-74.2196,-50.8393],[-74.2048,-50.8111],[-74.2255,-50.7777],[-74.2461,-50.785],[-74.2429,-50.7509],[-74.2919,-50.8127],[-74.3345,-50.7627],[-74.2861,-50.8452],[-74.3323,-50.8395],[-74.3401,-50.8473],[-74.4232,-50.7622],[-74.3621,-50.7312],[-74.4853,-50.7438],[-74.5099,-50.7196],[-74.466,-50.7057],[-74.5311,-50.702],[-74.4684,-50.6749],[-74.5485,-50.6955],[-74.5469,-50.653],[-74.6036,-50.6468],[-74.6,-50.6228],[-74.558,-50.6251],[-74.5743,-50.6443],[-74.5188,-50.622],[-74.4748,-50.5638],[-74.458,-50.5809],[-74.4226,-50.5453],[-74.4592,-50.5257],[-74.385,-50.5319],[-74.3774,-50.5699],[-74.3485,-50.5338],[-74.4953,-50.5119],[-74.4681,-50.4766],[-74.5176,-50.5154],[-74.5872,-50.5078],[-74.5923,-50.4763],[-74.6922,-50.4888]]],[[[-74.4202,-50.7952],[-74.4474,-50.8062],[-74.4477,-50.7798],[-74.4326,-50.7702],[-74.4202,-50.7952]]],[[[-74.5864,-51.0664],[-74.5112,-51.0358],[-74.4616,-51.0029],[-74.4239,-51.056],[-74.4638,-51.0744],[-74.5002,-51.0356],[-74.4827,-51.0631],[-74.5101,-51.0836],[-74.3745,-51.1081],[-74.3658,-51.1864],[-74.4318,-51.1796],[-74.385,-51.2209],[-74.4917,-51.1839],[-74.4794,-51.1582],[-74.557,-51.1671],[-74.5864,-51.0664]]],[[[-74.4838,-51.19],[-74.4006,-51.2546],[-74.4268,-51.2551],[-74.4647,-51.2149],[-74.5069,-51.217],[-74.5042,-51.2267],[-74.5306,-51.2013],[-74.4971,-51.2149],[-74.4838,-51.19]]],[[[-74.3419,-50.9119],[-74.2837,-50.94],[-74.2094,-51.1371],[-74.1653,-51.2026],[-74.2099,-51.2045],[-74.2407,-51.2564],[-74.3258,-50.9788],[-74.2821,-50.9853],[-74.3419,-50.9119]]],[[[-74.3011,-51.3851],[-74.3267,-51.39],[-74.3854,-51.3804],[-74.3312,-51.3647],[-74.3011,-51.3851]]],[[[-74.1829,-51.2896],[-74.1535,-51.277],[-74.138,-51.3093],[-74.1829,-51.2896]]],[[[-74.2603,-51.3234],[-74.2356,-51.2897],[-74.1556,-51.3034],[-74.112,-51.3616],[-74.1835,-51.3439],[-74.2096,-51.3614],[-74.1734,-51.3769],[-74.1614,-51.3591],[-74.1228,-51.3854],[-74.1429,-51.3639],[-74.1252,-51.3654],[-74.078,-51.4427],[-74.112,-51.4526],[-74.1402,-51.4012],[-74.1855,-51.4421],[-74.1949,-51.4111],[-74.2279,-51.4193],[-74.2379,-51.3997],[-74.1816,-51.3925],[-74.1489,-51.3724],[-74.1849,-51.3876],[-74.2298,-51.3836],[-74.2603,-51.3234]]],[[[-74.057,-51.5531],[-74.0398,-51.5362],[-74.0396,-51.5705],[-74.1035,-51.5385],[-74.057,-51.5531]]],[[[-74.012,-51.7099],[-73.92,-51.743],[-73.9171,-51.7823],[-73.9597,-51.8044],[-73.939,-51.8053],[-74.0225,-51.8183],[-74.0634,-51.801],[-74.0014,-51.8083],[-73.9766,-51.8007],[-74.2471,-51.7204],[-74.204,-51.7225],[-74.2383,-51.7047],[-74.228,-51.6752],[-74.1567,-51.697],[-74.1975,-51.6613],[-74.1646,-51.6696],[-74.1707,-51.648],[-74.1526,-51.6686],[-74.0819,-51.6802],[-74.1332,-51.6666],[-74.1012,-51.6478],[-74.1502,-51.6147],[-74.1199,-51.5869],[-74.0632,-51.6148],[-74.1183,-51.5451],[-74.0275,-51.5779],[-73.9831,-51.6827],[-74.0065,-51.6954],[-73.9732,-51.7048],[-74.012,-51.7099]]],[[[-74.1556,-51.7639],[-74.0741,-51.8063],[-74.0157,-51.8261],[-74.0477,-51.8432],[-74.1556,-51.7639]]],[[[-73.9118,-51.7956],[-73.7845,-51.8787],[-73.8456,-51.91],[-73.8296,-51.9193],[-73.8599,-51.9092],[-73.8605,-51.8828],[-73.9526,-51.8945],[-73.9271,-51.8446],[-73.9848,-51.8222],[-73.9394,-51.8188],[-73.9036,-51.7844],[-73.9118,-51.7956]]],[[[-74.2967,-51.3497],[-74.3006,-51.3717],[-74.3256,-51.3566],[-74.2967,-51.3497]]],[[[-74.4137,-51.5827],[-74.357,-51.5482],[-74.3429,-51.5642],[-74.3666,-51.5869],[-74.4137,-51.5827]]],[[[-74.2866,-51.9365],[-74.3073,-51.9385],[-74.3356,-51.9149],[-74.3301,-51.9136],[-74.2866,-51.9365]]],[[[-74.3116,-51.9805],[-74.3002,-52.0003],[-74.3419,-51.99],[-74.3116,-51.9805]]],[[[-74.4103,-52.0354],[-74.3521,-52.0405],[-74.38,-52.0571],[-74.4103,-52.0354]]],[[[-74.3329,-52.0481],[-74.3101,-52.0298],[-74.2845,-52.0414],[-74.3197,-52.0538],[-74.3329,-52.0481]]],[[[-74.356,-52.111],[-74.3569,-52.0536],[-74.2979,-52.0883],[-74.356,-52.111]]],[[[-74.4105,-52.1494],[-74.3035,-52.1917],[-74.3507,-52.214],[-74.3323,-52.1929],[-74.4711,-52.1986],[-74.4105,-52.1494]]],[[[-75.0055,-50.7989],[-75.0623,-50.7635],[-75.0349,-50.7552],[-75.0637,-50.7615],[-75.1029,-50.7105],[-75.0361,-50.7292],[-75.0254,-50.695],[-75.0666,-50.6797],[-75.0449,-50.6741],[-75.0518,-50.6606],[-75.0426,-50.6513],[-75.0162,-50.6672],[-75.0038,-50.6482],[-75.0006,-50.682],[-74.972,-50.6421],[-74.9671,-50.7109],[-75.0124,-50.7435],[-74.9724,-50.732],[-74.981,-50.8321],[-75.0055,-50.7989]]],[[[-74.9664,-50.9942],[-75.0656,-50.9975],[-75.046,-50.9707],[-74.9664,-50.9942]]],[[[-74.9689,-50.9572],[-74.9708,-50.9879],[-75.0054,-50.944],[-74.9689,-50.9572]]],[[[-74.9637,-51.0594],[-74.9088,-51.0385],[-74.9514,-51.0201],[-74.9441,-51.007],[-74.8137,-50.9919],[-74.8575,-51.0098],[-74.9428,-51.0711],[-74.9637,-51.0594]]],[[[-75.0277,-51.3559],[-74.9979,-51.3998],[-75.0762,-51.3643],[-75.0389,-51.4087],[-75.0776,-51.3949],[-75.0853,-51.4442],[-75.1103,-51.43],[-75.0923,-51.4475],[-75.1207,-51.453],[-75.0897,-51.4804],[-75.1183,-51.4737],[-75.1522,-51.4102],[-75.1323,-51.5147],[-75.1646,-51.5952],[-75.2216,-51.556],[-75.1965,-51.6229],[-75.3233,-51.6337],[-75.3118,-51.6125],[-75.3481,-51.5868],[-75.3171,-51.5691],[-75.333,-51.5299],[-75.1957,-51.4873],[-75.2347,-51.4435],[-75.2204,-51.4021],[-75.1481,-51.3902],[-75.2215,-51.3382],[-75.1886,-51.2975],[-75.1603,-51.3051],[-75.1075,-51.251],[-75.1396,-51.3857],[-75.0846,-51.2963],[-75.0195,-51.3324],[-74.9758,-51.3165],[-74.9904,-51.3781],[-75.0277,-51.3559]]],[[[-74.9491,-51.0932],[-74.9036,-51.1133],[-74.9339,-51.0922],[-74.8152,-51.1227],[-74.8339,-51.1567],[-74.9456,-51.1521],[-75.0164,-51.1828],[-74.9888,-51.1124],[-74.9491,-51.0932]]],[[[-74.8507,-51.184],[-74.8012,-51.1875],[-74.8459,-51.2445],[-74.8773,-51.2203],[-74.8611,-51.1958],[-74.8795,-51.2126],[-75.0278,-51.227],[-74.9756,-51.1826],[-74.8408,-51.1644],[-74.8507,-51.184]]],[[[-74.9981,-51.2551],[-74.9385,-51.258],[-74.9242,-51.2545],[-74.9685,-51.235],[-74.9388,-51.2263],[-74.8687,-51.2506],[-74.9914,-51.32],[-75.065,-51.2852],[-75.0462,-51.2588],[-74.9704,-51.2768],[-74.9518,-51.2652],[-74.9981,-51.2551]]],[[[-75.1197,-51.1393],[-75.0761,-51.1409],[-75.1031,-51.1622],[-75.1197,-51.1393]]],[[[-74.8324,-51.4557],[-74.8498,-51.5131],[-74.8908,-51.495],[-74.8324,-51.4557]]],[[[-74.909,-51.4662],[-74.8924,-51.549],[-74.9346,-51.5564],[-74.9299,-51.5244],[-74.9954,-51.5408],[-74.991,-51.4977],[-74.909,-51.4662]]],[[[-74.9525,-51.7691],[-74.9842,-51.7896],[-74.9521,-51.7959],[-74.9952,-51.8999],[-75.1016,-51.9269],[-75.1017,-51.8759],[-75.0623,-51.8555],[-75.1256,-51.8234],[-75.0793,-51.8034],[-75.0987,-51.7872],[-75.0662,-51.7478],[-75.0445,-51.7597],[-75.0541,-51.7283],[-74.9742,-51.7185],[-74.9525,-51.7691]]],[[[-74.6496,-51.0137],[-74.6717,-51.0313],[-74.7173,-51.0118],[-74.6496,-51.0137]]],[[[-74.7572,-51.1562],[-74.7091,-51.1292],[-74.6724,-51.1507],[-74.6099,-51.0846],[-74.5571,-51.1755],[-74.6238,-51.1484],[-74.6661,-51.2016],[-74.7572,-51.1562]]],[[[-74.7669,-51.1518],[-74.8107,-51.1532],[-74.7914,-51.133],[-74.7669,-51.1518]]],[[[-74.752,-51.2106],[-74.8048,-51.1707],[-74.7365,-51.1886],[-74.752,-51.2106]]],[[[-74.4404,-51.2895],[-74.4589,-51.3073],[-74.4878,-51.2814],[-74.474,-51.262],[-74.4404,-51.2895]]],[[[-74.4513,-51.3239],[-74.4887,-51.3357],[-74.4947,-51.3073],[-74.4513,-51.3239]]],[[[-74.6661,-51.363],[-74.6949,-51.3487],[-74.6665,-51.3891],[-74.6841,-51.4368],[-74.7542,-51.4413],[-74.699,-51.3487],[-74.6729,-51.3314],[-74.6661,-51.363]]],[[[-74.7803,-51.3281],[-74.9482,-51.3872],[-74.9699,-51.3782],[-74.9246,-51.365],[-74.9806,-51.3436],[-74.8944,-51.2778],[-74.7936,-51.287],[-74.8499,-51.2624],[-74.822,-51.2247],[-74.7722,-51.2463],[-74.7973,-51.2093],[-74.723,-51.2277],[-74.7492,-51.2111],[-74.7198,-51.1899],[-74.6609,-51.2127],[-74.5981,-51.1886],[-74.5979,-51.2105],[-74.5497,-51.2135],[-74.4979,-51.2811],[-74.5149,-51.3019],[-74.5201,-51.2587],[-74.5584,-51.2392],[-74.522,-51.3066],[-74.5307,-51.3147],[-74.601,-51.2574],[-74.6714,-51.2431],[-74.5732,-51.2892],[-74.5896,-51.3267],[-74.5412,-51.3301],[-74.5803,-51.3539],[-74.5202,-51.3569],[-74.5444,-51.3868],[-74.6131,-51.4074],[-74.621,-51.3521],[-74.6709,-51.3263],[-74.6587,-51.3007],[-74.6856,-51.3181],[-74.7278,-51.2929],[-74.6873,-51.3242],[-74.7214,-51.3744],[-74.7516,-51.3683],[-74.7263,-51.3843],[-74.7515,-51.4236],[-74.7589,-51.4029],[-74.7969,-51.4026],[-74.7639,-51.4247],[-74.8113,-51.4519],[-74.8441,-51.4293],[-74.892,-51.4672],[-74.8754,-51.4288],[-74.8825,-51.4205],[-74.8906,-51.4572],[-74.9384,-51.4626],[-74.9319,-51.4521],[-74.9395,-51.4351],[-74.9506,-51.4706],[-75.0325,-51.4794],[-75.0168,-51.455],[-75.0402,-51.442],[-75.0085,-51.4483],[-75.0351,-51.4321],[-74.7803,-51.3281]]],[[[-74.7635,-51.4689],[-74.7986,-51.4552],[-74.8426,-51.4941],[-74.8234,-51.4558],[-74.7816,-51.4493],[-74.7635,-51.4689]]],[[[-74.6134,-51.5977],[-74.5445,-51.6084],[-74.5326,-51.6243],[-74.5942,-51.614],[-74.6134,-51.5977]]],[[[-74.5909,-51.7305],[-74.5428,-51.7308],[-74.589,-51.7847],[-74.5909,-51.7305]]],[[[-74.7142,-51.5447],[-74.6954,-51.5627],[-74.7747,-51.5551],[-74.7142,-51.5447]]],[[[-74.4374,-51.6959],[-74.4629,-51.7071],[-74.5392,-51.6771],[-74.4619,-51.6849],[-74.4374,-51.6959]]],[[[-74.5209,-51.9223],[-74.4824,-51.9206],[-74.5112,-51.9385],[-74.5209,-51.9223]]],[[[-74.7005,-51.7165],[-74.6694,-51.7319],[-74.6753,-51.733],[-74.6789,-51.7384],[-74.6771,-51.7461],[-74.6853,-51.7476],[-74.6869,-51.7619],[-74.7173,-51.7865],[-74.724,-51.7139],[-74.6636,-51.6961],[-74.7005,-51.7165]]],[[[-74.6589,-51.7632],[-74.6394,-51.7888],[-74.6587,-51.8111],[-74.6267,-51.7885],[-74.6283,-51.817],[-74.6013,-51.8087],[-74.6234,-51.8441],[-74.7274,-51.8226],[-74.7213,-51.7904],[-74.6589,-51.7632]]],[[[-74.7537,-51.9092],[-74.772,-51.8978],[-74.7378,-51.8313],[-74.694,-51.853],[-74.7117,-51.8719],[-74.6635,-51.8542],[-74.6868,-51.8692],[-74.6652,-51.8922],[-74.6493,-51.8832],[-74.6456,-51.8651],[-74.6033,-51.8412],[-74.6146,-51.8837],[-74.5751,-51.8398],[-74.6162,-51.9125],[-74.675,-51.9273],[-74.6475,-51.9446],[-74.6666,-51.961],[-74.6294,-51.959],[-74.7017,-51.9768],[-74.6755,-51.9839],[-74.7174,-52.0095],[-74.6545,-51.9719],[-74.6326,-51.9875],[-74.6967,-52.0204],[-74.7372,-52.1158],[-74.8098,-52.1016],[-74.7779,-52.1366],[-74.8892,-52.1546],[-74.8405,-52.0738],[-74.8078,-52.0705],[-74.7436,-52.032],[-74.7841,-52.0484],[-74.7762,-52.0172],[-74.8046,-52.0354],[-74.7877,-52.0522],[-74.8307,-52.0611],[-74.8074,-51.98],[-74.785,-51.9787],[-74.7483,-51.9642],[-74.8079,-51.9749],[-74.7824,-51.9068],[-74.7537,-51.9092]]],[[[-74.9429,-51.8076],[-74.8902,-51.8532],[-74.9203,-51.8812],[-74.8833,-51.8657],[-74.9224,-51.8998],[-74.9328,-51.928],[-74.8892,-51.8889],[-74.8904,-51.9238],[-74.8682,-51.8724],[-74.8582,-51.9448],[-74.844,-51.8678],[-74.7935,-51.8623],[-74.8172,-51.8354],[-74.8471,-51.8506],[-74.8261,-51.8148],[-74.8631,-51.8124],[-74.8754,-51.7668],[-74.7936,-51.7836],[-74.8822,-51.7103],[-74.8658,-51.6795],[-74.9316,-51.6622],[-74.8532,-51.6255],[-74.7679,-51.6561],[-74.7871,-51.6891],[-74.7563,-51.6816],[-74.7823,-51.6971],[-74.7532,-51.7252],[-74.7997,-51.7592],[-74.7517,-51.7374],[-74.7436,-51.7931],[-74.7813,-51.8084],[-74.7505,-51.8279],[-74.785,-51.845],[-74.7629,-51.8446],[-74.8089,-51.8998],[-74.8,-51.9296],[-74.8239,-51.9215],[-74.8067,-51.943],[-74.8546,-51.9596],[-74.8062,-51.9508],[-74.8176,-51.9839],[-74.872,-51.9809],[-74.827,-51.9922],[-74.8326,-52.0189],[-74.8838,-52.0025],[-74.922,-52.0013],[-74.8485,-52.036],[-74.8921,-52.0513],[-74.858,-52.0595],[-74.8667,-52.0869],[-74.9491,-52.1328],[-74.9076,-52.0781],[-74.9193,-52.0575],[-74.9545,-52.1334],[-74.9601,-52.1264],[-75.0013,-52.1444],[-75.0392,-52.141],[-75.0021,-52.1338],[-74.9962,-52.0983],[-74.9443,-52.1054],[-74.9649,-52.0864],[-74.9395,-52.052],[-75.0159,-52.0895],[-74.9464,-52.0375],[-75.0222,-52.0724],[-75.0098,-52.0442],[-75.0627,-52.0227],[-75.0408,-51.9864],[-74.9419,-51.9547],[-75.0099,-51.9399],[-74.956,-51.8783],[-74.9429,-51.8076]]],[[[-74.8607,-52.2816],[-74.8853,-52.291],[-74.9298,-52.2684],[-74.879,-52.2539],[-74.8408,-52.2933],[-74.8469,-52.3232],[-74.8786,-52.308],[-74.8607,-52.2816]]],[[[-74.5815,-51.9059],[-74.5643,-51.8321],[-74.5608,-51.8441],[-74.5361,-51.8348],[-74.5573,-51.848],[-74.5329,-51.8729],[-74.5822,-51.9164],[-74.5298,-51.8916],[-74.5637,-51.9326],[-74.6468,-51.9381],[-74.5815,-51.9059]]],[[[-74.5946,-51.9872],[-74.5245,-51.9323],[-74.533,-51.9464],[-74.4926,-51.9424],[-74.5001,-51.9666],[-74.4568,-51.954],[-74.4894,-51.9806],[-74.4541,-51.9871],[-74.516,-52.0463],[-74.5987,-52.0795],[-74.6057,-52.0415],[-74.6189,-52.0862],[-74.6621,-52.1052],[-74.6597,-52.086],[-74.6675,-52.0774],[-74.7085,-52.1165],[-74.6851,-52.0368],[-74.6023,-51.9857],[-74.6031,-52.01],[-74.5568,-52.0151],[-74.5946,-51.9872]]],[[[-74.4662,-51.979],[-74.4527,-51.9588],[-74.4407,-51.9601],[-74.4418,-51.9753],[-74.4662,-51.979]]],[[[-74.5507,-52.0924],[-74.4259,-52.0348],[-74.4551,-52.0585],[-74.5399,-52.1004],[-74.5507,-52.0924]]],[[[-74.796,-52.179],[-74.5889,-52.0861],[-74.5499,-52.0969],[-74.6103,-52.1263],[-74.6032,-52.1501],[-74.632,-52.143],[-74.631,-52.1927],[-74.6822,-52.1767],[-74.6611,-52.2046],[-74.7356,-52.2201],[-74.751,-52.1848],[-74.796,-52.179]]],[[[-74.5323,-52.1428],[-74.5616,-52.1618],[-74.5777,-52.1609],[-74.5539,-52.1306],[-74.5323,-52.1428]]],[[[-74.7414,-52.2562],[-74.7623,-52.222],[-74.7133,-52.222],[-74.7359,-52.2468],[-74.6803,-52.2277],[-74.7414,-52.2562]]],[[[-74.8794,-52.2001],[-74.8351,-52.1972],[-74.8471,-52.2165],[-74.8198,-52.2103],[-74.7484,-52.2622],[-74.6788,-52.2719],[-74.6707,-52.2341],[-74.6546,-52.242],[-74.6098,-52.2074],[-74.5805,-52.2141],[-74.6406,-52.2892],[-74.6152,-52.3102],[-74.689,-52.3039],[-74.6494,-52.3229],[-74.7415,-52.3349],[-74.784,-52.3107],[-74.7574,-52.3117],[-74.7562,-52.2893],[-74.8089,-52.2805],[-74.7681,-52.2777],[-74.8978,-52.2363],[-74.8794,-52.2001]]],[[[-73.9609,-51.9549],[-73.752,-52.0706],[-73.7286,-52.1215],[-73.6949,-52.1327],[-73.7015,-52.1808],[-73.6725,-52.167],[-73.6412,-52.2242],[-73.8278,-52.1509],[-73.874,-52.0977],[-74.0907,-52.0307],[-74.0838,-52.0063],[-73.9453,-52.0509],[-74.0813,-51.9966],[-74.0964,-51.9614],[-74.1142,-51.9822],[-74.16,-51.9418],[-74.2553,-51.9376],[-74.2248,-51.9142],[-74.2919,-51.9209],[-74.2712,-51.8929],[-74.365,-51.8927],[-74.3769,-51.8737],[-74.3531,-51.8731],[-74.4118,-51.8441],[-74.3683,-51.815],[-74.3963,-51.7955],[-74.4178,-51.8206],[-74.4697,-51.76],[-74.4132,-51.7721],[-74.5081,-51.707],[-74.332,-51.7564],[-74.3721,-51.7839],[-74.286,-51.7641],[-74.3262,-51.79],[-74.2716,-51.7796],[-74.3026,-51.7939],[-74.3074,-51.8326],[-74.2354,-51.8139],[-74.1933,-51.8526],[-74.1427,-51.8491],[-74.1393,-51.884],[-74.1907,-51.8973],[-74.0542,-51.8839],[-74.0984,-51.9209],[-74.097,-51.9611],[-74.0697,-51.9023],[-73.9799,-51.9317],[-73.9945,-51.9978],[-73.9609,-51.9549]]],[[[-74.1167,-51.9946],[-74.0959,-52.0219],[-74.1454,-52.0016],[-74.1167,-51.9946]]],[[[-74.2807,-51.9837],[-74.2973,-51.9769],[-74.3182,-51.9589],[-74.2687,-51.9732],[-74.2807,-51.9837]]],[[[-74.2935,-51.9902],[-74.2661,-51.9987],[-74.2618,-52.0096],[-74.2805,-52.0171],[-74.2935,-51.9902]]],[[[-74.423,-52.1425],[-74.3245,-52.1398],[-74.3385,-52.12],[-74.2713,-52.0941],[-74.0362,-52.2347],[-74.423,-52.1425]]],[[[-74.1709,-52.094],[-74.1102,-52.0846],[-74.0248,-52.1323],[-74.0973,-52.1751],[-74.1444,-52.1486],[-74.1131,-52.1348],[-74.2384,-52.0897],[-74.1709,-52.094]]],[[[-73.9052,-52.3645],[-74.0189,-52.3118],[-73.9508,-52.359],[-73.9663,-52.3866],[-74.0355,-52.3369],[-73.9693,-52.3923],[-74.0296,-52.3682],[-74.0045,-52.3907],[-74.1597,-52.4127],[-74.1295,-52.3848],[-74.1789,-52.4111],[-74.1635,-52.3862],[-74.1798,-52.369],[-74.1062,-52.334],[-74.2444,-52.3748],[-74.2244,-52.3318],[-74.1556,-52.3163],[-74.138,-52.3097],[-74.1306,-52.2977],[-74.1721,-52.3064],[-74.2071,-52.2852],[-74.1685,-52.2807],[-74.2107,-52.2659],[-74.1649,-52.2382],[-74.1703,-52.2267],[-74.1206,-52.2469],[-74.121,-52.23],[-74.2234,-52.2012],[-74.0267,-52.2438],[-73.9005,-52.3397],[-73.9052,-52.3645]]],[[[-74.0829,-52.4431],[-73.967,-52.423],[-74.0317,-52.4545],[-74.0829,-52.4431]]],[[[-74.5549,-52.314],[-74.618,-52.2942],[-74.5711,-52.2343],[-74.5376,-52.2766],[-74.5549,-52.314]]],[[[-74.5417,-52.3635],[-74.5287,-52.3209],[-74.4785,-52.3021],[-74.5132,-52.3459],[-74.5417,-52.3635]]],[[[-74.4998,-52.3535],[-74.4847,-52.3484],[-74.4726,-52.3451],[-74.4683,-52.3567],[-74.4781,-52.3651],[-74.4998,-52.3535]]],[[[-74.6261,-52.3229],[-74.5709,-52.3251],[-74.626,-52.3374],[-74.6261,-52.3229]]],[[[-74.6687,-52.3471],[-74.6112,-52.343],[-74.5785,-52.3684],[-74.6965,-52.3854],[-74.6687,-52.3471]]],[[[-74.5066,-52.3509],[-74.5005,-52.3658],[-74.5279,-52.3677],[-74.5295,-52.3596],[-74.489,-52.344],[-74.5066,-52.3509]]],[[[-74.5094,-52.4889],[-74.5485,-52.4825],[-74.555,-52.4881],[-74.5801,-52.4462],[-74.5137,-52.4626],[-74.5094,-52.4889]]],[[[-74.4691,-52.4598],[-74.5032,-52.4296],[-74.5503,-52.4042],[-74.5026,-52.4122],[-74.4691,-52.4598]]],[[[-74.4926,-52.508],[-74.4975,-52.4785],[-74.4768,-52.4805],[-74.4926,-52.508]]],[[[-74.5355,-52.9845],[-74.5091,-52.993],[-74.505,-53.0089],[-74.5205,-53.0094],[-74.5355,-52.9845]]],[[[-74.2622,-52.2027],[-74.3117,-52.2236],[-74.3234,-52.2086],[-74.2999,-52.1925],[-74.2622,-52.2027]]],[[[-74.2734,-52.2642],[-74.3252,-52.2355],[-74.2138,-52.2235],[-74.2734,-52.2642]]],[[[-74.329,-52.2622],[-74.3582,-52.295],[-74.3953,-52.2732],[-74.3494,-52.2516],[-74.329,-52.2622]]],[[[-74.3331,-52.2986],[-74.3086,-52.2598],[-74.2963,-52.2656],[-74.3004,-52.2862],[-74.3331,-52.2986]]],[[[-74.3042,-52.4493],[-74.314,-52.4255],[-74.2802,-52.4345],[-74.3042,-52.4493]]],[[[-74.299,-53.1401],[-74.3454,-53.1834],[-74.3719,-53.1445],[-74.299,-53.1401]]],[[[-74.1246,-52.5873],[-74.1135,-52.5699],[-74.0468,-52.5841],[-74.1085,-52.619],[-74.1924,-52.5982],[-74.1246,-52.5873]]],[[[-74.2362,-53.1596],[-74.2806,-53.1956],[-74.2975,-53.1925],[-74.2754,-53.1481],[-74.2362,-53.1596]]],[[[-74.2822,-53.3227],[-74.3117,-53.3067],[-74.2465,-53.3025],[-74.2822,-53.3227]]],[[[-74.1319,-52.6594],[-74.1067,-52.6569],[-74.0756,-52.6974],[-74.1577,-52.7072],[-74.1156,-52.6834],[-74.1319,-52.6594]]],[[[-74.2002,-53.1409],[-74.2068,-53.1177],[-74.1508,-53.1397],[-74.2002,-53.1409]]],[[[-74.0558,-53.2694],[-74.099,-53.3276],[-74.2036,-53.3544],[-74.2815,-53.3262],[-74.1091,-53.2516],[-74.0558,-53.2694]]],[[[-68.6227,-52.6436],[-68.6094,-54.8945],[-68.8053,-54.8415],[-68.8195,-54.86],[-68.706,-54.913],[-68.8399,-54.9538],[-69.1004,-54.9594],[-69.6714,-54.8443],[-69.5898,-54.7704],[-69.6191,-54.7319],[-69.6161,-54.7819],[-69.6609,-54.8024],[-69.6742,-54.7334],[-69.7042,-54.7039],[-69.6733,-54.7768],[-69.7179,-54.8139],[-69.6862,-54.7922],[-69.6887,-54.8373],[-69.7659,-54.8348],[-69.7275,-54.7656],[-69.7312,-54.7507],[-69.7841,-54.7273],[-69.7335,-54.7734],[-69.7663,-54.7802],[-69.7697,-54.8342],[-69.9217,-54.8462],[-69.9769,-54.7275],[-69.9504,-54.6945],[-69.9884,-54.726],[-69.9514,-54.8499],[-70.0926,-54.8634],[-70.0705,-54.7932],[-70.092,-54.821],[-70.1125,-54.8197],[-70.1201,-54.807],[-70.1508,-54.7983],[-70.096,-54.8331],[-70.1509,-54.862],[-70.2337,-54.8367],[-70.1684,-54.8742],[-70.3188,-54.8597],[-70.3321,-54.809],[-70.1686,-54.6751],[-70.3139,-54.753],[-70.297,-54.7634],[-70.3297,-54.7857],[-70.3453,-54.8543],[-70.4636,-54.8162],[-70.4408,-54.7945],[-70.5122,-54.8117],[-70.6009,-54.7862],[-70.5344,-54.7757],[-70.5418,-54.7601],[-70.6186,-54.7803],[-70.5975,-54.806],[-70.7233,-54.8217],[-70.7119,-54.8409],[-70.7569,-54.8567],[-70.7353,-54.8422],[-70.7697,-54.825],[-70.7855,-54.8476],[-70.8525,-54.8253],[-70.8179,-54.8009],[-70.8181,-54.7781],[-70.4742,-54.6988],[-70.4892,-54.6768],[-70.4355,-54.6405],[-70.5556,-54.6284],[-70.5549,-54.6646],[-70.628,-54.6782],[-70.5674,-54.7102],[-70.7174,-54.7523],[-70.7222,-54.715],[-70.8608,-54.7684],[-70.9505,-54.753],[-70.9037,-54.7298],[-70.9072,-54.7093],[-70.8552,-54.7169],[-70.757,-54.6896],[-70.9199,-54.6695],[-70.9018,-54.6923],[-70.9143,-54.6846],[-70.9598,-54.7012],[-70.9107,-54.7011],[-71.0248,-54.7802],[-71.0481,-54.7573],[-70.9602,-54.7191],[-70.9947,-54.7109],[-70.9688,-54.6742],[-71.0012,-54.7049],[-71.0253,-54.7079],[-70.9853,-54.6852],[-71.0067,-54.6718],[-70.9102,-54.6236],[-70.9759,-54.6352],[-71.0217,-54.6068],[-71.0595,-54.601],[-71.0405,-54.6504],[-71.0831,-54.659],[-71.0866,-54.6318],[-71.1895,-54.7009],[-71.3103,-54.6515],[-71.1483,-54.638],[-71.1348,-54.6251],[-71.2525,-54.618],[-71.2638,-54.5887],[-71.1986,-54.5789],[-71.2523,-54.579],[-71.2435,-54.5431],[-71.3165,-54.5638],[-71.2985,-54.5468],[-71.3424,-54.5087],[-71.33,-54.5685],[-71.409,-54.5232],[-71.3804,-54.5603],[-71.4461,-54.5638],[-71.398,-54.5625],[-71.4051,-54.5764],[-71.343,-54.5872],[-71.3223,-54.6177],[-71.3566,-54.6215],[-71.3509,-54.5904],[-71.4161,-54.604],[-71.3846,-54.6124],[-71.3959,-54.6478],[-71.4659,-54.6345],[-71.4478,-54.6382],[-71.4397,-54.6508],[-71.4802,-54.6467],[-71.4553,-54.6683],[-71.4894,-54.6891],[-71.5184,-54.6336],[-71.4932,-54.5831],[-71.542,-54.5857],[-71.5159,-54.6117],[-71.5306,-54.6402],[-71.5794,-54.6503],[-71.5618,-54.6103],[-71.6203,-54.6237],[-71.5524,-54.5824],[-71.598,-54.6041],[-71.6186,-54.5737],[-71.6152,-54.6064],[-71.6581,-54.6168],[-71.6347,-54.6378],[-71.6543,-54.6607],[-71.6932,-54.6274],[-71.6383,-54.5819],[-71.6952,-54.6042],[-71.7947,-54.571],[-71.7231,-54.5977],[-71.7155,-54.6096],[-71.7617,-54.6242],[-71.8112,-54.5813],[-71.8496,-54.593],[-71.7908,-54.6207],[-71.8245,-54.6453],[-71.977,-54.6025],[-71.8645,-54.6074],[-71.9418,-54.5657],[-71.9009,-54.5444],[-71.9583,-54.5663],[-72.012,-54.5158],[-71.9477,-54.5339],[-71.9993,-54.4947],[-71.9561,-54.5022],[-71.9942,-54.4556],[-71.9565,-54.4424],[-71.935,-54.4672],[-71.9108,-54.4459],[-71.8907,-54.4522],[-71.8829,-54.5048],[-71.885,-54.4622],[-71.8398,-54.4719],[-71.849,-54.5177],[-71.8092,-54.5189],[-71.8486,-54.5231],[-71.807,-54.5465],[-71.6373,-54.5755],[-71.7125,-54.5486],[-71.6949,-54.5348],[-71.7559,-54.4893],[-71.5146,-54.5481],[-71.7152,-54.4757],[-71.6521,-54.4646],[-71.8688,-54.4371],[-71.7849,-54.443],[-71.8366,-54.4175],[-71.764,-54.4147],[-71.7952,-54.3998],[-71.7153,-54.4021],[-71.7436,-54.4303],[-71.7057,-54.423],[-71.5403,-54.5093],[-71.5841,-54.4739],[-71.4372,-54.4907],[-71.593,-54.4589],[-71.6111,-54.4033],[-71.5278,-54.4348],[-71.5072,-54.4266],[-71.5296,-54.4162],[-71.53,-54.4035],[-71.542,-54.4001],[-71.5095,-54.3975],[-71.477,-54.4397],[-71.3979,-54.433],[-71.384,-54.4636],[-71.3597,-54.4322],[-71.4208,-54.4085],[-71.3957,-54.3923],[-71.4175,-54.3765],[-71.3361,-54.3765],[-71.1958,-54.4247],[-71.2352,-54.4616],[-71.1409,-54.4303],[-71.1524,-54.4493],[-71.1031,-54.4904],[-71.1512,-54.5006],[-71.0901,-54.4957],[-71.0661,-54.5302],[-71.1209,-54.4349],[-70.9763,-54.454],[-70.938,-54.5181],[-70.9562,-54.444],[-70.9161,-54.4154],[-70.9353,-54.3686],[-70.7989,-54.3263],[-70.7229,-54.3377],[-70.7336,-54.3704],[-70.6633,-54.3625],[-70.6623,-54.3379],[-70.5757,-54.3552],[-70.6767,-54.44],[-70.7115,-54.4348],[-70.684,-54.4629],[-70.7811,-54.5758],[-70.7559,-54.5773],[-70.7684,-54.6287],[-70.718,-54.5513],[-70.6712,-54.6058],[-70.6207,-54.6064],[-70.7065,-54.5375],[-70.6759,-54.5293],[-70.6448,-54.447],[-70.5576,-54.4019],[-70.4609,-54.459],[-70.5049,-54.4664],[-70.3332,-54.5089],[-70.3489,-54.5167],[-70.2316,-54.589],[-70.1934,-54.5852],[-70.2759,-54.5546],[-70.3019,-54.5017],[-70.1029,-54.5587],[-70.4076,-54.4518],[-70.4538,-54.416],[-70.4348,-54.3936],[-70.5112,-54.3904],[-70.4893,-54.3489],[-70.5274,-54.3025],[-70.8735,-54.256],[-70.9103,-54.1618],[-70.8229,-54.1957],[-70.9337,-54.1176],[-70.2773,-54.3433],[-70.3091,-54.3535],[-70.204,-54.3733],[-70.216,-54.3993],[-70.1231,-54.4369],[-70.1486,-54.3864],[-70.037,-54.3843],[-70.1474,-54.3682],[-70.2062,-54.3392],[-70.1977,-54.3153],[-70.1194,-54.3023],[-70.0804,-54.2539],[-69.987,-54.2692],[-69.935,-54.3092],[-69.98,-54.331],[-69.9314,-54.3611],[-69.9687,-54.3825],[-69.9029,-54.3772],[-69.8776,-54.4078],[-69.9065,-54.4375],[-69.8582,-54.4189],[-69.8163,-54.4494],[-69.9109,-54.5168],[-69.8729,-54.5141],[-69.8002,-54.4673],[-69.7463,-54.5175],[-69.8489,-54.5772],[-69.7722,-54.5445],[-69.73,-54.5814],[-69.7604,-54.6025],[-69.7195,-54.5819],[-69.7495,-54.5449],[-69.7147,-54.5072],[-69.8692,-54.3225],[-69.8465,-54.2874],[-69.611,-54.3657],[-69.6433,-54.4514],[-69.5753,-54.5328],[-69.5483,-54.5093],[-69.6022,-54.4602],[-69.5661,-54.4277],[-69.5853,-54.4144],[-69.5616,-54.4179],[-69.5592,-54.4366],[-69.4929,-54.4436],[-69.5544,-54.4057],[-69.5483,-54.3408],[-69.4543,-54.347],[-69.3929,-54.3941],[-69.2,-54.4505],[-69.2077,-54.4905],[-69.4043,-54.6121],[-69.3784,-54.6193],[-69.4065,-54.6481],[-69.4592,-54.6724],[-69.4898,-54.6641],[-69.5167,-54.6753],[-69.4719,-54.6817],[-69.4944,-54.705],[-69.384,-54.6466],[-69.3384,-54.7227],[-69.3707,-54.6372],[-69.3209,-54.6216],[-69.2596,-54.5434],[-69.2009,-54.5247],[-69.1309,-54.5716],[-69.173,-54.5089],[-69.1312,-54.4517],[-68.9782,-54.4815],[-68.9962,-54.457],[-68.9634,-54.447],[-69.5359,-54.249],[-69.9216,-54.1634],[-69.8998,-54.1556],[-70.078,-54.0677],[-70.0424,-54.0557],[-70.137,-53.9381],[-70.1762,-53.8249],[-70.1346,-53.745],[-69.9818,-53.7198],[-69.9071,-53.6621],[-69.6646,-53.6443],[-69.3523,-53.5214],[-69.3078,-53.4781],[-69.3335,-53.3961],[-69.3729,-53.3568],[-69.5766,-53.3466],[-69.8866,-53.3798],[-70.214,-53.4769],[-70.2791,-53.4552],[-70.3281,-53.3955],[-70.4501,-53.377],[-70.4391,-53.313],[-70.3663,-53.303],[-70.4641,-53.3042],[-70.4194,-53.0147],[-70.3212,-52.9679],[-70.3413,-53.0072],[-70.3113,-53.0346],[-70.3428,-53.0648],[-70.2482,-53.0624],[-70.1376,-53.0129],[-70.0893,-52.9298],[-70.1202,-52.887],[-70.236,-52.8814],[-70.2997,-52.912],[-70.2589,-52.8634],[-70.2815,-52.8031],[-70.4374,-52.7805],[-70.1444,-52.7303],[-69.9999,-52.8394],[-69.903,-52.8398],[-69.841,-52.7878],[-69.6997,-52.752],[-69.5909,-52.6474],[-69.6105,-52.5784],[-69.5846,-52.5255],[-69.4364,-52.4551],[-69.3796,-52.4725],[-69.2011,-52.6776],[-69.0812,-52.6927],[-68.7882,-52.6126],[-68.7749,-52.5441],[-68.6227,-52.6436]]],[[[-71.136,-37.1646],[-71.1146,-37.2065],[-71.221,-37.275],[-71.1983,-37.3823],[-71.1537,-37.4003],[-71.1158,-37.489],[-71.1504,-37.5392],[-71.1279,-37.5877],[-71.2066,-37.6486],[-71.2106,-37.6981],[-71.1558,-37.7574],[-71.1703,-37.7857],[-71.1261,-37.8224],[-71.1834,-37.8574],[-71.1073,-37.8913],[-71.1139,-37.9519],[-71.0617,-37.9707],[-71.0554,-38.0435],[-70.9882,-38.0875],[-71.0442,-38.1227],[-70.9959,-38.1718],[-71.0323,-38.2499],[-70.9979,-38.2918],[-70.9838,-38.4311],[-70.8424,-38.5383],[-70.8271,-38.5961],[-70.9046,-38.6669],[-70.8834,-38.7014],[-70.9264,-38.7629],[-71.0937,-38.7545],[-71.1855,-38.815],[-71.2374,-38.8014],[-71.296,-38.8712],[-71.4336,-38.9289],[-71.4415,-38.981],[-71.3962,-39.0457],[-71.4212,-39.1511],[-71.3741,-39.2829],[-71.4002,-39.3503],[-71.457,-39.3706],[-71.4471,-39.4506],[-71.4729,-39.4933],[-71.5344,-39.5304],[-71.4612,-39.5831],[-71.5031,-39.6372],[-71.6102,-39.628],[-71.6778,-39.5651],[-71.6986,-39.5873],[-71.7155,-39.6483],[-71.6694,-39.6826],[-71.7126,-39.7246],[-71.6668,-39.8081],[-71.6909,-39.8427],[-71.5927,-39.9012],[-71.6205,-39.9734],[-71.6886,-40.0325],[-71.6743,-40.1043],[-71.8257,-40.0881],[-71.7997,-40.1359],[-71.8288,-40.1721],[-71.7985,-40.1873],[-71.8292,-40.2133],[-71.7516,-40.3056],[-71.7168,-40.279],[-71.685,-40.294],[-71.657,-40.3643],[-71.7353,-40.4345],[-71.8246,-40.4205],[-71.8429,-40.5253],[-71.8905,-40.556],[-71.8551,-40.5927],[-71.8251,-40.5781],[-71.8376,-40.6099],[-71.9666,-40.7451],[-71.9214,-40.7857],[-71.9083,-40.858],[-71.8582,-40.8795],[-71.8572,-40.956],[-71.9052,-40.9852],[-71.8196,-41.0604],[-71.8515,-41.0987],[-71.8408,-41.1498],[-71.8882,-41.1609],[-71.8342,-41.2713],[-71.899,-41.2554],[-71.8761,-41.308],[-71.911,-41.3574],[-71.8347,-41.4335],[-71.852,-41.5167],[-71.8175,-41.5758],[-71.8468,-41.5663],[-71.8856,-41.606],[-71.7941,-41.6942],[-71.8102,-41.721],[-71.7535,-41.7871],[-71.7737,-41.7938],[-71.7506,-41.8245],[-71.7949,-41.8358],[-71.7713,-41.9449],[-71.7951,-41.951],[-71.7622,-42.0331],[-71.7282,-42.0462],[-71.7254,-42.1101],[-71.9237,-42.1904],[-71.9575,-42.1413],[-72.0528,-42.1138],[-72.066,-42.1483],[-72.1688,-42.1381],[-72.1878,-42.1652],[-72.1211,-42.3236],[-72.1332,-42.3842],[-72.0298,-42.4065],[-72.0471,-42.4508],[-72.0116,-42.489],[-72.0568,-42.5703],[-72.1185,-42.603],[-72.096,-42.642],[-72.1786,-42.6898],[-72.1286,-42.7309],[-72.165,-42.7987],[-72.1185,-42.8817],[-72.1422,-42.9001],[-72.0363,-43.0136],[-71.9368,-43.0528],[-71.9334,-43.1023],[-71.7298,-43.2012],[-71.7572,-43.2281],[-71.7346,-43.3136],[-71.9048,-43.3223],[-71.8941,-43.3798],[-71.9325,-43.3874],[-71.9341,-43.4501],[-71.8501,-43.4794],[-71.8915,-43.511],[-71.8714,-43.5536],[-71.7766,-43.5387],[-71.7597,-43.584],[-71.7074,-43.5842],[-71.7034,-43.6253],[-71.5808,-43.6518],[-71.5993,-43.6963],[-71.6615,-43.7031],[-71.754,-43.7892],[-71.7629,-43.8409],[-71.7083,-43.8554],[-71.7069,-43.894],[-71.6656,-43.9019],[-71.649,-43.9457],[-71.7546,-44.0965],[-71.8493,-44.1128],[-71.8477,-44.1585],[-71.7802,-44.2171],[-71.8301,-44.2658],[-71.7861,-44.3309],[-71.8402,-44.3505],[-71.815,-44.4163],[-71.7132,-44.3809],[-71.6688,-44.409],[-71.3871,-44.3855],[-71.349,-44.4249],[-71.2425,-44.418],[-71.1295,-44.4716],[-71.1644,-44.5004],[-71.092,-44.5321],[-71.0973,-44.5862],[-71.2009,-44.5916],[-71.2355,-44.6402],[-71.1961,-44.6851],[-71.2061,-44.749],[-71.2925,-44.8137],[-71.4702,-44.7374],[-71.6628,-44.7877],[-71.7838,-44.7513],[-71.8566,-44.8016],[-72.066,-44.7589],[-72.0272,-44.8058],[-72.0695,-44.8494],[-72.0361,-44.9032],[-71.8804,-44.9596],[-71.814,-44.9207],[-71.7535,-44.9267],[-71.7415,-44.9588],[-71.5599,-44.9778],[-71.5578,-45.0308],[-71.5052,-45.0721],[-71.5266,-45.1031],[-71.4175,-45.1579],[-71.3199,-45.2927],[-71.4486,-45.3678],[-71.4383,-45.3958],[-71.5295,-45.393],[-71.5343,-45.4332],[-71.4695,-45.4941],[-71.5605,-45.5235],[-71.6817,-45.5141],[-71.7635,-45.5605],[-71.7267,-45.5771],[-71.7958,-45.6658],[-71.7724,-45.6955],[-71.8014,-45.7196],[-71.7407,-45.807],[-71.7694,-45.8464],[-71.6584,-45.8835],[-71.6119,-45.9633],[-71.7156,-46.0896],[-71.9153,-46.1397],[-71.8665,-46.1573],[-71.8603,-46.1943],[-71.7848,-46.1942],[-71.7263,-46.2751],[-71.7568,-46.346],[-71.6696,-46.5284],[-71.6452,-46.6849],[-71.8328,-46.7965],[-71.9596,-46.8162],[-71.931,-46.8686],[-71.9709,-46.9048],[-71.9582,-46.9743],[-71.8793,-47.0118],[-71.9553,-47.0768],[-71.86,-47.1319],[-71.8505,-47.1639],[-71.8947,-47.211],[-71.8649,-47.2307],[-72.0186,-47.1984],[-71.9969,-47.2948],[-72.0471,-47.3403],[-72.1301,-47.3296],[-72.1972,-47.4167],[-72.2443,-47.406],[-72.342,-47.4559],[-72.2912,-47.5121],[-72.327,-47.5714],[-72.3091,-47.5909],[-72.4205,-47.6612],[-72.4417,-47.7472],[-72.5228,-47.7432],[-72.4669,-47.8136],[-72.5272,-47.9387],[-72.4244,-47.9692],[-72.4432,-48.0652],[-72.3598,-48.0744],[-72.3052,-48.1413],[-72.3238,-48.2194],[-72.2263,-48.3197],[-72.2398,-48.3487],[-72.3797,-48.3509],[-72.3468,-48.3914],[-72.4056,-48.417],[-72.3726,-48.4513],[-72.4405,-48.515],[-72.5859,-48.4874],[-72.5354,-48.6659],[-72.5332,-48.7996],[-72.6402,-48.8674],[-72.6894,-48.8662],[-72.7959,-48.9688],[-72.923,-48.9345],[-72.991,-48.9941],[-73.0045,-49.0635],[-73.1465,-49.1896],[-73.1345,-49.2658],[-73.04,-49.2769],[-73.0975,-49.2839],[-73.0956,-49.3382],[-73.1336,-49.3732],[-73.0351,-49.4226],[-73.0223,-49.5163],[-73.1825,-49.7117],[-73.4866,-49.8117],[-73.5068,-49.8916],[-73.5604,-49.9454],[-73.4454,-49.9645],[-73.4357,-50.0102],[-73.4617,-50.0539],[-73.4975,-50.0499],[-73.4757,-50.0893],[-73.5142,-50.1064],[-73.5218,-50.1537],[-73.4309,-50.1826],[-73.4515,-50.2429],[-73.3623,-50.301],[-73.4378,-50.3436],[-73.4169,-50.3817],[-73.37,-50.3725],[-73.3649,-50.4875],[-73.3372,-50.4971],[-73.3575,-50.5351],[-73.1451,-50.6528],[-73.1984,-50.7403],[-73.1497,-50.7678],[-73.2009,-50.8206],[-73.1439,-50.7806],[-73.0685,-50.7889],[-72.9549,-50.7412],[-72.8953,-50.6714],[-72.7298,-50.615],[-72.5915,-50.6818],[-72.4944,-50.6017],[-72.4114,-50.6375],[-72.3568,-50.6164],[-72.2879,-50.6572],[-72.3495,-50.7527],[-72.2475,-50.8765],[-72.2656,-51.035],[-72.3731,-51.0224],[-72.4097,-51.1075],[-72.3482,-51.2039],[-72.304,-51.201],[-72.2592,-51.2526],[-72.3716,-51.3363],[-72.3089,-51.3661],[-72.3382,-51.4248],[-72.3241,-51.4751],[-72.3511,-51.4845],[-72.3449,-51.5208],[-72.4052,-51.5136],[-72.4413,-51.5847],[-72.3271,-51.5873],[-72.2833,-51.6381],[-72.2972,-51.6993],[-72.1218,-51.7441],[-71.9488,-51.8736],[-71.9318,-51.9198],[-72.0344,-51.9605],[-72.0096,-51.9776],[-71.9226,-51.9999],[-69.9955,-52.0007],[-69.4863,-52.1517],[-69.1901,-52.1504],[-68.838,-52.2778],[-68.4186,-52.3325],[-68.4184,-52.3864],[-68.4831,-52.3394],[-68.9772,-52.2891],[-69.0806,-52.2185],[-69.22,-52.1972],[-69.4565,-52.2658],[-69.484,-52.3876],[-69.5606,-52.4017],[-69.5851,-52.4326],[-69.5433,-52.4549],[-69.6706,-52.538],[-69.8549,-52.4878],[-70.1669,-52.5899],[-70.2117,-52.6521],[-70.3184,-52.6407],[-70.5271,-52.7256],[-70.5658,-52.7124],[-70.5024,-52.6798],[-70.5072,-52.6589],[-70.7128,-52.7593],[-70.7481,-52.7107],[-70.8003,-52.7574],[-70.9209,-52.7103],[-71.0004,-52.75],[-70.9936,-52.8054],[-70.9004,-52.7301],[-70.866,-52.7604],[-70.7891,-52.7598],[-70.8342,-52.7746],[-70.8006,-52.7873],[-70.7358,-52.7833],[-70.811,-52.8211],[-70.8459,-52.9101],[-70.8929,-52.9176],[-70.7818,-52.9371],[-70.825,-52.9606],[-70.816,-53.0065],[-70.8795,-53.1043],[-70.8543,-53.1303],[-70.9378,-53.2051],[-70.9356,-53.3153],[-70.9887,-53.3905],[-70.9121,-53.6326],[-70.9482,-53.6213],[-70.9419,-53.6555],[-70.9731,-53.6741],[-70.9724,-53.7857],[-71.3117,-53.8957],[-71.8521,-53.7481],[-71.9247,-53.7005],[-71.8817,-53.6813],[-71.9371,-53.7033],[-71.9396,-53.7195],[-72.0002,-53.6833],[-72.0363,-53.7056],[-72.1125,-53.6826],[-72.3005,-53.5748],[-72.26,-53.5321],[-72.3143,-53.5613],[-72.3492,-53.5451],[-72.4784,-53.399],[-72.4159,-53.3699],[-72.4444,-53.3253],[-72.3076,-53.2538],[-72.1182,-53.2536],[-72.113,-53.3871],[-72.1542,-53.3846],[-72.2016,-53.4317],[-72.2854,-53.4284],[-72.2197,-53.4518],[-72.0974,-53.4158],[-72.0766,-53.3861],[-72.0178,-53.3784],[-72.0446,-53.2856],[-72.0208,-53.2339],[-71.8691,-53.226],[-71.8256,-53.2744],[-71.8278,-53.3631],[-71.7663,-53.4377],[-71.7845,-53.4327],[-71.8078,-53.4677],[-71.9076,-53.4981],[-71.9156,-53.5154],[-71.9896,-53.5202],[-72.0544,-53.5417],[-71.9945,-53.567],[-71.8709,-53.5416],[-71.8091,-53.5154],[-71.7484,-53.4494],[-71.7834,-53.3059],[-71.7473,-53.3156],[-71.7684,-53.2871],[-71.7424,-53.211],[-71.6139,-53.2044],[-71.589,-53.1661],[-71.3579,-53.1232],[-71.2446,-52.9883],[-71.117,-52.911],[-71.1729,-52.8087],[-71.3705,-52.8032],[-71.3841,-52.72],[-71.5592,-52.5629],[-71.9238,-52.5433],[-72.0335,-52.5641],[-72.1061,-52.529],[-72.1063,-52.5573],[-72.1208,-52.5172],[-72.1384,-52.5444],[-72.1571,-52.521],[-72.2384,-52.5514],[-72.3221,-52.5325],[-72.4441,-52.631],[-72.3994,-52.6279],[-72.4311,-52.6755],[-72.5636,-52.6059],[-72.4907,-52.5559],[-72.3813,-52.5567],[-72.4018,-52.5086],[-72.5711,-52.5896],[-72.6577,-52.5589],[-72.6073,-52.5237],[-72.7712,-52.578],[-72.865,-52.5422],[-72.843,-52.574],[-72.8989,-52.585],[-72.8244,-52.5923],[-72.9295,-52.5875],[-72.8702,-52.6132],[-72.9948,-52.7569],[-72.856,-52.6185],[-72.7864,-52.6219],[-72.8096,-52.6476],[-72.7564,-52.6231],[-72.7736,-52.6501],[-72.7393,-52.6369],[-72.7216,-52.6601],[-72.6724,-52.682],[-72.871,-52.8171],[-72.9385,-52.7917],[-72.9202,-52.8137],[-73.0506,-52.8511],[-72.9349,-52.9139],[-72.9755,-52.9415],[-72.9397,-53.0026],[-72.9854,-53.0733],[-73.0424,-53.0413],[-73.0254,-53.0736],[-73.1374,-53.1148],[-73.1826,-53.0626],[-73.1506,-53.0269],[-73.2071,-53.0218],[-73.1779,-53.0345],[-73.2134,-53.0367],[-73.1838,-53.0453],[-73.1993,-53.0802],[-73.1628,-53.0956],[-73.2143,-53.1127],[-73.4488,-53.0216],[-73.2839,-53.0104],[-73.3869,-52.9805],[-73.3208,-52.9531],[-73.2834,-52.9706],[-73.2945,-52.9533],[-73.2347,-52.9818],[-73.2741,-52.9529],[-73.2291,-52.95],[-73.2237,-52.9198],[-73.1449,-52.9213],[-73.1745,-52.9035],[-73.2361,-52.9173],[-73.2723,-52.9383],[-73.3079,-52.9193],[-73.2794,-52.9035],[-73.276,-52.8938],[-73.3297,-52.9221],[-73.3635,-52.875],[-73.4407,-52.8797],[-73.5732,-52.815],[-73.4935,-52.793],[-73.4214,-52.8189],[-73.4757,-52.8448],[-73.4061,-52.8196],[-73.3865,-52.7957],[-73.3573,-52.8117],[-73.3861,-52.8469],[-73.297,-52.8008],[-73.2415,-52.8311],[-73.2534,-52.8119],[-73.1992,-52.7936],[-73.2499,-52.8023],[-73.25,-52.7619],[-73.3006,-52.7857],[-73.2901,-52.7265],[-73.2647,-52.7622],[-73.2366,-52.7037],[-73.3048,-52.7049],[-73.3753,-52.5597],[-73.3959,-52.5737],[-73.3618,-52.6131],[-73.4045,-52.5968],[-73.3555,-52.6211],[-73.3581,-52.6586],[-73.4294,-52.6866],[-73.4133,-52.6609],[-73.4412,-52.6476],[-73.4643,-52.6954],[-73.5244,-52.673],[-73.5022,-52.6872],[-73.5044,-52.7168],[-73.5069,-52.6976],[-73.5346,-52.6986],[-73.5726,-52.7239],[-73.5753,-52.7384],[-73.6528,-52.7248],[-73.6434,-52.7573],[-73.6647,-52.7525],[-73.6934,-52.7616],[-73.6976,-52.7548],[-73.7222,-52.7559],[-73.6519,-52.7103],[-73.631,-52.6781],[-73.6053,-52.6903],[-73.5487,-52.6569],[-73.6682,-52.6346],[-73.607,-52.5784],[-73.5614,-52.5917],[-73.621,-52.5511],[-73.5248,-52.5886],[-73.579,-52.5248],[-73.5393,-52.4891],[-73.4528,-52.5135],[-73.5396,-52.4773],[-73.5046,-52.456],[-73.4964,-52.4245],[-73.553,-52.4756],[-73.5679,-52.4601],[-73.5964,-52.4642],[-73.5853,-52.4423],[-73.6407,-52.4489],[-73.6447,-52.3972],[-73.5498,-52.391],[-73.5783,-52.3416],[-73.5343,-52.3406],[-73.5993,-52.2988],[-73.5505,-52.2132],[-73.5992,-52.2075],[-73.5912,-52.1585],[-73.6273,-52.1746],[-73.7333,-52.0447],[-73.6641,-52.0353],[-73.6721,-52.0692],[-73.587,-52.1274],[-73.5856,-52.1616],[-73.5413,-52.1445],[-73.5361,-52.1906],[-73.4702,-52.1687],[-73.5189,-52.1399],[-73.4522,-52.1329],[-73.3635,-52.2216],[-73.2522,-52.2003],[-73.2274,-52.111],[-73.1638,-52.1182],[-73.1564,-52.1446],[-73.1234,-52.1008],[-73.003,-52.0599],[-73.0127,-52.1492],[-73.1189,-52.1309],[-73.1407,-52.1474],[-73.0576,-52.1603],[-73.1241,-52.2153],[-73.1078,-52.2166],[-73.1342,-52.2319],[-73.0895,-52.2404],[-73.0575,-52.1835],[-72.9963,-52.1812],[-72.9318,-52.2257],[-72.9973,-52.3047],[-72.9736,-52.299],[-72.9608,-52.2789],[-72.9013,-52.2972],[-72.9141,-52.2698],[-72.8779,-52.2811],[-72.8152,-52.0874],[-72.7382,-52.0818],[-72.7639,-52.0574],[-72.8371,-52.0859],[-72.9126,-52.2217],[-72.9783,-52.1473],[-72.9581,-52.0489],[-72.9373,-52.0316],[-72.9113,-52.0826],[-72.8985,-51.9799],[-72.8198,-51.9393],[-72.7709,-51.948],[-72.7277,-51.9965],[-72.7132,-52.0912],[-72.6565,-52.1367],[-72.6507,-52.1059],[-72.6242,-52.1141],[-72.526,-52.2202],[-72.5657,-52.2301],[-72.6236,-52.383],[-72.6839,-52.3457],[-72.7183,-52.3506],[-72.7507,-52.4053],[-72.7794,-52.3983],[-72.8076,-52.4055],[-72.7849,-52.4281],[-72.8463,-52.4041],[-72.8301,-52.4412],[-72.9914,-52.4914],[-72.93,-52.5058],[-72.7341,-52.4336],[-72.6176,-52.4597],[-72.6722,-52.4379],[-72.6308,-52.4397],[-72.5572,-52.4872],[-72.5192,-52.4504],[-72.677,-52.4147],[-72.5494,-52.3827],[-72.516,-52.3478],[-72.5192,-52.2611],[-72.474,-52.2165],[-72.6655,-52.0515],[-72.6616,-51.954],[-72.6208,-51.9096],[-72.5711,-51.9717],[-72.5746,-51.9225],[-72.5331,-51.9487],[-72.464,-51.9221],[-72.4597,-51.8812],[-72.5124,-51.8366],[-72.4528,-51.7768],[-72.5142,-51.7031],[-72.6472,-51.6634],[-72.6417,-51.6178],[-72.6901,-51.5626],[-72.6522,-51.625],[-72.6667,-51.6537],[-72.706,-51.569],[-73.032,-51.4962],[-73.0901,-51.4496],[-73.0777,-51.4137],[-73.1774,-51.4663],[-73.2434,-51.4594],[-73.2671,-51.4905],[-73.2055,-51.5116],[-73.1304,-51.4772],[-73.0553,-51.4931],[-73.0341,-51.5321],[-73.1134,-51.6049],[-72.9995,-51.51],[-72.9292,-51.5635],[-72.7485,-51.6032],[-72.6879,-51.6958],[-72.6443,-51.68],[-72.5257,-51.7375],[-72.6071,-51.815],[-72.7262,-51.8346],[-72.8177,-51.76],[-72.9059,-51.7694],[-72.9026,-51.7544],[-72.9196,-51.7404],[-72.9687,-51.7728],[-72.993,-51.7254],[-73.0785,-51.6799],[-73.1301,-51.7023],[-73.1482,-51.6696],[-73.1934,-51.6818],[-73.2035,-51.5964],[-73.2317,-51.6243],[-73.2939,-51.5714],[-73.2905,-51.6111],[-73.225,-51.6458],[-73.2239,-51.673],[-73.2531,-51.6714],[-73.2837,-51.6928],[-73.2254,-51.6809],[-73.1407,-51.7195],[-73.0912,-51.6961],[-72.9999,-51.7848],[-73.0273,-51.8043],[-73.0746,-51.7506],[-73.1643,-51.7692],[-73.1456,-51.7869],[-73.0739,-51.7547],[-73.0354,-51.8218],[-73.0759,-51.863],[-73.2107,-51.8923],[-73.0982,-51.8865],[-72.9815,-51.7987],[-72.9133,-51.8504],[-72.936,-51.8917],[-72.971,-51.8851],[-73.1239,-51.9382],[-73.1632,-52.0117],[-73.1309,-52.0792],[-73.2298,-52.1004],[-73.2579,-51.9293],[-73.2713,-51.9055],[-73.2933,-51.9041],[-73.2946,-51.8757],[-73.2792,-51.8876],[-73.2612,-51.8829],[-73.2908,-51.8697],[-73.3352,-51.6972],[-73.4003,-51.6383],[-73.3066,-51.8462],[-73.3458,-51.8367],[-73.3091,-51.8663],[-73.261,-52.097],[-73.2687,-52.1607],[-73.2985,-52.1607],[-73.5589,-52.0281],[-73.5932,-51.9261],[-73.5459,-51.9344],[-73.6404,-51.8638],[-73.6434,-51.8197],[-73.593,-51.8017],[-73.4912,-51.9405],[-73.5281,-51.9417],[-73.4714,-51.9572],[-73.3995,-52.0497],[-73.3689,-52.0424],[-73.4797,-51.8986],[-73.4194,-51.9007],[-73.4794,-51.8878],[-73.5418,-51.8083],[-73.4934,-51.7997],[-73.5474,-51.7981],[-73.5941,-51.7512],[-73.5043,-51.7224],[-73.4441,-51.6758],[-73.4855,-51.6834],[-73.548,-51.7199],[-73.5549,-51.6796],[-73.5625,-51.7177],[-73.6107,-51.7197],[-73.6199,-51.6422],[-73.7049,-51.7933],[-73.7554,-51.737],[-73.7381,-51.7191],[-73.8134,-51.7058],[-73.7948,-51.6654],[-73.826,-51.6655],[-73.7365,-51.6476],[-73.8791,-51.6325],[-73.862,-51.6185],[-73.8931,-51.6068],[-73.9198,-51.6242],[-73.9094,-51.5705],[-73.8145,-51.5918],[-73.8655,-51.5771],[-73.855,-51.5447],[-73.781,-51.5479],[-73.9148,-51.5391],[-73.9226,-51.5136],[-73.8835,-51.5106],[-73.9223,-51.5],[-73.9069,-51.4628],[-73.9127,-51.4514],[-73.938,-51.4395],[-73.9029,-51.4119],[-73.9595,-51.4144],[-73.9134,-51.4067],[-73.8929,-51.3682],[-73.8577,-51.4035],[-73.8089,-51.3921],[-73.7504,-51.4763],[-73.7479,-51.4377],[-73.7246,-51.4525],[-73.6554,-51.5436],[-73.653,-51.605],[-73.6213,-51.6327],[-73.5841,-51.618],[-73.6671,-51.5131],[-73.6804,-51.4772],[-73.6528,-51.522],[-73.5752,-51.5435],[-73.5753,-51.5139],[-73.6347,-51.5117],[-73.6356,-51.4599],[-73.559,-51.4494],[-73.6791,-51.4305],[-73.7147,-51.3164],[-73.6836,-51.296],[-73.7864,-51.2215],[-73.7203,-51.1876],[-73.6896,-51.2764],[-73.6613,-51.2794],[-73.6915,-51.2077],[-73.6631,-51.2152],[-73.654,-51.2046],[-73.7083,-51.177],[-73.6734,-51.1409],[-73.7116,-51.1325],[-73.7237,-51.1636],[-73.7416,-51.1184],[-73.8264,-51.0629],[-73.7492,-51.1746],[-73.8885,-51.2554],[-73.9597,-51.1668],[-73.9219,-51.125],[-73.9783,-51.1532],[-73.9965,-51.1111],[-74.014,-51.2114],[-74.1119,-51.1939],[-74.1299,-51.1065],[-74.1062,-51.1001],[-74.1063,-51.0922],[-74.1444,-51.0648],[-74.0768,-50.9973],[-74.0337,-51.0009],[-74.0758,-50.9815],[-74.0377,-50.9494],[-74.0961,-50.9561],[-74.097,-50.9712],[-74.093,-50.9808],[-74.0967,-50.9913],[-74.1981,-51.0566],[-74.233,-50.9826],[-74.1956,-50.9587],[-74.2434,-50.967],[-74.2313,-50.9224],[-74.1583,-50.8762],[-73.9238,-50.9054],[-73.9421,-50.8777],[-73.89,-50.869],[-73.8459,-50.9241],[-73.8708,-50.9386],[-73.6761,-50.9546],[-73.6757,-50.9283],[-73.7876,-50.9215],[-73.877,-50.845],[-73.834,-50.7989],[-73.7586,-50.8329],[-73.7172,-50.827],[-73.7877,-50.7995],[-73.7707,-50.7436],[-73.798,-50.6831],[-73.6381,-50.6334],[-73.6085,-50.6755],[-73.5556,-50.662],[-73.5312,-50.7153],[-73.5109,-50.7089],[-73.5337,-50.6651],[-73.3508,-50.6794],[-73.5326,-50.6575],[-73.5686,-50.636],[-73.5599,-50.5912],[-73.5777,-50.6245],[-73.6545,-50.6152],[-73.7462,-50.543],[-73.6987,-50.4929],[-73.6255,-50.5022],[-73.5746,-50.4723],[-73.5586,-50.3767],[-73.6322,-50.4919],[-73.7109,-50.4887],[-73.7665,-50.5212],[-73.8308,-50.6787],[-73.8224,-50.7749],[-73.909,-50.7924],[-73.9314,-50.8452],[-74.0062,-50.8291],[-74.029,-50.8506],[-74.1255,-50.7654],[-74.0466,-50.7269],[-74.0519,-50.691],[-74.125,-50.6876],[-74.1072,-50.7069],[-74.1108,-50.7445],[-74.1298,-50.7574],[-74.2278,-50.5867],[-74.1612,-50.5487],[-74.0913,-50.605],[-74.0876,-50.5788],[-74.1315,-50.5416],[-74.2312,-50.5579],[-74.2978,-50.4678],[-74.1764,-50.468],[-74.1462,-50.5356],[-74.1049,-50.5097],[-74.1476,-50.5149],[-74.1637,-50.4802],[-73.9956,-50.5313],[-73.987,-50.5981],[-73.9705,-50.5326],[-73.8616,-50.5579],[-74.0065,-50.5136],[-74.0063,-50.4577],[-74.0459,-50.494],[-74.1583,-50.4321],[-74.0874,-50.4173],[-74.0507,-50.3773],[-73.9808,-50.3832],[-73.9664,-50.3652],[-74.0644,-50.364],[-74.1005,-50.4118],[-74.2152,-50.4129],[-74.2591,-50.4364],[-74.2001,-50.4405],[-74.246,-50.4466],[-74.3253,-50.4051],[-74.2935,-50.342],[-74.2487,-50.3173],[-74.2445,-50.3307],[-74.1769,-50.3441],[-74.1364,-50.3305],[-74.1753,-50.3396],[-74.2492,-50.3157],[-74.2717,-50.3235],[-74.2504,-50.3018],[-74.2807,-50.3111],[-74.263,-50.2752],[-74.2901,-50.2403],[-74.3109,-50.2433],[-74.2943,-50.3033],[-74.3521,-50.386],[-74.3779,-50.3605],[-74.4732,-50.3473],[-74.4227,-50.3137],[-74.4795,-50.3379],[-74.5484,-50.295],[-74.4627,-50.2654],[-74.5434,-50.266],[-74.5583,-50.2539],[-74.5291,-50.2402],[-74.5352,-50.2282],[-74.6336,-50.2353],[-74.5723,-50.1735],[-74.6407,-50.2212],[-74.7041,-50.2044],[-74.6813,-50.1609],[-74.5738,-50.1039],[-74.5196,-50.1135],[-74.5528,-50.1547],[-74.4984,-50.143],[-74.4809,-50.1252],[-74.5243,-50.0788],[-74.4658,-50.0811],[-74.4634,-50.1097],[-74.3554,-50.0914],[-74.3583,-50.1298],[-74.3452,-50.079],[-74.2593,-50.1285],[-74.3526,-50.1907],[-74.2446,-50.1487],[-74.2604,-50.1933],[-74.2086,-50.2012],[-74.1639,-50.2838],[-74.1651,-50.2461],[-74.096,-50.2218],[-74.0017,-50.277],[-73.8491,-50.2891],[-73.9773,-50.2624],[-74.0697,-50.1947],[-74.1642,-50.2067],[-74.2067,-50.1572],[-74.1556,-50.1427],[-74.1548,-50.1253],[-74.202,-50.1449],[-74.2319,-50.063],[-74.2732,-50.0751],[-74.3585,-49.9877],[-74.3154,-49.9683],[-74.3467,-49.9593],[-74.3144,-49.9242],[-74.296,-49.9744],[-74.2126,-49.942],[-74.1892,-49.9869],[-74.1569,-49.9677],[-74.1149,-50.0155],[-74.0848,-49.9946],[-74.0296,-50.0186],[-74.032,-50.0583],[-73.9919,-50.027],[-73.9755,-50.0746],[-73.9793,-50.0343],[-73.8571,-50.0392],[-73.8677,-50.0037],[-74.0132,-49.9965],[-73.944,-49.9248],[-73.8298,-49.9261],[-73.8054,-49.917],[-73.8991,-49.9142],[-73.8133,-49.8317],[-73.8805,-49.8584],[-73.9121,-49.9171],[-73.9758,-49.9073],[-74.0213,-49.9832],[-74.0948,-49.9681],[-74.1619,-49.8942],[-74.1764,-49.9173],[-74.186,-49.9],[-74.2093,-49.9155],[-74.2431,-49.9132],[-74.2219,-49.8914],[-74.2758,-49.9061],[-74.327,-49.882],[-74.3186,-49.7812],[-74.3003,-49.8082],[-74.2237,-49.7578],[-74.0684,-49.743],[-74.0449,-49.7663],[-74.0207,-49.7759],[-74.0509,-49.7495],[-74.021,-49.7198],[-74.2498,-49.7349],[-74.2799,-49.7663],[-74.3067,-49.6435],[-74.2202,-49.6177],[-74.2098,-49.5794],[-74.1366,-49.5617],[-74.1517,-49.592],[-74.067,-49.5393],[-73.9773,-49.5757],[-74.0309,-49.6504],[-73.9643,-49.5601],[-73.8963,-49.5517],[-73.8605,-49.6491],[-73.7991,-49.667],[-73.7896,-49.7122],[-73.7616,-49.6932],[-73.7839,-49.6572],[-73.7022,-49.7241],[-73.6949,-49.8038],[-73.6449,-49.7159],[-73.7411,-49.675],[-73.6549,-49.6857],[-73.6167,-49.6713],[-73.5975,-49.6313],[-73.6578,-49.6791],[-73.7241,-49.6756],[-73.7401,-49.6478],[-73.8089,-49.6438],[-73.8431,-49.5476],[-73.9052,-49.5095],[-74.074,-49.5048],[-74.0474,-49.2836],[-74.0061,-49.2565],[-73.9213,-49.327],[-73.7931,-49.3533],[-73.7815,-49.401],[-73.7684,-49.3971],[-73.7835,-49.3474],[-73.9012,-49.3154],[-73.9081,-49.2843],[-73.9183,-49.3124],[-73.9537,-49.2538],[-74.0376,-49.223],[-74.0799,-49.245],[-74.1218,-49.1843],[-74.1175,-49.2127],[-74.1428,-49.198],[-74.1585,-49.2004],[-74.1049,-49.2258],[-74.0948,-49.2673],[-74.1471,-49.417],[-74.1494,-49.5341],[-74.2148,-49.535],[-74.3065,-49.4368],[-74.2862,-49.4154],[-74.3374,-49.4262],[-74.3904,-49.3897],[-74.3612,-49.4055],[-74.3841,-49.362],[-74.3421,-49.3121],[-74.3615,-49.1723],[-74.3311,-49.185],[-74.2938,-49.183],[-74.3425,-49.167],[-74.3684,-49.1117],[-74.344,-49.0536],[-74.3743,-49.0512],[-74.3809,-49.0916],[-74.4153,-49.0633],[-74.4195,-48.9862],[-74.4105,-48.971],[-74.4001,-48.9827],[-74.3913,-48.9792],[-74.386,-48.9664],[-74.3781,-48.9947],[-74.3592,-48.9853],[-74.3684,-48.9214],[-74.2783,-48.9404],[-74.3545,-48.8979],[-74.3864,-48.8952],[-74.4033,-48.8793],[-74.3414,-48.8625],[-74.4022,-48.8466],[-74.3925,-48.7833],[-74.325,-48.7442],[-74.325,-48.7045],[-74.3043,-48.7424],[-74.3016,-48.7131],[-74.2583,-48.7417],[-74.1534,-48.7002],[-74.0262,-48.7386],[-73.9619,-48.7207],[-73.9837,-48.7036],[-74.0206,-48.7211],[-74.083,-48.6913],[-74.1604,-48.6886],[-74.2415,-48.7184],[-74.2735,-48.7005],[-74.2587,-48.6785],[-74.2391,-48.6819],[-74.1954,-48.6665],[-74.1743,-48.6391],[-74.2365,-48.675],[-74.25,-48.6228],[-74.3017,-48.6757],[-74.3331,-48.6507],[-74.313,-48.6242],[-74.3587,-48.587],[-74.2343,-48.5156],[-74.1938,-48.5364],[-74.1681,-48.5345],[-74.2263,-48.5057],[-74.1465,-48.4661],[-73.9062,-48.5783],[-74.0017,-48.5144],[-73.9772,-48.4945],[-73.9799,-48.4297],[-73.8368,-48.4073],[-73.9764,-48.4066],[-74.0913,-48.3483],[-74.204,-48.3418],[-73.9174,-48.3075],[-74.1001,-48.3026],[-74.2258,-48.3332],[-74.1852,-48.2836],[-74.2646,-48.2329],[-74.2561,-48.1935],[-74.2756,-48.213],[-74.371,-48.1859],[-74.4696,-48.0876],[-74.3771,-48.0549],[-74.418,-48.0574],[-74.3577,-48.0004],[-74.4684,-48.0792],[-74.4936,-48.0884],[-74.4392,-48.0504],[-74.5366,-48.0906],[-74.5983,-48.0574],[-74.6071,-47.9985],[-74.4892,-47.928],[-74.2893,-47.9986],[-74.2738,-48.0281],[-74.3014,-48.0196],[-74.2051,-48.1562],[-74.2079,-48.2015],[-74.2293,-48.1938],[-74.2143,-48.2552],[-74.1935,-48.1785],[-74.1362,-48.2345],[-74.0553,-48.1938],[-74.1321,-48.2234],[-74.1467,-48.2221],[-74.1418,-48.1905],[-74.1906,-48.1472],[-74.1604,-48.1358],[-74.1934,-48.1374],[-74.2579,-47.9993],[-74.214,-47.9926],[-74.2116,-48.0133],[-74.1972,-48.0204],[-74.2054,-47.9926],[-74.1491,-47.9821],[-74.1372,-48.0405],[-74.1111,-48.0756],[-74.1417,-47.9813],[-74.0768,-48.0075],[-74.1064,-47.978],[-73.9884,-47.9724],[-73.9881,-48.0126],[-74.0531,-47.9797],[-73.9916,-48.0231],[-73.96,-48.007],[-73.9168,-48.039],[-73.8221,-48.0201],[-73.8346,-48.1088],[-73.795,-48.0538],[-73.7263,-48.0404],[-73.7113,-48.0241],[-73.708,-48.0684],[-73.7595,-48.1113],[-73.7452,-48.1454],[-73.7106,-48.0865],[-73.7059,-48.0915],[-73.6711,-48.0849],[-73.6229,-48.1191],[-73.566,-48.1169],[-73.5337,-48.1769],[-73.5906,-48.2334],[-73.5925,-48.2517],[-73.537,-48.1886],[-73.5144,-48.2425],[-73.4526,-48.2477],[-73.5016,-48.3612],[-73.4255,-48.2616],[-73.4882,-48.204],[-73.4223,-48.1648],[-73.3401,-48.2146],[-73.2285,-48.1487],[-73.222,-48.013],[-73.25,-48.0356],[-73.2491,-48.1299],[-73.3217,-48.1745],[-73.4485,-48.1246],[-73.5585,-48.021],[-73.4619,-47.9781],[-73.5917,-47.9998],[-73.6199,-47.9499],[-73.6076,-47.8659],[-73.5022,-47.8838],[-73.5023,-47.9253],[-73.4002,-47.9705],[-73.3013,-47.952],[-73.1957,-47.9778],[-73.1864,-47.9572],[-73.4292,-47.9445],[-73.4935,-47.9056],[-73.4578,-47.8958],[-73.4738,-47.8767],[-73.4423,-47.8605],[-73.4437,-47.8396],[-73.471,-47.8632],[-73.4784,-47.8392],[-73.5405,-47.8178],[-73.5341,-47.7859],[-73.5632,-47.7835],[-73.5373,-47.7751],[-73.6715,-47.767],[-73.7014,-47.6936],[-73.633,-47.6207],[-73.5867,-47.6151],[-73.6232,-47.6028],[-73.6737,-47.6165],[-73.7194,-47.6626],[-73.7372,-47.7245],[-73.7131,-47.7709],[-73.8828,-47.8307],[-73.9328,-47.8066],[-73.9929,-47.8069],[-74.0043,-47.7498],[-74.1497,-47.782],[-74.3659,-47.7525],[-74.2584,-47.7522],[-74.3129,-47.726],[-74.5051,-47.7693],[-74.4023,-47.7033],[-74.4088,-47.6948],[-74.4332,-47.6887],[-74.5016,-47.7289],[-74.499,-47.7428],[-74.4082,-47.6987],[-74.5129,-47.765],[-74.6367,-47.7389],[-74.5765,-47.7491],[-74.6201,-47.7252],[-74.5572,-47.6837],[-74.677,-47.7212],[-74.6865,-47.6926],[-74.6313,-47.6626],[-74.6213,-47.6168],[-74.5559,-47.6217],[-74.6154,-47.6476],[-74.5262,-47.6266],[-74.6037,-47.5875],[-74.5012,-47.5136],[-74.4635,-47.5211],[-74.4823,-47.5951],[-74.4467,-47.6012],[-74.4567,-47.5521],[-74.4205,-47.522],[-74.3657,-47.5444],[-74.348,-47.6052],[-74.4708,-47.6771],[-74.522,-47.6605],[-74.5004,-47.6411],[-74.5033,-47.6243],[-74.5668,-47.6371],[-74.5183,-47.6428],[-74.5439,-47.6776],[-74.4162,-47.677],[-74.2855,-47.6323],[-74.265,-47.7081],[-74.1563,-47.7527],[-74.0633,-47.7246],[-74.2145,-47.7225],[-74.257,-47.6969],[-74.2508,-47.64],[-74.0969,-47.6567],[-74.0291,-47.6287],[-74.2529,-47.6282],[-74.2149,-47.6239],[-74.2395,-47.6076],[-74.0203,-47.6101],[-73.937,-47.5842],[-74.0976,-47.5876],[-74.0044,-47.5156],[-73.9011,-47.4998],[-73.8972,-47.4925],[-73.9053,-47.4855],[-74.0253,-47.5133],[-74.1171,-47.5807],[-74.2882,-47.5808],[-74.2801,-47.5129],[-74.1294,-47.4933],[-74.0659,-47.442],[-74.1204,-47.4648],[-74.1394,-47.4858],[-74.2956,-47.5087],[-74.3399,-47.4869],[-74.3735,-47.5014],[-74.3121,-47.5142],[-74.3268,-47.5311],[-74.4255,-47.4759],[-74.402,-47.4416],[-74.2894,-47.4448],[-74.2071,-47.3914],[-74.2392,-47.3987],[-74.227,-47.3789],[-74.3096,-47.4427],[-74.4106,-47.432],[-74.4187,-47.3911],[-74.4459,-47.4594],[-74.4822,-47.4373],[-74.4831,-47.3982],[-74.4579,-47.4079],[-74.381,-47.2798],[-74.3315,-47.2723],[-74.2599,-47.1918],[-74.2344,-47.225],[-74.2026,-47.2076],[-74.2411,-47.1864],[-74.1811,-47.2146],[-74.195,-47.3542],[-74.1772,-47.3449],[-74.159,-47.3579],[-74.1434,-47.3638],[-74.1385,-47.3618],[-74.1892,-47.3338],[-74.1658,-47.2044],[-74.1955,-47.1952],[-74.1463,-47.1859],[-74.1043,-47.197],[-74.0809,-47.2828],[-74.1215,-47.3047],[-74.0828,-47.3052],[-74.0356,-47.3747],[-74.0673,-47.3152],[-74.0419,-47.2893],[-74.0819,-47.2686],[-74.0426,-47.2724],[-74.0776,-47.258],[-74.0937,-47.1936],[-74.0223,-47.1588],[-74.0083,-47.2216],[-74.015,-47.1556],[-73.9868,-47.1559],[-74.0074,-47.1417],[-73.9753,-47.0913],[-74.0917,-47.1686],[-74.0996,-47.1459],[-74.1427,-47.1648],[-74.1328,-47.1413],[-74.1948,-47.1176],[-74.1939,-47.084],[-74.1333,-46.9964],[-74.0688,-47.0031],[-74.0482,-47.0498],[-74.0072,-46.9631],[-73.9556,-46.9618],[-74.0062,-46.9467],[-74.0618,-46.9845],[-74.224,-46.8197],[-74.3711,-46.7791],[-74.3315,-46.77],[-74.3237,-46.7858],[-74.2556,-46.8002],[-74.1923,-46.7979],[-74.2189,-46.7918],[-74.1996,-46.7874],[-74.2041,-46.7683],[-74.2183,-46.7682],[-74.2286,-46.7739],[-74.209,-46.7541],[-74.2779,-46.7673],[-74.2921,-46.7289],[-74.3093,-46.7461],[-74.2881,-46.7551],[-74.3021,-46.7702],[-74.4671,-46.7147],[-74.5648,-46.7181],[-74.4246,-46.7667],[-74.5006,-46.7907],[-74.5752,-46.7736],[-74.6352,-46.8387],[-74.6641,-46.8123],[-74.6806,-46.8072],[-74.6932,-46.816],[-74.6328,-46.8447],[-74.5217,-46.824],[-74.3856,-46.8481],[-74.4011,-46.9003],[-74.5886,-46.8552],[-74.6344,-46.8756],[-74.6422,-46.8407],[-74.7761,-46.7799],[-74.7233,-46.7458],[-74.7691,-46.7656],[-74.7783,-46.7762],[-74.7799,-46.8047],[-74.7905,-46.8105],[-74.8402,-46.7679],[-74.9564,-46.7498],[-75.0249,-46.6829],[-75.0408,-46.6188],[-74.9188,-46.5066],[-74.8956,-46.4348],[-74.9399,-46.448],[-74.9377,-46.4818],[-74.9882,-46.5116],[-74.9993,-46.5355],[-75.0075,-46.5137],[-75.0162,-46.511],[-75.0374,-46.5773],[-75.1509,-46.6378],[-75.1574,-46.593],[-75.1849,-46.565],[-75.1651,-46.5997],[-75.1929,-46.6014],[-75.1915,-46.6365],[-75.2964,-46.6347],[-75.2837,-46.6599],[-75.3231,-46.6736],[-75.3569,-46.6195],[-75.4802,-46.6757],[-75.505,-46.7219],[-75.5409,-46.7148],[-75.5128,-46.7361],[-75.5736,-46.8101],[-75.4961,-46.7871],[-75.5252,-46.7673],[-75.4796,-46.7143],[-75.3207,-46.7255],[-75.3445,-46.7459],[-75.3841,-46.7227],[-75.3859,-46.738],[-75.3674,-46.7498],[-75.4187,-46.8033],[-75.3518,-46.7642],[-75.3784,-46.7991],[-75.3271,-46.7773],[-75.2956,-46.8139],[-75.3898,-46.8793],[-75.3127,-46.8516],[-75.2611,-46.8733],[-75.2945,-46.843],[-75.2821,-46.8179],[-75.2585,-46.8457],[-75.2533,-46.9026],[-75.3141,-46.9336],[-75.4917,-46.9547],[-75.4982,-46.9051],[-75.5746,-46.8847],[-75.5824,-46.8252],[-75.6409,-46.8031],[-75.649,-46.7191],[-75.6255,-46.6484],[-75.5921,-46.6432],[-75.591,-46.5834],[-75.4554,-46.6216],[-75.4867,-46.5694],[-75.4225,-46.5821],[-75.502,-46.5251],[-75.3941,-46.5364],[-75.3823,-46.4962],[-75.3207,-46.4992],[-75.3505,-46.4312],[-75.3182,-46.4606],[-75.2863,-46.4627],[-75.3366,-46.4313],[-75.2508,-46.4111],[-75.2587,-46.3859],[-75.2197,-46.3714],[-75.1694,-46.3829],[-75.1863,-46.367],[-75.15,-46.3257],[-75.1725,-46.3038],[-75.0126,-46.3731],[-74.8627,-46.3681],[-75.0427,-46.3513],[-75.0994,-46.3262],[-75.1036,-46.2908],[-74.9913,-46.2922],[-75.0736,-46.2666],[-75.0024,-46.2143],[-74.856,-46.3011],[-74.9187,-46.2321],[-74.8925,-46.1744],[-74.8332,-46.1915],[-74.874,-46.1605],[-74.7866,-46.1687],[-74.7348,-46.2276],[-74.7398,-46.1893],[-74.633,-46.1711],[-74.7531,-46.1665],[-74.7734,-46.1265],[-74.7351,-46.0784],[-74.7501,-46.0543],[-74.6322,-46.0398],[-74.5865,-46.0564],[-74.5491,-46.05],[-74.5751,-46.0264],[-74.591,-46.0519],[-74.6252,-46.0309],[-74.7067,-46.0324],[-74.666,-46.0057],[-74.692,-45.9461],[-74.6716,-45.9045],[-74.7026,-45.9248],[-74.7072,-45.9646],[-74.7381,-45.9604],[-74.6999,-45.9712],[-74.7229,-46.0086],[-74.8086,-46.0554],[-74.8501,-46.0338],[-74.8282,-46.0677],[-74.8676,-46.1103],[-75.014,-46.1126],[-75.0557,-46.0404],[-74.8572,-46.0265],[-74.8084,-45.9965],[-75.0031,-46.0053],[-75.0332,-45.9909],[-74.987,-45.9929],[-74.9669,-45.9563],[-74.9106,-45.9693],[-74.9715,-45.9522],[-75.004,-45.9648],[-74.9928,-45.9866],[-75.045,-45.9775],[-75.0571,-45.9563],[-75.0307,-45.9497],[-75.0717,-45.9324],[-75.0726,-45.8784],[-75.0057,-45.8608],[-74.9612,-45.9203],[-74.9459,-45.8877],[-74.9125,-45.9201],[-74.7854,-45.9531],[-74.94,-45.8666],[-74.8415,-45.9032],[-74.8413,-45.8714],[-74.8349,-45.8878],[-74.8143,-45.8669],[-74.7918,-45.8841],[-74.7728,-45.8856],[-74.7557,-45.8795],[-74.7807,-45.8829],[-74.7962,-45.8326],[-74.6846,-45.8162],[-74.7022,-45.9027],[-74.65,-45.8818],[-74.6277,-45.8309],[-74.5634,-45.8368],[-74.5698,-45.8783],[-74.5245,-45.8392],[-74.4863,-45.888],[-74.5296,-45.9116],[-74.4549,-45.9129],[-74.4819,-45.9579],[-74.4315,-45.9204],[-74.4191,-45.9392],[-74.444,-46.0163],[-74.4731,-46.0232],[-74.425,-46.0506],[-74.4038,-45.9766],[-74.394,-46.0002],[-74.3828,-45.994],[-74.3901,-45.9548],[-74.3386,-45.9632],[-74.4608,-45.8467],[-74.3799,-45.8719],[-74.442,-45.8139],[-74.3324,-45.8199],[-74.3397,-45.7949],[-74.2832,-45.8123],[-74.2982,-45.8447],[-74.265,-45.8769],[-74.2666,-45.8354],[-74.2111,-45.815],[-74.106,-45.807],[-74.0619,-45.847],[-74.0745,-45.8121],[-74.0498,-45.8462],[-74.0601,-45.8606],[-74.2561,-45.9037],[-74.0766,-45.9148],[-74.1636,-45.9456],[-74.0443,-45.9094],[-74.0045,-45.9372],[-74.0104,-45.9739],[-74.1051,-46.0151],[-74.265,-46.0348],[-74.2758,-46.0208],[-74.3056,-46.0083],[-74.2711,-46.0353],[-74.2442,-46.0426],[-74.0576,-46.0163],[-74.0572,-46.1069],[-74.1261,-46.1397],[-74.331,-46.1202],[-74.3171,-46.1414],[-74.1367,-46.1502],[-74.0516,-46.1224],[-74.009,-46.0937],[-74.0444,-46.1],[-74.0198,-46.0305],[-74.0426,-46.0059],[-74.0148,-45.9867],[-73.9899,-46.019],[-73.9482,-46.0268],[-73.9389,-46.0794],[-73.9824,-46.1469],[-74.154,-46.223],[-74.2913,-46.2511],[-74.4054,-46.2049],[-74.4325,-46.1526],[-74.4428,-46.1997],[-74.2942,-46.2614],[-73.9992,-46.183],[-74.0024,-46.2211],[-74.0409,-46.2356],[-74.0056,-46.2333],[-73.993,-46.273],[-73.9873,-46.2317],[-73.9412,-46.2264],[-73.9241,-46.2828],[-73.9714,-46.2605],[-73.9777,-46.2816],[-73.8286,-46.3489],[-73.9385,-46.2239],[-73.9899,-46.2276],[-73.9513,-46.1446],[-73.8611,-46.135],[-73.8122,-46.2009],[-73.7259,-46.2322],[-73.7609,-46.3643],[-73.8621,-46.4548],[-73.8452,-46.5284],[-73.8859,-46.4769],[-73.8646,-46.4593],[-73.9026,-46.474],[-73.8926,-46.5025],[-73.9246,-46.5026],[-73.8865,-46.513],[-73.942,-46.5624],[-73.9576,-46.5507],[-73.977,-46.549],[-73.9393,-46.5758],[-73.9834,-46.5894],[-73.961,-46.6052],[-74.0172,-46.666],[-73.9457,-46.744],[-73.8418,-46.6967],[-73.8601,-46.6176],[-73.9587,-46.6092],[-73.9138,-46.5421],[-73.8625,-46.5911],[-73.8122,-46.5807],[-73.7686,-46.4956],[-73.7131,-46.4912],[-73.7609,-46.4712],[-73.7209,-46.4143],[-73.7353,-46.4129],[-73.7526,-46.4045],[-73.7064,-46.4072],[-73.595,-46.3109],[-73.6008,-46.3407],[-73.5688,-46.3025],[-73.4156,-46.3236],[-73.4161,-46.3151],[-73.4303,-46.3016],[-73.427,-46.2979],[-73.396,-46.3155],[-73.3972,-46.309],[-73.4063,-46.2978],[-73.4361,-46.2907],[-73.5344,-46.2963],[-73.5567,-46.2731],[-73.4849,-46.1547],[-73.4331,-46.1558],[-73.4652,-46.1302],[-73.3925,-46.049],[-73.3214,-46.0368],[-73.3422,-46.0213],[-73.3199,-46.0111],[-73.3674,-45.9957],[-73.3525,-46.0158],[-73.4038,-46.0118],[-73.5385,-46.1854],[-73.6038,-46.2203],[-73.5681,-46.2307],[-73.5763,-46.2575],[-73.6593,-46.3236],[-73.6767,-46.3258],[-73.6493,-46.2194],[-73.6098,-46.2212],[-73.6384,-46.1961],[-73.6025,-46.0589],[-73.6326,-45.9701],[-73.5527,-45.9414],[-73.5939,-45.9258],[-73.5312,-45.8253],[-73.3819,-45.7007],[-73.2141,-45.667],[-73.2344,-45.6786],[-73.1901,-45.6895],[-73.1296,-45.651],[-73.2782,-45.6465],[-73.2752,-45.6037],[-73.2356,-45.5868],[-73.2767,-45.5921],[-73.4699,-45.7444],[-73.5598,-45.7824],[-73.4866,-45.4579],[-73.3932,-45.4071],[-73.393,-45.4992],[-73.3812,-45.3878],[-73.3285,-45.3493],[-73.3023,-45.4194],[-73.328,-45.3468],[-73.1981,-45.2922],[-73.1487,-45.3158],[-73.1057,-45.3947],[-73.0054,-45.4513],[-72.8785,-45.4777],[-72.8441,-45.4597],[-72.8332,-45.4844],[-72.8264,-45.448],[-72.7841,-45.445],[-72.8083,-45.4255],[-72.7744,-45.4092],[-72.8032,-45.3996],[-72.798,-45.3963],[-72.7952,-45.4007],[-72.7825,-45.4017],[-72.7606,-45.3975],[-72.821,-45.3784],[-72.9142,-45.4255],[-72.9359,-45.4086],[-73.0067,-45.3965],[-73.2062,-45.2398],[-73.2725,-45.2463],[-73.3278,-45.2934],[-73.4224,-45.2751],[-73.4244,-45.26],[-73.4484,-45.2627],[-73.4658,-45.2417],[-73.4986,-45.2445],[-73.5098,-45.1978],[-73.4651,-45.2058],[-73.4436,-45.2618],[-73.4247,-45.1882],[-73.3162,-45.2088],[-73.2955,-45.1829],[-73.3356,-45.1637],[-73.2742,-45.1484],[-73.3204,-45.0986],[-73.2915,-45.0929],[-73.2682,-45.07],[-73.3383,-45.0928],[-73.3632,-45.0666],[-73.3566,-44.9551],[-73.2378,-44.9652],[-73.1266,-44.9308],[-73.0964,-44.9506],[-72.746,-44.747],[-72.7162,-44.7424],[-72.6874,-44.7554],[-72.7173,-44.6631],[-72.6643,-44.6242],[-72.6539,-44.5385],[-72.5833,-44.5024],[-72.53,-44.5292],[-72.6065,-44.4691],[-72.5815,-44.3964],[-72.6026,-44.3853],[-72.5596,-44.3637],[-72.5567,-44.3259],[-72.6458,-44.4134],[-72.674,-44.5107],[-72.7458,-44.4637],[-72.7026,-44.445],[-72.808,-44.4003],[-72.7564,-44.3811],[-72.9131,-44.3708],[-72.8914,-44.3067],[-72.8507,-44.2881],[-72.8959,-44.2954],[-72.9121,-44.3218],[-73.0484,-44.2717],[-73.067,-44.2331],[-73.0863,-44.273],[-73.1835,-44.2488],[-73.1307,-44.1968],[-73.1204,-44.1982],[-73.1149,-44.2243],[-73.1049,-44.2327],[-73.0989,-44.2328],[-73.1139,-44.2097],[-73.0797,-44.1609],[-73.1,-44.1678],[-73.1066,-44.1834],[-73.1155,-44.1527],[-73.0846,-44.1214],[-73.171,-44.2003],[-73.2548,-44.1952],[-73.2831,-44.1626],[-73.2445,-44.166],[-73.2757,-44.1258],[-73.261,-44.1067],[-73.2025,-44.1506],[-73.1855,-44.155],[-73.1779,-44.1524],[-73.2139,-44.1012],[-73.2093,-44.067],[-73.1841,-44.0545],[-73.1292,-44.1052],[-73.0816,-44.0927],[-73.1227,-44.0382],[-73.1217,-43.9732],[-73.0725,-44.0283],[-73.1104,-43.9563],[-73.0294,-43.9155],[-73.056,-43.8756],[-72.9995,-43.8823],[-73.0425,-43.849],[-72.9976,-43.8413],[-72.9808,-43.7745],[-72.9496,-43.853],[-72.9166,-43.8717],[-72.8705,-43.8706],[-72.9395,-43.8375],[-72.9285,-43.8377],[-72.9214,-43.834],[-72.917,-43.828],[-72.9168,-43.8203],[-72.9218,-43.8162],[-72.9198,-43.8106],[-72.9223,-43.8083],[-72.8928,-43.8],[-72.8746,-43.7887],[-72.8291,-43.8233],[-72.757,-43.8428],[-72.7461,-43.8398],[-72.7351,-43.8298],[-72.8177,-43.805],[-72.8167,-43.653],[-72.8381,-43.77],[-72.9215,-43.7615],[-72.9329,-43.7895],[-72.9385,-43.7503],[-73.0486,-43.7383],[-72.9666,-43.6828],[-72.9525,-43.6357],[-72.8739,-43.6102],[-72.8875,-43.5802],[-72.9129,-43.6063],[-72.9997,-43.5943],[-73.0908,-43.4632],[-73.0509,-43.3951],[-73.0557,-43.3194],[-72.8722,-43.234],[-72.9148,-43.1301],[-72.8591,-43.0287],[-72.7811,-43.0289],[-72.7726,-43.0587],[-72.6936,-43.1055],[-72.7635,-43.0049],[-72.7478,-43.0033],[-72.7418,-42.9969],[-72.7383,-42.9987],[-72.7327,-42.9719],[-72.7196,-42.9748],[-72.7127,-42.9136],[-72.8355,-42.8338],[-72.8563,-42.7653],[-72.8411,-42.7052],[-72.8108,-42.7165],[-72.8,-42.6985],[-72.8534,-42.6193],[-72.8133,-42.5102],[-72.7112,-42.5129],[-72.5534,-42.5819],[-72.5148,-42.5874],[-72.5106,-42.5869],[-72.5037,-42.5782],[-72.4897,-42.5777],[-72.4977,-42.5462],[-72.5068,-42.5713],[-72.6308,-42.5131],[-72.702,-42.4365],[-72.6924,-42.4104],[-72.7654,-42.3756],[-72.7841,-42.3089],[-72.8238,-42.3213],[-72.8351,-42.2985],[-72.7667,-42.2428],[-72.7309,-42.2588],[-72.7372,-42.2277],[-72.5816,-42.1883],[-72.5141,-42.2448],[-72.5086,-42.3455],[-72.4474,-42.4161],[-72.4483,-42.4982],[-72.39,-42.4889],[-72.4192,-42.4438],[-72.4119,-42.3735],[-72.4705,-42.3014],[-72.3759,-42.2546],[-72.4474,-42.2561],[-72.4609,-42.2012],[-72.4438,-42.1648],[-72.3448,-42.1672],[-72.4649,-42.1437],[-72.4284,-41.9746],[-72.4945,-41.9692],[-72.5356,-42.0429],[-72.5874,-42.0436],[-72.5994,-42.006],[-72.6113,-42.0431],[-72.6433,-42.0369],[-72.6319,-42.0119],[-72.6842,-42.0003],[-72.6893,-42.0306],[-72.8095,-41.9726],[-72.7994,-41.9402],[-72.8775,-41.9135],[-72.79,-41.8726],[-72.7891,-41.8362],[-72.6471,-41.7302],[-72.4651,-41.7252],[-72.3166,-41.6562],[-72.3211,-41.5831],[-72.2754,-41.5043],[-72.3153,-41.4935],[-72.2751,-41.3902],[-72.3117,-41.3769],[-72.3324,-41.3942],[-72.3263,-41.427],[-72.3012,-41.4227],[-72.3867,-41.6606],[-72.545,-41.7099],[-72.6478,-41.6963],[-72.7396,-41.532],[-72.7514,-41.5549],[-72.766,-41.5273],[-72.8047,-41.5018],[-72.9391,-41.4728],[-73.0409,-41.5188],[-73.0316,-41.5614],[-73.0964,-41.5891],[-73.0378,-41.7045],[-73.0973,-41.699],[-73.0934,-41.7289],[-73.1356,-41.7547],[-73.1529,-41.7009],[-73.172,-41.7407],[-73.1276,-41.762],[-73.1244,-41.7781],[-73.156,-41.8079],[-73.1901,-41.7954],[-73.1578,-41.7977],[-73.1346,-41.7656],[-73.2432,-41.7998],[-73.2192,-41.7752],[-73.2466,-41.7204],[-73.1907,-41.7568],[-73.1984,-41.7857],[-73.1825,-41.7573],[-73.254,-41.7121],[-73.2543,-41.7876],[-73.4061,-41.7657],[-73.3488,-41.8113],[-73.7597,-41.7459],[-73.7028,-41.6985],[-73.6969,-41.6337],[-73.6648,-41.6537],[-73.6992,-41.7119],[-73.6319,-41.6671],[-73.6652,-41.6722],[-73.6536,-41.6031],[-73.5935,-41.6157],[-73.5932,-41.6277],[-73.5529,-41.6717],[-73.5521,-41.649],[-73.5152,-41.6617],[-73.5736,-41.618],[-73.4933,-41.6288],[-73.509,-41.5869],[-73.4669,-41.5899],[-73.5003,-41.5689],[-73.4883,-41.5303],[-73.455,-41.5238],[-73.4272,-41.5128],[-73.4184,-41.5073],[-73.4085,-41.5185],[-73.3943,-41.523],[-73.3957,-41.5249],[-73.3951,-41.5259],[-73.3964,-41.5267],[-73.3904,-41.5283],[-73.3881,-41.5235],[-73.3879,-41.5311],[-73.354,-41.5272],[-73.3285,-41.502],[-73.3495,-41.522],[-73.3727,-41.5023],[-73.4151,-41.4952],[-73.4753,-41.5132],[-73.5018,-41.5318],[-73.5312,-41.5896],[-73.599,-41.6059],[-73.6632,-41.5723],[-73.6027,-41.5563],[-73.59,-41.5456],[-73.6446,-41.5587],[-73.6613,-41.4983],[-73.7145,-41.4891],[-73.6751,-41.5408],[-73.6728,-41.5803],[-73.6997,-41.5735],[-73.6563,-41.5902],[-73.7552,-41.5571],[-73.7923,-41.5821],[-73.7997,-41.5048],[-73.854,-41.4637],[-73.8335,-41.3241],[-73.9376,-41.0602],[-73.9362,-40.9634],[-73.848,-40.9197],[-73.8868,-40.8597],[-73.8301,-40.7221],[-73.8005,-40.7146],[-73.834,-40.6665],[-73.7161,-40.5549],[-73.777,-40.4537],[-73.7466,-40.443],[-73.7632,-40.3688],[-73.7133,-40.2452],[-73.7251,-40.1998],[-73.6555,-40.1474],[-73.6559,-40.0742],[-73.7073,-40.006],[-73.6773,-39.9644],[-73.5154,-39.9154],[-73.4672,-39.8513],[-73.4248,-39.8695],[-73.3935,-39.9481],[-73.372,-39.9469],[-73.3764,-39.8943],[-73.3188,-39.9567],[-73.2941,-39.957],[-73.272,-39.9392],[-73.2561,-39.9047],[-73.2475,-39.919],[-73.2392,-39.9218],[-73.2573,-39.8465],[-73.2698,-39.8401],[-73.2871,-39.8564],[-73.2942,-39.8434],[-73.2935,-39.8515],[-73.3098,-39.8469],[-73.3289,-39.8557],[-73.3395,-39.8112],[-73.3308,-39.855],[-73.4002,-39.8749],[-73.4114,-39.7158],[-73.2535,-39.5386],[-73.2651,-39.456],[-73.1585,-39.4508],[-73.2213,-39.4454],[-73.243,-39.3949],[-73.2044,-39.3729],[-73.2229,-39.2522],[-73.4074,-38.7875],[-73.4879,-38.6578],[-73.53,-38.3874],[-73.4962,-38.3252],[-73.5141,-38.2609],[-73.4634,-38.2149],[-73.4547,-38.0903],[-73.5356,-37.8861],[-73.6657,-37.7249],[-73.6515,-37.7012],[-73.6749,-37.6025],[-73.6017,-37.5363],[-73.5913,-37.4598],[-73.6845,-37.3354],[-73.6447,-37.1964],[-73.5872,-37.1468],[-73.5296,-37.2085],[-73.3643,-37.2436],[-73.2519,-37.2137],[-73.1538,-37.1176],[-73.1745,-37.0891],[-73.1463,-37.0369],[-73.1895,-37.0016],[-73.1544,-36.8296],[-73.2171,-36.7743],[-73.1311,-36.7464],[-73.1619,-36.7116],[-73.1179,-36.6148],[-73.0906,-36.63],[-73.1138,-36.711],[-73.106,-36.7312],[-73.0832,-36.7428],[-73.0841,-36.7606],[-73.0762,-36.7479],[-73.0892,-36.7366],[-73.056,-36.7403],[-73.0666,-36.737],[-73.071,-36.7366],[-73.073,-36.7355],[-73.103,-36.7323],[-73.101,-36.721],[-73.0167,-36.7392],[-73.039,-36.7442],[-73.0447,-36.7628],[-73.0383,-36.7789],[-73.0267,-36.7785],[-73.0434,-36.7631],[-72.9934,-36.734],[-72.9903,-36.7057],[-72.9768,-36.7093],[-72.9562,-36.6269],[-73.0021,-36.5787],[-72.9758,-36.5258],[-72.9584,-36.5598],[-72.932,-36.5431],[-72.8082,-36.277],[-72.8242,-36.1954],[-72.7851,-35.9753],[-72.5665,-35.7947],[-72.6382,-35.5985],[-72.4886,-35.4636],[-72.4988,-35.3913],[-72.4047,-35.3138],[-72.383,-35.2221],[-72.1965,-35.0972],[-72.1798,-34.8953],[-72.0754,-34.7431],[-72.043,-34.6361],[-72.0536,-34.5559],[-72.0246,-34.4864],[-72.0497,-34.4267],[-71.9758,-34.349],[-72.0088,-34.1324],[-71.8524,-33.9402],[-71.7939,-33.7734],[-71.661,-33.7076],[-71.613,-33.5864],[-71.6279,-33.5518],[-71.6032,-33.5444],[-71.7099,-33.425],[-71.6524,-33.3027],[-71.7078,-33.1996],[-71.6846,-33.1732],[-71.7424,-33.0977],[-71.6739,-33.1024],[-71.6492,-33.0216],[-71.6131,-33.0429],[-71.5524,-33.0084],[-71.5518,-32.9291],[-71.5065,-32.9067],[-71.546,-32.7947],[-71.537,-32.7654],[-71.4904,-32.7701],[-71.5095,-32.7113],[-71.4709,-32.7115],[-71.4311,-32.6411],[-71.4767,-32.5227],[-71.4347,-32.4957],[-71.4072,-32.3959],[-71.4705,-32.3453],[-71.4713,-32.2732],[-71.5413,-32.1964],[-71.5127,-32.1212],[-71.5239,-32.0044],[-71.4907,-31.9683],[-71.5269,-31.9502],[-71.5012,-31.8694],[-71.5591,-31.8484],[-71.5053,-31.7683],[-71.5462,-31.7391],[-71.5825,-31.595],[-71.5692,-31.4999],[-71.667,-31.1646],[-71.646,-31.0094],[-71.706,-30.7898],[-71.7156,-30.6027],[-71.6532,-30.2728],[-71.6271,-30.2378],[-71.6068,-30.2985],[-71.5276,-30.2929],[-71.4494,-30.1666],[-71.43,-30.1957],[-71.3911,-30.1791],[-71.3714,-30.0791],[-71.4169,-29.999],[-71.3513,-29.9799],[-71.3424,-29.9335],[-71.3345,-29.959],[-71.2976,-29.9505],[-71.2738,-29.893],[-71.3454,-29.7554],[-71.2871,-29.6199],[-71.3346,-29.5547],[-71.3257,-29.5389],[-71.3364,-29.4911],[-71.3089,-29.477],[-71.3081,-29.4188],[-71.3405,-29.4012],[-71.337,-29.3321],[-71.4691,-29.2493],[-71.4935,-29.1971],[-71.5038,-29.1447],[-71.4617,-29.1045],[-71.5019,-29.0779],[-71.479,-29.0555],[-71.4921,-28.9838],[-71.5257,-28.9868],[-71.5203,-28.9165],[-71.296,-28.6804],[-71.2799,-28.6329],[-71.3148,-28.5661],[-71.2583,-28.5412],[-71.2593,-28.4633],[-71.2126,-28.46],[-71.1611,-28.361],[-71.1983,-28.3027],[-71.1539,-28.2293],[-71.1849,-28.1185],[-71.144,-28.0817],[-71.1416,-27.9509],[-71.0839,-27.7851],[-71.0348,-27.7321],[-71.0382,-27.6642],[-71.0,-27.6905],[-70.8983,-27.621],[-70.8859,-27.4858],[-70.9655,-27.3711],[-70.9313,-27.3064],[-70.9733,-27.1688],[-70.9346,-27.1095],[-70.8976,-27.1432],[-70.8616,-27.1287],[-70.8527,-27.0506],[-70.8082,-27.0559],[-70.8246,-27.035],[-70.7893,-26.9885],[-70.8342,-26.8786],[-70.7807,-26.7755],[-70.7377,-26.7558],[-70.7579,-26.7095],[-70.6824,-26.5701],[-70.7103,-26.5277],[-70.6982,-26.3908],[-70.6268,-26.3469],[-70.6752,-26.2915],[-70.6466,-26.2551],[-70.6733,-26.1681],[-70.6274,-25.994],[-70.7369,-25.8248],[-70.6841,-25.7443],[-70.6826,-25.6625],[-70.636,-25.6462],[-70.6456,-25.5302],[-70.53,-25.4811],[-70.5171,-25.3959],[-70.4921,-25.4092],[-70.4462,-25.3653],[-70.4364,-25.1925],[-70.5078,-25.0966],[-70.4686,-24.9821],[-70.5276,-24.916],[-70.5207,-24.8653],[-70.5815,-24.7214],[-70.5496,-24.5908],[-70.5802,-24.5516],[-70.5021,-24.1701],[-70.5192,-24.0209],[-70.4952,-23.9053],[-70.527,-23.8649],[-70.4041,-23.6643],[-70.3925,-23.5798],[-70.4154,-23.5144],[-70.4831,-23.4661],[-70.5133,-23.4672],[-70.547,-23.5376],[-70.623,-23.5208],[-70.5895,-23.4267],[-70.6066,-23.3592],[-70.5825,-23.3257],[-70.6044,-23.2516],[-70.5608,-23.1896],[-70.5794,-23.0831],[-70.5166,-23.0246],[-70.4855,-23.0974],[-70.4063,-23.0835],[-70.289,-22.9145],[-70.3122,-22.765],[-70.2628,-22.6369],[-70.285,-22.5722],[-70.239,-22.4981],[-70.2674,-22.4592],[-70.1692,-21.9313],[-70.1899,-21.901],[-70.1431,-21.8486],[-70.1466,-21.6367],[-70.0932,-21.5896],[-70.0563,-21.4398],[-70.0982,-21.3481],[-70.0664,-21.3079],[-70.0819,-21.231],[-70.1347,-21.13],[-70.1249,-21.088],[-70.1781,-21.0242],[-70.1274,-20.9426],[-70.1377,-20.8859],[-70.2109,-20.8121],[-70.185,-20.7973],[-70.2001,-20.5382],[-70.1586,-20.4614],[-70.1836,-20.3629],[-70.1294,-20.2955],[-70.1631,-20.2074],[-70.1381,-20.1957],[-70.1236,-19.9889],[-70.169,-19.6579],[-70.2401,-19.602],[-70.2061,-19.5901],[-70.2021,-19.4974],[-70.2849,-19.3088],[-70.2692,-19.1452],[-70.3613,-18.7929],[-70.3376,-18.7565],[-70.3338,-18.48],[-70.3063,-18.4392],[-70.3799,-18.3501],[-70.3215,-18.3119],[-70.1494,-18.3194],[-69.9852,-18.2698],[-69.8603,-18.1702],[-69.7547,-17.9893],[-69.8222,-17.744],[-69.7963,-17.6459],[-69.6664,-17.6603],[-69.4685,-17.4984],[-69.4679,-17.6048],[-69.338,-17.7297],[-69.3108,-17.7948],[-69.2885,-17.9609],[-69.1211,-18.0051],[-69.0566,-18.0612],[-69.1458,-18.1631],[-69.0644,-18.2307],[-69.0742,-18.2873],[-69.0379,-18.3234],[-69.0475,-18.4264],[-69.0015,-18.4836],[-69.0068,-18.6008],[-69.0366,-18.6231],[-68.9843,-18.6782],[-68.9114,-18.8906],[-68.9502,-18.9366],[-68.8708,-19.0601],[-68.8059,-19.0837],[-68.6198,-19.2765],[-68.5426,-19.2968],[-68.4048,-19.4162],[-68.6232,-19.7008],[-68.696,-19.7386],[-68.5994,-19.828],[-68.5282,-19.8455],[-68.5216,-19.9243],[-68.5663,-20.0501],[-68.7621,-20.0782],[-68.7738,-20.1297],[-68.7041,-20.1357],[-68.7126,-20.2477],[-68.6606,-20.3191],[-68.6746,-20.3569],[-68.7416,-20.3686],[-68.7387,-20.4568],[-68.4415,-20.6354],[-68.5533,-20.7284],[-68.5436,-20.9039],[-68.493,-20.946],[-68.4123,-20.9344],[-68.179,-21.3024],[-68.1805,-21.6044],[-68.0606,-21.7698],[-68.0713,-21.9825],[-67.9647,-22.0537],[-67.9392,-22.1078],[-67.9556,-22.1768],[-67.9155,-22.2725],[-67.9376,-22.2735],[-67.9426,-22.3815],[-67.8846,-22.4408],[-67.8875,-22.5081],[-67.84,-22.5363],[-67.8335,-22.5809],[-67.8893,-22.6658],[-67.8678,-22.6794],[-67.8833,-22.8328],[-67.7986,-22.8808],[-67.5674,-22.8983],[-67.1805,-22.8141],[-66.9905,-23.0004],[-67.3223,-24.0344],[-68.2583,-24.4016],[-68.3085,-24.4918],[-68.3872,-24.4842],[-68.4348,-24.6064],[-68.4685,-24.6232],[-68.4949,-24.6002],[-68.4918,-24.664],[-68.5679,-24.7974],[-68.5196,-24.8738],[-68.4317,-24.9058],[-68.4069,-25.0288],[-68.3768,-25.0342],[-68.3433,-25.1106],[-68.4093,-25.1453],[-68.4594,-25.126],[-68.5072,-25.1686],[-68.5458,-25.2985],[-68.5226,-25.3744],[-68.59,-25.4144],[-68.5893,-25.4484],[-68.515,-25.5744],[-68.5458,-25.6305],[-68.4789,-25.7081],[-68.3811,-26.1782],[-68.5575,-26.2871],[-68.5877,-26.4923],[-68.2638,-26.9162],[-68.3183,-26.9825],[-68.296,-27.0336],[-68.4309,-27.0644],[-68.4511,-27.0946],[-68.4837,-27.0579],[-68.4769,-27.1209],[-68.557,-27.1151],[-68.5747,-27.1757],[-68.704,-27.1003],[-68.7782,-27.0989],[-68.807,-27.1526],[-68.8412,-27.1546],[-68.8684,-27.2606],[-68.8085,-27.3011],[-68.8687,-27.317],[-68.8876,-27.3984],[-68.9366,-27.4444],[-68.9887,-27.4468],[-68.9423,-27.5232],[-68.9875,-27.5236],[-68.9766,-27.5606],[-69.0532,-27.617],[-69.0445,-27.6969],[-69.0894,-27.722],[-69.1559,-27.9485],[-69.2363,-27.9676],[-69.3074,-28.1289],[-69.3819,-28.182],[-69.3913,-28.2265],[-69.4563,-28.1836],[-69.5236,-28.3297],[-69.5828,-28.3524],[-69.597,-28.3921],[-69.6494,-28.3965],[-69.6326,-28.4299],[-69.6805,-28.4706],[-69.6512,-28.5324],[-69.6647,-28.5815],[-69.7311,-28.685],[-69.6929,-28.7727],[-69.7654,-28.9003],[-69.7871,-29.1301],[-69.8746,-29.1384],[-69.9525,-29.189],[-69.9383,-29.2505],[-70.0194,-29.3224],[-70.0216,-29.3835],[-69.9674,-29.4126],[-69.9814,-29.4522],[-69.949,-29.486],[-69.94,-29.6536],[-69.8797,-29.7246],[-69.9134,-29.8006],[-69.8773,-29.8628],[-69.9259,-30.0003],[-69.9103,-30.0289],[-69.9655,-30.0852],[-69.9371,-30.12],[-69.818,-30.1294],[-69.8091,-30.1564],[-69.8353,-30.2191],[-69.8857,-30.2187],[-69.8978,-30.3555],[-70.0205,-30.3965],[-70.1545,-30.3465],[-70.1172,-30.431],[-70.1952,-30.4917],[-70.1897,-30.5516],[-70.2471,-30.6347],[-70.2462,-30.7286],[-70.3233,-30.9297],[-70.2691,-31.0434],[-70.3218,-31.0443],[-70.4015,-31.1677],[-70.4563,-31.0843],[-70.4975,-31.1224],[-70.5471,-31.3145],[-70.5276,-31.3663],[-70.5696,-31.4735],[-70.5669,-31.6002],[-70.5069,-31.652],[-70.5132,-31.6897],[-70.4677,-31.7001],[-70.46,-31.8441],[-70.3749,-31.886],[-70.2804,-31.8837],[-70.2095,-31.9608],[-70.2888,-32.0514],[-70.3539,-32.0256],[-70.3883,-32.044],[-70.3354,-32.0702],[-70.3416,-32.1097],[-70.3041,-32.1361],[-70.3229,-32.2678],[-70.2179,-32.3329],[-70.2364,-32.4289],[-70.1361,-32.4875],[-70.1259,-32.5764],[-70.1721,-32.6212],[-70.1473,-32.7291],[-70.0567,-32.8575],[-69.9899,-32.898],[-70.0194,-33.0063],[-70.0941,-33.0519],[-70.0513,-33.1372],[-70.0648,-33.2053],[-70.0262,-33.236],[-70.0388,-33.2703],[-70.0012,-33.3229],[-69.9175,-33.2447],[-69.9046,-33.2731],[-69.8002,-33.2878],[-69.7692,-33.3452],[-69.7852,-33.3912],[-69.8154,-33.3909],[-69.7955,-33.4222],[-69.8353,-33.5154],[-69.8715,-33.5389],[-69.8642,-33.7167],[-69.9043,-33.7725],[-69.899,-33.8474],[-69.8554,-33.8923],[-69.9055,-33.9647],[-69.8542,-33.964],[-69.8214,-34.0157],[-69.8731,-34.1327],[-69.7967,-34.2089],[-69.8076,-34.248],[-69.9099,-34.2917],[-69.9724,-34.2497],[-70.0312,-34.2878],[-70.0127,-34.4127],[-70.1298,-34.4852],[-70.2169,-34.611],[-70.2159,-34.6834],[-70.3063,-34.7474],[-70.2479,-34.799],[-70.3644,-35.0059],[-70.3743,-35.1705],[-70.5674,-35.2237],[-70.5662,-35.2993],[-70.4321,-35.3182],[-70.4466,-35.4635],[-70.368,-35.521],[-70.4122,-35.5261],[-70.3844,-35.6055],[-70.4238,-35.6401],[-70.3583,-35.7491],[-70.3788,-35.7876],[-70.3127,-35.8133],[-70.4262,-35.9048],[-70.3658,-35.9236],[-70.4231,-35.9723],[-70.3782,-35.9899],[-70.3698,-36.04],[-70.4115,-36.0585],[-70.4213,-36.1563],[-70.4907,-36.1789],[-70.5698,-36.1328],[-70.5709,-36.1752],[-70.6323,-36.2388],[-70.706,-36.2725],[-70.6844,-36.3048],[-70.7118,-36.3453],[-70.6792,-36.3893],[-70.7134,-36.4275],[-70.8839,-36.3962],[-70.889,-36.4661],[-70.9565,-36.5049],[-71.0383,-36.4771],[-71.0574,-36.6181],[-71.0094,-36.691],[-71.0656,-36.7143],[-71.1136,-36.6796],[-71.1318,-36.8147],[-71.1803,-36.842],[-71.1219,-36.8638],[-71.1444,-36.9292],[-71.0871,-36.9361],[-71.1064,-36.9714],[-71.2223,-36.9782],[-71.165,-36.9985],[-71.0924,-37.1144],[-71.136,-37.1646]],[[-72.7045,-44.7525],[-72.7049,-44.7531],[-72.699,-44.7546],[-72.7045,-44.7525]]]]},"properties":{"country":"CL"}},{"type":"Feature","geometry":{"type":"MultiPolygon","coordinates":[[[[-85.0251,14.6093],[-85.0507,14.6531],[-85.0286,14.703],[-84.9275,14.7591],[-84.8989,14.8158],[-84.7899,14.8163],[-84.7016,14.6652],[-84.6713,14.6959],[-84.4719,14.6158],[-84.4142,14.6421],[-84.3639,14.7175],[-84.3494,14.6798],[-84.2769,14.6622],[-84.2719,14.7344],[-84.2354,14.7606],[-84.1668,14.7145],[-84.0958,14.7301],[-84.1103,14.7912],[-84.0804,14.7573],[-84.0441,14.7759],[-84.0334,14.747],[-83.9261,14.748],[-83.9352,14.7777],[-83.8445,14.7729],[-83.7837,14.8237],[-83.7006,14.8245],[-83.7216,14.8555],[-83.56,14.9124],[-83.5013,15.0108],[-83.4611,14.9808],[-83.406,14.9993],[-83.4022,15.0297],[-83.3483,14.9953],[-83.3428,15.0103],[-83.2353,14.9823],[-83.1986,14.999],[-83.1304,14.9878],[-83.2043,14.9821],[-83.2178,14.9544],[-83.227,14.9748],[-83.2975,14.8141],[-83.2989,14.7143],[-83.2018,14.3157],[-83.2882,14.1414],[-83.4419,13.9429],[-83.5566,13.4492],[-83.5673,13.1994],[-83.5048,12.9009],[-83.5448,12.6168],[-83.486,12.4546],[-83.4966,12.3882],[-83.6214,12.3636],[-83.685,12.1789],[-83.6802,11.9935],[-83.7169,11.9875],[-83.7263,11.919],[-83.6428,11.6055],[-83.7512,11.5624],[-83.7995,11.4411],[-83.8279,11.4471],[-83.8664,11.3984],[-83.8459,11.1691],[-83.742,10.9632],[-83.6757,10.9118],[-83.6607,10.8182],[-83.8628,10.7175],[-83.9318,10.7074],[-84.0232,10.7922],[-84.0717,10.7596],[-84.2027,10.7818],[-84.2377,10.8161],[-84.2257,10.8739],[-84.323,10.918],[-84.3588,10.9958],[-84.4507,10.961],[-84.5747,11.0511],[-84.606,11.0384],[-84.6805,11.0844],[-84.9107,10.944],[-85.6099,11.2196],[-85.6948,11.0767],[-85.7427,11.0874],[-85.9217,11.3059],[-86.5182,11.7755],[-86.7359,12.098],[-86.7707,12.1793],[-86.7585,12.2245],[-86.7523,12.2096],[-86.7413,12.2051],[-86.7543,12.2243],[-86.7226,12.2344],[-86.7547,12.2308],[-86.7543,12.2273],[-86.7596,12.2249],[-86.7639,12.2135],[-86.7585,12.2311],[-86.7664,12.2335],[-86.763,12.2331],[-86.7563,12.2406],[-86.7651,12.2405],[-86.7717,12.215],[-86.7781,12.2288],[-86.7937,12.2271],[-86.7929,12.2377],[-86.7961,12.2404],[-86.7935,12.2449],[-86.7954,12.2453],[-86.7971,12.2434],[-86.7978,12.2458],[-86.7962,12.2457],[-86.796,12.2471],[-86.798,12.2486],[-86.7952,12.2519],[-86.7979,12.2535],[-86.8005,12.246],[-86.7963,12.2424],[-86.7939,12.2448],[-86.7966,12.2401],[-86.7933,12.2375],[-86.7987,12.2231],[-86.8061,12.2315],[-86.8001,12.2389],[-86.8026,12.2396],[-86.8012,12.2422],[-86.801,12.2441],[-86.801,12.2446],[-86.8014,12.2448],[-86.8013,12.2451],[-86.802,12.2462],[-86.8025,12.2464],[-86.8022,12.247],[-86.8083,12.2386],[-86.8056,12.235],[-86.8066,12.2314],[-86.8044,12.2269],[-86.8071,12.2294],[-86.8088,12.2364],[-86.8166,12.2342],[-86.8113,12.2393],[-86.8139,12.2541],[-86.8542,12.2614],[-86.7738,12.1973],[-86.8783,12.269],[-86.8773,12.286],[-86.8985,12.2974],[-86.8904,12.2982],[-86.8759,12.3068],[-86.9368,12.3307],[-86.9296,12.3029],[-86.949,12.3278],[-86.9544,12.3208],[-86.9696,12.3346],[-86.9733,12.3277],[-86.9843,12.3463],[-87.0082,12.3512],[-87.0044,12.3602],[-87.0195,12.3686],[-87.0235,12.3592],[-87.0333,12.3927],[-87.1183,12.4526],[-87.1186,12.4615],[-87.1091,12.4634],[-87.1044,12.4737],[-87.1235,12.4588],[-87.1237,12.4776],[-87.1182,12.4736],[-87.1132,12.4735],[-87.1121,12.4753],[-87.1106,12.475],[-87.1096,12.4756],[-87.1101,12.4764],[-87.1087,12.4768],[-87.1087,12.4771],[-87.1091,12.4774],[-87.1091,12.4778],[-87.1105,12.4789],[-87.1103,12.4795],[-87.1087,12.4787],[-87.1049,12.4799],[-87.1045,12.4802],[-87.1041,12.4816],[-87.1291,12.5077],[-87.1833,12.4789],[-87.2263,12.5382],[-87.3473,12.6054],[-87.4764,12.7638],[-87.6919,12.9117],[-87.6762,12.965],[-87.5765,13.0909],[-87.5886,13.0539],[-87.4871,12.9965],[-87.4748,12.9375],[-87.395,12.9097],[-87.3279,12.9179],[-87.3847,12.9416],[-87.3101,12.9876],[-87.029,12.9861],[-86.9181,13.0922],[-86.9091,13.2688],[-86.829,13.3133],[-86.7542,13.2676],[-86.7058,13.3033],[-86.7699,13.5769],[-86.749,13.6393],[-86.7861,13.6622],[-86.7628,13.769],[-86.5384,13.8053],[-86.4916,13.7689],[-86.4537,13.7898],[-86.417,13.7591],[-86.3323,13.7691],[-86.1907,13.984],[-86.1407,13.9995],[-86.153,14.035],[-86.0117,14.0801],[-86.042,13.9961],[-85.9185,13.9376],[-85.9137,13.9085],[-85.8454,13.9176],[-85.8196,13.8489],[-85.7523,13.8323],[-85.7534,13.9678],[-85.6776,13.9794],[-85.5733,14.0651],[-85.5194,14.0475],[-85.5049,14.0884],[-85.4041,14.1231],[-85.3832,14.222],[-85.3399,14.2488],[-85.1845,14.2504],[-85.1534,14.3023],[-85.2212,14.3768],[-85.1487,14.4902],[-85.1519,14.5719],[-85.1228,14.586],[-85.0854,14.5528],[-85.0251,14.6093]]]]},"properties":{"country":"NI"}},{"type":"Feature","geometry":{"type":"MultiPolygon","coordinates":[[[[-58.2083,-34.2217],[-58.2517,-34.2],[-58.3167,-34.15],[-58.345,-34.0384],[-58.4082,-33.9566],[-58.4347,-33.7204],[-58.4948,-33.5855],[-58.4434,-33.5376],[-58.4317,-33.3635],[-58.3905,-33.2796],[-58.4044,-33.18],[-58.3706,-33.129],[-58.1759,-33.0769],[-58.0849,-33.0039],[-58.2046,-32.4605],[-58.1829,-32.3759],[-58.1032,-32.3096],[-58.0999,-32.2594],[-58.1834,-32.1591],[-58.1383,-32.0018],[-58.2068,-31.8711],[-58.0681,-31.8021],[-57.9847,-31.6019],[-58.0033,-31.5326],[-58.0768,-31.4903],[-58.082,-31.4565],[-57.9805,-31.3905],[-57.9815,-31.32],[-57.9142,-31.2171],[-57.9192,-31.1304],[-57.8614,-31.0347],[-57.915,-30.9209],[-57.8316,-30.9169],[-57.7994,-30.855],[-57.809,-30.6954],[-57.8873,-30.5876],[-57.89,-30.5126],[-57.6429,-30.3418],[-57.6155,-30.2524],[-57.6536,-30.1932],[-57.5609,-30.2113],[-57.5665,-30.259],[-57.5243,-30.2857],[-57.4649,-30.2661],[-57.3923,-30.3047],[-57.3135,-30.2578],[-57.284,-30.294],[-57.2598,-30.2672],[-57.2208,-30.2893],[-57.1553,-30.2345],[-57.168,-30.1981],[-57.1161,-30.114],[-57.0705,-30.0863],[-56.807,-30.1039],[-56.7775,-30.1629],[-56.6463,-30.2035],[-56.668,-30.2184],[-56.6106,-30.2657],[-56.6187,-30.3005],[-56.5411,-30.3129],[-56.5471,-30.3595],[-56.4899,-30.3984],[-56.4613,-30.3849],[-56.3818,-30.4996],[-56.2919,-30.5197],[-56.261,-30.5851],[-56.1707,-30.6152],[-56.1251,-30.7387],[-56.0224,-30.7857],[-55.9896,-30.8585],[-56.0111,-31.0816],[-55.884,-31.0767],[-55.7281,-30.9794],[-55.7238,-30.9428],[-55.6661,-30.954],[-55.6423,-30.9115],[-55.6583,-30.8643],[-55.5773,-30.8331],[-55.4865,-30.9476],[-55.4412,-30.9597],[-55.4229,-31.0182],[-55.3496,-31.0392],[-55.3402,-31.1314],[-55.2912,-31.1423],[-55.2398,-31.2606],[-55.0743,-31.3321],[-55.007,-31.2669],[-54.9407,-31.3806],[-54.886,-31.3773],[-54.8365,-31.442],[-54.7521,-31.4244],[-54.5865,-31.4565],[-54.4527,-31.5995],[-54.4564,-31.6518],[-54.1002,-31.9282],[-54.0328,-31.8954],[-53.9697,-31.9177],[-53.9607,-31.9553],[-53.8498,-32.0006],[-53.8333,-32.0554],[-53.7252,-32.0961],[-53.735,-32.1519],[-53.6428,-32.297],[-53.6452,-32.3839],[-53.5832,-32.4519],[-53.5277,-32.4885],[-53.4642,-32.4845],[-53.401,-32.5814],[-53.3702,-32.5697],[-53.2908,-32.621],[-53.2499,-32.6041],[-53.0756,-32.7409],[-53.0858,-32.7883],[-53.1457,-32.792],[-53.185,-32.8504],[-53.2945,-32.8993],[-53.3093,-32.9184],[-53.2443,-32.9345],[-53.4444,-33.053],[-53.5182,-33.1534],[-53.5324,-33.6888],[-53.4395,-33.6935],[-53.4305,-33.7395],[-53.3694,-33.7444],[-53.5098,-33.9054],[-53.5516,-34.0689],[-53.7782,-34.2769],[-53.7767,-34.4061],[-54.0836,-34.5558],[-54.1468,-34.6193],[-54.1522,-34.6688],[-54.2134,-34.6637],[-54.4389,-34.744],[-54.952,-34.9739],[-54.9663,-34.925],[-55.0474,-34.9173],[-55.0688,-34.8792],[-55.2612,-34.9045],[-55.3198,-34.823],[-55.4067,-34.7904],[-55.6848,-34.7618],[-55.887,-34.8026],[-56.1605,-34.9381],[-56.223,-34.9135],[-56.1983,-34.8993],[-56.2149,-34.8742],[-56.3157,-34.9048],[-56.4312,-34.8298],[-56.3564,-34.7819],[-56.8208,-34.6883],[-57.1383,-34.4487],[-57.4669,-34.4272],[-57.5372,-34.4553],[-57.5953,-34.4253],[-57.8537,-34.4734],[-57.8997,-34.3728],[-58.0779,-34.1894],[-58.173,-34.1686],[-58.2083,-34.2217]],[[-58.2434,-34.175],[-58.257,-34.1901],[-58.2464,-34.1897],[-58.2434,-34.175]]],[[[-58.1018,-32.9535],[-58.1179,-32.9828],[-58.1129,-32.9315],[-58.1018,-32.9535]]],[[[-58.1147,-33.0243],[-58.113,-32.9882],[-58.1001,-32.9516],[-58.0879,-32.9965],[-58.1147,-33.0243]]],[[[-58.1159,-32.9904],[-58.1179,-33.0264],[-58.1288,-33.0256],[-58.1159,-32.9904]]]]},"properties":{"country":"UY"}},{"type":"Feature","geometry":{"type":"MultiPolygon","coordinates":[[[[-54.9088,-23.9111],[-54.7053,-23.8645],[-54.6698,-23.8126],[-54.4398,-23.9045],[-54.2862,-24.0682],[-54.3454,-24.147],[-54.258,-24.357],[-54.3271,-24.4707],[-54.3265,-24.6698],[-54.3954,-24.8028],[-54.4636,-25.0568],[-54.4268,-25.1655],[-54.6197,-25.4543],[-54.5812,-25.6626],[-54.6408,-25.6596],[-54.6578,-25.6877],[-54.587,-25.8304],[-54.6223,-25.9143],[-54.6106,-25.9782],[-54.6793,-25.9952],[-54.643,-26.0934],[-54.6733,-26.1527],[-54.6187,-26.2169],[-54.6796,-26.2647],[-54.6488,-26.3118],[-54.7053,-26.446],[-54.8015,-26.5372],[-54.7848,-26.6233],[-54.8124,-26.6679],[-54.9411,-26.6826],[-54.9583,-26.7833],[-55.0524,-26.7973],[-55.1433,-26.8684],[-55.1351,-26.9486],[-55.2036,-26.9695],[-55.2601,-26.9369],[-55.376,-26.9654],[-55.442,-27.0178],[-55.4555,-27.1062],[-55.5613,-27.1013],[-55.5611,-27.161],[-55.6183,-27.1856],[-55.5757,-27.2508],[-55.5979,-27.3363],[-55.7324,-27.4427],[-55.787,-27.4403],[-55.8963,-27.3427],[-55.9789,-27.3551],[-56.0873,-27.3085],[-56.2838,-27.4082],[-56.2937,-27.4941],[-56.4008,-27.5992],[-56.4629,-27.5696],[-56.542,-27.4383],[-56.6012,-27.421],[-56.7203,-27.4663],[-56.6771,-27.5486],[-56.686,-27.5769],[-56.7433,-27.605],[-56.8493,-27.6063],[-56.9422,-27.5583],[-56.9879,-27.4894],[-57.2318,-27.4664],[-57.3274,-27.4145],[-57.4601,-27.4418],[-57.5067,-27.4411],[-57.5449,-27.4308],[-57.6609,-27.361],[-57.6945,-27.327],[-57.7781,-27.3383],[-57.8145,-27.3342],[-57.8774,-27.2784],[-57.9145,-27.2653],[-58.1913,-27.2808],[-58.2467,-27.2615],[-58.2994,-27.2767],[-58.4134,-27.2867],[-58.4892,-27.2733],[-58.599,-27.2998],[-58.5943,-27.2242],[-58.6629,-27.1832],[-58.6509,-27.1293],[-58.5549,-27.1089],[-58.5571,-27.0363],[-58.5008,-27.0532],[-58.5196,-27.0039],[-58.4681,-26.9925],[-58.5024,-26.926],[-58.3252,-26.8697],[-58.3348,-26.8095],[-58.2846,-26.7965],[-58.2907,-26.7559],[-58.2465,-26.7508],[-58.2602,-26.6451],[-58.19,-26.6452],[-58.2335,-26.4735],[-58.1814,-26.4531],[-58.2224,-26.403],[-58.1567,-26.345],[-58.164,-26.2653],[-58.1039,-26.2285],[-58.1598,-26.1827],[-58.1197,-26.1864],[-58.0847,-26.1118],[-58.0243,-26.1074],[-57.8494,-26.0022],[-57.8953,-25.9607],[-57.8368,-25.9156],[-57.8585,-25.858],[-57.7966,-25.8249],[-57.8271,-25.7567],[-57.7331,-25.7251],[-57.7656,-25.6917],[-57.7337,-25.6466],[-57.6739,-25.6588],[-57.6741,-25.5964],[-57.612,-25.6116],[-57.5547,-25.4431],[-57.703,-25.3222],[-57.7536,-25.1763],[-57.8367,-25.1315],[-57.8611,-25.0815],[-57.9908,-25.0817],[-58.0056,-25.0351],[-58.0689,-25.0458],[-58.225,-24.9269],[-58.3337,-25.0],[-58.4758,-24.86],[-58.5731,-24.8211],[-58.6724,-24.8319],[-58.7261,-24.7746],[-58.8073,-24.7726],[-58.9705,-24.6632],[-59.1301,-24.617],[-59.3504,-24.4831],[-59.3731,-24.4228],[-59.4216,-24.4088],[-59.4744,-24.3314],[-60.0391,-24.0116],[-60.3088,-24.038],[-60.4778,-23.9509],[-60.5894,-23.9585],[-60.614,-23.9016],[-60.8492,-23.8739],[-60.9214,-23.8231],[-60.9899,-23.8181],[-61.0997,-23.6556],[-61.0882,-23.6139],[-61.2247,-23.5553],[-61.3517,-23.4479],[-61.4869,-23.4238],[-61.5094,-23.3499],[-61.5603,-23.3408],[-61.5989,-23.2836],[-61.6702,-23.286],[-61.7319,-23.2417],[-61.7656,-23.1581],[-61.9971,-23.0102],[-61.9996,-22.9296],[-62.1732,-22.7105],[-62.2067,-22.7042],[-62.1974,-22.6614],[-62.2609,-22.6041],[-62.2256,-22.5465],[-62.2963,-22.5191],[-62.2906,-22.4728],[-62.3617,-22.4579],[-62.3778,-22.4824],[-62.472,-22.3755],[-62.5429,-22.3745],[-62.5677,-22.3151],[-62.6284,-22.3056],[-62.6407,-22.2362],[-62.2609,-21.0586],[-62.2663,-20.5632],[-61.9225,-20.0892],[-61.7352,-19.6344],[-60.6043,-19.4566],[-59.9778,-19.2947],[-59.0689,-19.2876],[-58.1639,-19.8273],[-58.202,-19.8627],[-58.214,-19.9534],[-58.1379,-20.1201],[-58.1688,-20.1729],[-58.1215,-20.1925],[-58.1622,-20.2595],[-58.096,-20.2545],[-58.0934,-20.3555],[-57.9985,-20.4355],[-58.0192,-20.5153],[-57.9952,-20.5616],[-58.0138,-20.6107],[-57.9705,-20.6426],[-57.9885,-20.6988],[-57.9549,-20.7042],[-57.9241,-20.6639],[-57.8699,-20.7256],[-57.8687,-20.75],[-57.9348,-20.7457],[-57.9618,-20.7916],[-57.8986,-20.7887],[-57.8552,-20.834],[-57.9284,-20.9004],[-57.8187,-20.9466],[-57.8687,-21.0461],[-57.852,-21.2242],[-57.9216,-21.2807],[-57.8535,-21.3311],[-57.968,-21.5243],[-57.9139,-21.5902],[-57.9344,-21.6504],[-57.8833,-21.689],[-57.9471,-21.7441],[-57.9087,-21.7735],[-57.966,-21.8505],[-57.9128,-21.8827],[-57.9487,-21.9013],[-57.9658,-22.005],[-58.0095,-22.0404],[-57.9938,-22.0902],[-57.9422,-22.0828],[-57.9297,-22.1202],[-57.8274,-22.1205],[-57.8018,-22.1507],[-57.7391,-22.1348],[-57.7077,-22.0912],[-57.6106,-22.0946],[-57.5804,-22.1753],[-57.4073,-22.1976],[-57.3744,-22.232],[-57.3204,-22.2455],[-57.2945,-22.2185],[-57.2377,-22.2513],[-57.2014,-22.211],[-57.0824,-22.2511],[-56.9967,-22.2225],[-56.9055,-22.2665],[-56.8834,-22.2476],[-56.8429,-22.3016],[-56.7934,-22.2424],[-56.7203,-22.2648],[-56.7034,-22.2169],[-56.6371,-22.2634],[-56.5567,-22.1965],[-56.5071,-22.0956],[-56.394,-22.0743],[-56.3649,-22.1695],[-56.2098,-22.2781],[-55.8532,-22.2803],[-55.7894,-22.3846],[-55.7469,-22.3844],[-55.7235,-22.5518],[-55.6145,-22.6552],[-55.6184,-22.7675],[-55.6658,-22.8524],[-55.5963,-23.1499],[-55.542,-23.1561],[-55.5236,-23.1973],[-55.5558,-23.3165],[-55.5046,-23.3789],[-55.5621,-23.4762],[-55.5269,-23.5673],[-55.5399,-23.625],[-55.4841,-23.6403],[-55.464,-23.7119],[-55.4367,-23.7166],[-55.4326,-23.9406],[-55.3493,-23.9936],[-55.3044,-23.965],[-55.2291,-24.0138],[-55.1076,-23.9625],[-55.0624,-23.9932],[-54.9985,-23.9574],[-54.9411,-23.9668],[-54.9088,-23.9111]],[[-56.7534,-27.5921],[-56.7648,-27.5923],[-56.7491,-27.594],[-56.7534,-27.5921]],[[-56.7218,-27.587],[-56.7249,-27.5875],[-56.7335,-27.5923],[-56.7218,-27.587]],[[-56.7187,-27.5849],[-56.7177,-27.5821],[-56.7195,-27.5855],[-56.7187,-27.5849]],[[-56.7061,-27.5777],[-56.708,-27.5758],[-56.7118,-27.5819],[-56.7061,-27.5777]],[[-56.7847,-27.5735],[-56.784,-27.572],[-56.7879,-27.5736],[-56.7847,-27.5735]],[[-56.7674,-27.5731],[-56.7562,-27.5694],[-56.7756,-27.5759],[-56.7749,-27.5763],[-56.7674,-27.5731]],[[-56.7828,-27.5721],[-56.7829,-27.5723],[-56.7827,-27.5722],[-56.7828,-27.5721]],[[-56.7925,-27.5728],[-56.7908,-27.5716],[-56.7936,-27.5728],[-56.7925,-27.5728]],[[-56.6909,-27.5718],[-56.6912,-27.5702],[-56.6938,-27.5742],[-56.6909,-27.5718]],[[-56.7581,-27.5713],[-56.7547,-27.5707],[-56.7548,-27.5701],[-56.7581,-27.5713]],[[-56.754,-27.5701],[-56.7544,-27.5706],[-56.7539,-27.5703],[-56.754,-27.5701]],[[-56.6872,-27.5634],[-56.699,-27.5628],[-56.707,-27.5807],[-56.6872,-27.5634]],[[-56.74,-27.5618],[-56.737,-27.5588],[-56.7418,-27.5622],[-56.74,-27.5618]],[[-56.7367,-27.5589],[-56.7365,-27.5596],[-56.7363,-27.5589],[-56.7367,-27.5589]],[[-56.7362,-27.5589],[-56.7355,-27.558],[-56.7367,-27.5585],[-56.7362,-27.5589]],[[-56.7037,-27.5549],[-56.7041,-27.5635],[-56.7017,-27.5521],[-56.7037,-27.5549]],[[-56.8276,-27.5946],[-56.8267,-27.5943],[-56.8263,-27.5934],[-56.8276,-27.5946]],[[-56.8594,-27.593],[-56.8601,-27.5934],[-56.858,-27.5946],[-56.8594,-27.593]],[[-56.8585,-27.5946],[-56.865,-27.5914],[-56.8663,-27.5911],[-56.8585,-27.5946]],[[-56.7751,-27.5877],[-56.772,-27.5885],[-56.7757,-27.5874],[-56.7751,-27.5877]],[[-56.8625,-27.5885],[-56.8709,-27.5844],[-56.8744,-27.5822],[-56.8693,-27.5874],[-56.8625,-27.5885]],[[-56.77,-27.5864],[-56.7785,-27.5843],[-56.7729,-27.5869],[-56.7655,-27.5868],[-56.7679,-27.5853],[-56.77,-27.5864]],[[-56.7587,-27.5716],[-56.7726,-27.5761],[-56.7573,-27.572],[-56.7587,-27.5716]],[[-56.8816,-27.5734],[-56.8814,-27.5732],[-56.8817,-27.573],[-56.8816,-27.5734]],[[-56.9211,-27.5631],[-56.9092,-27.5722],[-56.8991,-27.5731],[-56.9211,-27.5631]],[[-56.9323,-27.5345],[-56.8762,-27.5828],[-56.8952,-27.551],[-56.9494,-27.5228],[-56.9323,-27.5345]],[[-56.9308,-27.5573],[-56.9384,-27.5408],[-56.9447,-27.5358],[-56.9308,-27.5573]],[[-56.9342,-27.5441],[-56.9389,-27.5361],[-56.9468,-27.5327],[-56.9342,-27.5441]],[[-56.9159,-27.5346],[-56.9155,-27.5362],[-56.9085,-27.5382],[-56.9198,-27.531],[-56.9159,-27.5346]],[[-56.9158,-27.5362],[-56.9202,-27.5308],[-56.931,-27.5301],[-56.9158,-27.5362]],[[-56.9393,-27.5325],[-56.9462,-27.5315],[-56.9379,-27.5344],[-56.9393,-27.5325]],[[-56.9341,-27.5275],[-56.9283,-27.5291],[-56.9275,-27.5287],[-56.9341,-27.5275]],[[-56.9438,-27.5239],[-56.9438,-27.5249],[-56.941,-27.5255],[-56.9438,-27.5239]],[[-56.9527,-27.5228],[-56.9507,-27.5238],[-56.953,-27.5224],[-56.9527,-27.5228]],[[-56.9521,-27.5184],[-56.9391,-27.5246],[-56.9545,-27.5155],[-56.9521,-27.5184]],[[-56.9496,-27.5227],[-56.9574,-27.5157],[-56.9539,-27.5209],[-56.9496,-27.5227]],[[-56.7898,-27.5717],[-56.7872,-27.5705],[-56.7905,-27.5716],[-56.7898,-27.5717]],[[-56.7681,-27.5691],[-56.7624,-27.5688],[-56.761,-27.5676],[-56.7681,-27.5691]],[[-56.9059,-27.5405],[-56.9035,-27.5378],[-56.9074,-27.5357],[-56.9059,-27.5405]],[[-56.8431,-27.5946],[-56.7988,-27.5734],[-56.7619,-27.5632],[-56.749,-27.5615],[-56.7286,-27.5018],[-56.7512,-27.5063],[-56.7593,-27.503],[-56.7641,-27.5034],[-56.7675,-27.5029],[-56.77,-27.5021],[-56.9002,-27.4225],[-57.0318,-27.4808],[-56.9704,-27.4917],[-56.8914,-27.5406],[-56.8431,-27.5946]],[[-57.2231,-27.4631],[-57.2393,-27.4561],[-57.2222,-27.4639],[-57.2231,-27.4631]],[[-56.9704,-27.447],[-56.9827,-27.451],[-56.9893,-27.4587],[-56.9704,-27.447]],[[-56.9725,-27.443],[-56.9665,-27.4422],[-56.9642,-27.4403],[-56.9725,-27.443]],[[-57.4571,-27.4379],[-57.4555,-27.4323],[-57.473,-27.4386],[-57.4571,-27.4379]],[[-57.4548,-27.4309],[-57.4487,-27.4317],[-57.4418,-27.4281],[-57.4548,-27.4309]],[[-57.4105,-27.4151],[-57.4084,-27.4182],[-57.4052,-27.4175],[-57.4105,-27.4151]],[[-57.4117,-27.4138],[-57.409,-27.414],[-57.4148,-27.4133],[-57.4117,-27.4138]],[[-56.7345,-27.591],[-56.7054,-27.5636],[-56.7157,-27.5205],[-56.7363,-27.5608],[-56.7701,-27.5839],[-56.7841,-27.5822],[-56.7345,-27.591]],[[-56.7356,-27.5434],[-56.7361,-27.5431],[-56.7361,-27.5441],[-56.7356,-27.5434]],[[-56.7292,-27.5396],[-56.731,-27.5356],[-56.7321,-27.5428],[-56.7292,-27.5396]],[[-56.73,-27.5343],[-56.7295,-27.5333],[-56.7302,-27.5342],[-56.73,-27.5343]],[[-56.7641,-27.5031],[-56.7729,-27.4983],[-56.77,-27.5017],[-56.7641,-27.5031]],[[-56.7887,-27.4863],[-56.7871,-27.4879],[-56.7861,-27.4883],[-56.7887,-27.4863]],[[-56.7929,-27.4825],[-56.793,-27.4822],[-56.7932,-27.4821],[-56.7929,-27.4825]],[[-56.7312,-27.5276],[-56.7327,-27.5335],[-56.7257,-27.5199],[-56.7312,-27.5276]],[[-56.7588,-27.5025],[-56.7579,-27.503],[-56.7577,-27.5029],[-56.7588,-27.5025]],[[-55.9504,-27.3407],[-55.9506,-27.3395],[-55.9513,-27.3404],[-55.9504,-27.3407]],[[-57.5481,-27.4243],[-57.5492,-27.425],[-57.546,-27.4256],[-57.5481,-27.4243]],[[-57.5393,-27.4275],[-57.5515,-27.4198],[-57.5529,-27.4194],[-57.5393,-27.4275]],[[-57.5595,-27.4129],[-57.5643,-27.4105],[-57.5562,-27.4156],[-57.5595,-27.4129]],[[-57.4275,-27.4103],[-57.5714,-27.3838],[-57.5929,-27.392],[-57.49,-27.4386],[-57.4275,-27.4103]],[[-57.4787,-27.4394],[-57.4765,-27.4386],[-57.4789,-27.4393],[-57.4787,-27.4394]],[[-57.4823,-27.4393],[-57.4841,-27.4361],[-57.4878,-27.4392],[-57.4823,-27.4393]],[[-57.5399,-27.4284],[-57.5408,-27.4281],[-57.5407,-27.4284],[-57.5399,-27.4284]],[[-57.5426,-27.4271],[-57.5482,-27.4263],[-57.5412,-27.4291],[-57.5426,-27.4271]],[[-57.6106,-27.3816],[-57.6064,-27.3823],[-57.6058,-27.3812],[-57.6106,-27.3816]],[[-57.7848,-27.3322],[-57.7691,-27.3302],[-57.7868,-27.3286],[-57.7848,-27.3322]],[[-57.8148,-27.3275],[-57.803,-27.3279],[-57.8201,-27.3248],[-57.8148,-27.3275]],[[-57.7415,-27.3233],[-57.7875,-27.3256],[-57.7914,-27.324],[-57.7941,-27.3257],[-57.7981,-27.325],[-57.7828,-27.3278],[-57.7521,-27.3279],[-57.7415,-27.3233]],[[-57.8156,-27.3216],[-57.7841,-27.3225],[-57.8185,-27.3201],[-57.8156,-27.3216]],[[-58.1723,-27.2727],[-58.1716,-27.2718],[-58.1726,-27.2725],[-58.1723,-27.2727]],[[-58.1698,-27.2698],[-58.1643,-27.2739],[-58.1647,-27.2717],[-58.1698,-27.2698]],[[-58.1877,-27.2699],[-58.2007,-27.2689],[-58.1845,-27.2725],[-58.1877,-27.2699]],[[-58.417,-27.2813],[-58.4166,-27.2827],[-58.4131,-27.2817],[-58.417,-27.2813]],[[-58.4205,-27.2816],[-58.4202,-27.2813],[-58.421,-27.2814],[-58.4205,-27.2816]],[[-58.192,-27.2784],[-58.1989,-27.2764],[-58.2005,-27.2764],[-58.192,-27.2784]],[[-58.4233,-27.2702],[-58.4298,-27.2738],[-58.4216,-27.2805],[-58.4233,-27.2702]],[[-58.3599,-27.2742],[-58.3598,-27.2741],[-58.36,-27.2741],[-58.3599,-27.2742]],[[-58.3527,-27.2738],[-58.3517,-27.2721],[-58.3586,-27.2741],[-58.3527,-27.2738]],[[-58.4605,-27.271],[-58.4602,-27.2728],[-58.4578,-27.2725],[-58.4605,-27.271]],[[-58.3778,-27.2722],[-58.377,-27.2711],[-58.3798,-27.2721],[-58.3778,-27.2722]],[[-58.3377,-27.2738],[-58.338,-27.2677],[-58.3456,-27.2748],[-58.3377,-27.2738]],[[-58.3759,-27.2703],[-58.3751,-27.2706],[-58.3748,-27.2703],[-58.3759,-27.2703]],[[-58.3121,-27.2717],[-58.2915,-27.2659],[-58.3004,-27.2658],[-58.3121,-27.2717]],[[-58.3357,-27.2728],[-58.3178,-27.2725],[-58.303,-27.2638],[-58.3357,-27.2728]],[[-58.4527,-27.2663],[-58.4515,-27.2674],[-58.4493,-27.2673],[-58.4527,-27.2663]],[[-58.2065,-27.2639],[-58.2055,-27.2638],[-58.2074,-27.2636],[-58.2065,-27.2639]],[[-58.3304,-27.2662],[-58.3349,-27.2636],[-58.3352,-27.264],[-58.3304,-27.2662]],[[-58.1724,-27.2705],[-58.1909,-27.2576],[-58.2246,-27.2551],[-58.1724,-27.2705]],[[-58.0937,-27.2663],[-58.0851,-27.261],[-58.1,-27.2663],[-58.0937,-27.2663]],[[-58.1535,-27.2566],[-58.1593,-27.2628],[-58.14,-27.2645],[-58.1535,-27.2566]],[[-58.1646,-27.2601],[-58.1655,-27.2608],[-58.1615,-27.2622],[-58.1646,-27.2601]],[[-58.263,-27.2617],[-58.2624,-27.2608],[-58.2633,-27.2615],[-58.263,-27.2617]],[[-58.2657,-27.2611],[-58.2654,-27.2599],[-58.268,-27.2611],[-58.2657,-27.2611]],[[-58.2395,-27.261],[-58.2358,-27.2587],[-58.2441,-27.254],[-58.2395,-27.261]]]]},"properties":{"country":"PY"}},{"type":"Feature","geometry":{"type":"MultiPolygon","coordinates":[[[[-57.083,5.9192],[-56.9636,6.0104],[-56.2558,5.8913],[-55.9348,5.8044],[-55.9187,5.8318],[-55.9546,5.8886],[-55.8932,5.97],[-55.7701,5.9964],[-55.5462,5.9985],[-55.1164,5.8866],[-55.1002,5.9034],[-55.1669,5.9526],[-55.1035,5.9834],[-54.7947,5.9912],[-54.3765,5.9291],[-54.0168,5.823],[-53.9742,5.7452],[-54.0253,5.6361],[-54.0078,5.5511],[-54.1931,5.315],[-54.2967,5.2406],[-54.4056,5.0842],[-54.4789,4.8989],[-54.4651,4.7367],[-54.4173,4.7034],[-54.4109,4.5746],[-54.4483,4.5215],[-54.4401,4.4315],[-54.3857,4.3509],[-54.3962,4.2027],[-54.3231,4.1446],[-54.3576,4.0497],[-54.2369,3.861],[-54.19,3.8446],[-54.1993,3.8077],[-54.1273,3.7983],[-54.0822,3.6735],[-54.0472,3.6337],[-54.0059,3.6481],[-53.98,3.6055],[-54.0668,3.308],[-54.1364,3.2659],[-54.2141,3.1525],[-54.1738,3.1081],[-54.1949,3.0646],[-54.1604,2.9684],[-54.2083,2.7773],[-54.3183,2.631],[-54.3873,2.4706],[-54.4958,2.4095],[-54.5082,2.336],[-54.5722,2.3543],[-54.6618,2.3274],[-54.6637,2.3566],[-54.7168,2.3776],[-54.6858,2.4116],[-54.6963,2.4623],[-54.7698,2.4758],[-54.7945,2.4315],[-54.869,2.4301],[-54.8653,2.471],[-54.9123,2.4849],[-54.9705,2.5865],[-55.103,2.5256],[-55.1234,2.5676],[-55.2347,2.5034],[-55.3202,2.5154],[-55.3853,2.4184],[-55.4997,2.4432],[-55.7099,2.3993],[-55.7666,2.4552],[-55.9705,2.5293],[-56.0115,2.4528],[-55.987,2.4203],[-56.04,2.3663],[-56.0218,2.3425],[-56.0901,2.3723],[-56.1389,2.2657],[-56.0429,2.2278],[-56.055,2.1846],[-56.0031,2.1676],[-55.9668,2.0884],[-55.9031,2.0411],[-55.9363,1.9865],[-55.9039,1.888],[-55.999,1.8313],[-56.1176,1.851],[-56.1709,1.9005],[-56.244,1.8781],[-56.3349,1.9371],[-56.4118,1.9283],[-56.5628,2.0239],[-56.6846,2.0261],[-56.8151,2.2108],[-56.8041,2.261],[-56.8737,2.2901],[-56.8759,2.3586],[-56.9327,2.4002],[-56.9363,2.5013],[-56.9908,2.5029],[-56.988,2.5575],[-57.0304,2.602],[-57.0166,2.6457],[-57.0509,2.6404],[-57.1026,2.7414],[-57.0872,2.7665],[-57.1341,2.7728],[-57.1179,2.8232],[-57.172,2.8092],[-57.204,2.8364],[-57.2228,2.8978],[-57.1734,2.942],[-57.22,2.9489],[-57.2044,2.9998],[-57.2306,3.0184],[-57.1926,3.025],[-57.2058,3.0738],[-57.2608,3.0964],[-57.2348,3.1339],[-57.2924,3.1382],[-57.3054,3.3891],[-57.3916,3.3654],[-57.4248,3.3886],[-57.4848,3.3406],[-57.5148,3.3708],[-57.6534,3.3714],[-57.6948,3.4112],[-57.6279,3.4632],[-57.6543,3.529],[-57.7427,3.6252],[-57.8332,3.664],[-57.8578,3.797],[-57.9446,3.921],[-58.0308,3.9598],[-58.0284,4.0683],[-58.0709,4.1321],[-57.9915,4.3062],[-57.9464,4.3309],[-57.9623,4.3957],[-57.8352,4.6397],[-57.8717,4.7605],[-57.9181,4.783],[-57.9258,4.8246],[-57.8391,4.9259],[-57.7588,4.925],[-57.7508,4.9641],[-57.6745,5.0116],[-57.416,4.9916],[-57.3324,5.0368],[-57.2888,5.018],[-57.3263,5.0715],[-57.2996,5.1729],[-57.2564,5.1886],[-57.2229,5.1346],[-57.1835,5.1878],[-57.2516,5.2764],[-57.2528,5.2261],[-57.28,5.2246],[-57.2911,5.3214],[-57.3414,5.326],[-57.2737,5.3928],[-57.2664,5.478],[-57.1711,5.6053],[-57.1839,5.7453],[-57.1406,5.9195],[-57.083,5.9192]]]]},"properties":{"country":"SR"}},{"type":"Feature","geometry":{"type":"MultiPolygon","coordinates":[[[[-50.4157,2.1304],[-50.4958,2.0965],[-50.5522,2.1527],[-50.4748,2.1947],[-50.4157,2.1304]]],[[[-50.5208,2.0026],[-50.5064,2.0932],[-50.407,2.1114],[-50.3223,1.9346],[-50.4345,1.8698],[-50.5208,2.0026]]],[[[-47.7324,-0.5376],[-47.726,-0.5459],[-47.7447,-0.552],[-47.7518,-0.5442],[-47.7324,-0.5376]]],[[[-47.8566,-0.5825],[-47.9007,-0.6017],[-47.8898,-0.5634],[-47.9205,-0.5685],[-47.8836,-0.5572],[-47.8566,-0.5825]]],[[[-47.8134,-0.5735],[-47.8076,-0.5889],[-47.8247,-0.5936],[-47.8134,-0.5735]]],[[[-47.7552,-0.6267],[-47.7384,-0.6241],[-47.7291,-0.6125],[-47.7706,-0.5631],[-47.7282,-0.58],[-47.7427,-0.5566],[-47.6973,-0.557],[-47.7155,-0.6408],[-47.7552,-0.6267]]],[[[-47.582,-0.6328],[-47.5882,-0.578],[-47.5604,-0.586],[-47.5386,-0.6354],[-47.582,-0.6328]]],[[[-47.9607,-0.6422],[-47.9291,-0.6273],[-47.9126,-0.6376],[-47.9207,-0.659],[-47.9074,-0.6762],[-47.9043,-0.6359],[-47.9027,-0.664],[-47.8967,-0.6436],[-47.8845,-0.6575],[-47.8667,-0.665],[-47.9521,-0.7468],[-47.9607,-0.6422]]],[[[-48.0194,-0.7162],[-48.0001,-0.6984],[-48.0042,-0.6867],[-47.9964,-0.6938],[-47.9976,-0.7112],[-48.0194,-0.7162]]],[[[-47.9902,-0.7319],[-48.0144,-0.7494],[-47.9933,-0.7053],[-47.9902,-0.7319]]],[[[-47.9734,-0.7667],[-47.9788,-0.752],[-47.9857,-0.6938],[-47.9602,-0.7801],[-47.9753,-0.7766],[-47.9734,-0.7667]]],[[[-47.988,-0.7422],[-47.9861,-0.7358],[-47.9814,-0.7517],[-48.0016,-0.7697],[-48.0195,-0.7572],[-48.0,-0.7545],[-47.988,-0.7422]]],[[[-47.458,-0.746],[-47.4355,-0.7275],[-47.4368,-0.7451],[-47.4669,-0.7547],[-47.4688,-0.7515],[-47.4609,-0.751],[-47.458,-0.746]]],[[[-47.6871,-0.7355],[-47.7124,-0.756],[-47.6897,-0.729],[-47.6676,-0.7295],[-47.6871,-0.7355]]],[[[-46.9769,-0.7495],[-46.9937,-0.752],[-46.993,-0.7365],[-46.9769,-0.7495]]],[[[-47.0911,-0.6776],[-47.0757,-0.7093],[-47.092,-0.6898],[-47.1035,-0.7159],[-47.1253,-0.6872],[-47.0911,-0.6776]]],[[[-47.4597,-0.7483],[-47.4699,-0.7093],[-47.4579,-0.7031],[-47.4488,-0.7196],[-47.457,-0.7259],[-47.4604,-0.7319],[-47.4597,-0.7483]]],[[[-46.9633,-0.7259],[-46.9763,-0.7522],[-46.9768,-0.7112],[-46.9936,-0.7178],[-46.9654,-0.7057],[-46.9526,-0.7267],[-46.9566,-0.7475],[-46.9633,-0.7259]]],[[[-47.1296,-0.6969],[-47.1168,-0.7383],[-47.1134,-0.7298],[-47.1065,-0.7386],[-47.0895,-0.7294],[-47.1126,-0.7469],[-47.116,-0.7712],[-47.1392,-0.7419],[-47.126,-0.7443],[-47.1296,-0.6969]]],[[[-46.6331,-0.8316],[-46.6452,-0.8335],[-46.6455,-0.8242],[-46.668,-0.7991],[-46.6331,-0.8316]]],[[[-46.6125,-0.8436],[-46.6391,-0.8408],[-46.6285,-0.8412],[-46.6237,-0.8032],[-46.6248,-0.8238],[-46.61,-0.8281],[-46.6169,-0.8126],[-46.5998,-0.8399],[-46.6049,-0.834],[-46.6125,-0.8436]]],[[[-45.5368,-1.3273],[-45.5602,-1.3167],[-45.5377,-1.3086],[-45.5368,-1.3273]]],[[[-45.3046,-1.3393],[-45.3384,-1.3542],[-45.3653,-1.3256],[-45.3046,-1.3393]]],[[[-45.3395,-1.3554],[-45.3104,-1.3708],[-45.3313,-1.3745],[-45.3395,-1.3554]]],[[[-44.9581,-1.3781],[-44.9722,-1.3784],[-44.996,-1.3522],[-44.9772,-1.3513],[-44.9872,-1.3228],[-44.9594,-1.3367],[-44.9581,-1.3781]]],[[[-45.5,-1.364],[-45.4799,-1.3399],[-45.5047,-1.3904],[-45.5,-1.364]]],[[[-45.0012,-1.381],[-44.974,-1.3774],[-44.9874,-1.3912],[-44.9881,-1.401],[-45.0216,-1.3827],[-45.0082,-1.3467],[-45.0012,-1.381]]],[[[-44.9618,-1.3251],[-44.9777,-1.3026],[-44.9526,-1.3134],[-44.9284,-1.2961],[-44.931,-1.3199],[-44.9071,-1.3317],[-44.9436,-1.3422],[-44.9045,-1.3379],[-44.9498,-1.3781],[-44.9618,-1.3251]]],[[[-44.8016,-1.5279],[-44.8072,-1.5605],[-44.8264,-1.5565],[-44.8339,-1.5352],[-44.8016,-1.5279]]],[[[-44.761,-1.5534],[-44.7363,-1.5382],[-44.7615,-1.5801],[-44.761,-1.5534]]],[[[-44.7057,-1.5532],[-44.7383,-1.6192],[-44.7339,-1.6084],[-44.7351,-1.6035],[-44.7579,-1.5927],[-44.7057,-1.5532]]],[[[-44.7622,-1.6227],[-44.7608,-1.5944],[-44.7441,-1.6099],[-44.7363,-1.6042],[-44.7362,-1.612],[-44.7622,-1.6227]]],[[[-44.7484,-1.6423],[-44.7641,-1.6227],[-44.7379,-1.6312],[-44.7067,-1.5866],[-44.6985,-1.6191],[-44.6836,-1.566],[-44.6435,-1.6004],[-44.6616,-1.6626],[-44.6645,-1.6456],[-44.6903,-1.6266],[-44.6639,-1.6294],[-44.6648,-1.6079],[-44.692,-1.6238],[-44.69,-1.6343],[-44.6792,-1.6432],[-44.7484,-1.6423]]],[[[-44.7745,-1.6511],[-44.7752,-1.6746],[-44.7899,-1.6488],[-44.7791,-1.622],[-44.7956,-1.5876],[-44.7678,-1.5717],[-44.7745,-1.6511]]],[[[-44.7405,-1.6806],[-44.7404,-1.6988],[-44.7574,-1.6897],[-44.7405,-1.6806]]],[[[-44.5882,-1.7712],[-44.6047,-1.8124],[-44.6167,-1.8131],[-44.6179,-1.7809],[-44.5882,-1.7712]]],[[[-43.6405,-2.2758],[-43.6904,-2.3233],[-43.6757,-2.3447],[-43.7121,-2.3324],[-43.7398,-2.352],[-43.6985,-2.2762],[-43.6014,-2.2586],[-43.6405,-2.2758]]],[[[-44.5048,-2.4426],[-44.4416,-2.4516],[-44.5107,-2.535],[-44.496,-2.4733],[-44.5048,-2.4426]]],[[[-44.3692,-2.5722],[-44.3489,-2.5269],[-44.307,-2.5263],[-44.3043,-2.4877],[-44.1056,-2.4163],[-44.0725,-2.4462],[-44.1251,-2.456],[-44.1008,-2.464],[-44.1093,-2.4651],[-44.124,-2.4767],[-44.1279,-2.4738],[-44.1349,-2.4826],[-44.0847,-2.4594],[-44.0604,-2.5034],[-44.0966,-2.5351],[-44.0394,-2.5082],[-44.0545,-2.4683],[-44.024,-2.5078],[-44.0366,-2.5567],[-44.0562,-2.5395],[-44.0536,-2.5646],[-44.1024,-2.5705],[-44.1377,-2.6814],[-44.1899,-2.7045],[-44.2208,-2.6743],[-44.2045,-2.7174],[-44.3121,-2.774],[-44.3743,-2.7418],[-44.3647,-2.7379],[-44.3514,-2.6549],[-44.36,-2.6167],[-44.3417,-2.6036],[-44.3692,-2.5722]]],[[[-44.3643,-2.6399],[-44.3726,-2.705],[-44.3629,-2.7231],[-44.3779,-2.7445],[-44.3686,-2.7554],[-44.3884,-2.7632],[-44.3885,-2.798],[-44.4098,-2.7986],[-44.3643,-2.6399]]],[[[-44.1853,-2.7645],[-44.2006,-2.8369],[-44.2101,-2.8183],[-44.2169,-2.8315],[-44.2204,-2.8149],[-44.2241,-2.815],[-44.2286,-2.8225],[-44.2371,-2.82],[-44.2202,-2.8027],[-44.2385,-2.7813],[-44.1853,-2.7645]]],[[[-43.6025,-2.2932],[-43.5929,-2.2745],[-43.5866,-2.2912],[-43.6025,-2.2932]]],[[[-43.7101,-2.4271],[-43.7483,-2.4064],[-43.719,-2.3931],[-43.7275,-2.3491],[-43.6984,-2.3725],[-43.6579,-2.3678],[-43.6741,-2.3291],[-43.6487,-2.3456],[-43.6647,-2.322],[-43.6296,-2.3076],[-43.6464,-2.4038],[-43.6875,-2.3954],[-43.7101,-2.4271]]],[[[-43.7882,-2.4146],[-43.7879,-2.3832],[-43.7708,-2.3692],[-43.7523,-2.3776],[-43.7882,-2.4146]]],[[[-43.8031,-2.3911],[-43.7996,-2.4151],[-43.8296,-2.4376],[-43.8374,-2.4175],[-43.8031,-2.3911]]],[[[-43.7359,-2.4295],[-43.7582,-2.4248],[-43.7526,-2.4051],[-43.7359,-2.4295]]],[[[-43.5365,-2.4065],[-43.5275,-2.3729],[-43.5075,-2.3844],[-43.5055,-2.4047],[-43.5365,-2.4065]]],[[[-43.561,-2.3565],[-43.5619,-2.4237],[-43.6,-2.4131],[-43.608,-2.3705],[-43.561,-2.3565]]],[[[-44.0341,-2.4393],[-44.0588,-2.4137],[-44.0983,-2.4098],[-44.0332,-2.4062],[-44.0341,-2.4393]]],[[[-43.5813,-2.4595],[-43.5738,-2.4805],[-43.6118,-2.5059],[-43.5813,-2.4595]]],[[[-43.7622,-2.4191],[-43.7912,-2.4463],[-43.7636,-2.427],[-43.7603,-2.4355],[-43.7489,-2.4485],[-43.785,-2.4726],[-43.799,-2.441],[-43.7622,-2.4191]]],[[[-43.8365,-2.5389],[-43.8418,-2.4487],[-43.815,-2.4333],[-43.8335,-2.518],[-43.8095,-2.5322],[-43.8253,-2.5342],[-43.8365,-2.5389]]],[[[-43.8259,-2.5081],[-43.8174,-2.4993],[-43.7955,-2.4696],[-43.7995,-2.4571],[-43.7835,-2.4846],[-43.7972,-2.5049],[-43.791,-2.5474],[-43.8134,-2.549],[-43.8074,-2.5312],[-43.8103,-2.5161],[-43.8259,-2.5081]]],[[[-43.767,-2.4957],[-43.7943,-2.5168],[-43.7817,-2.5036],[-43.7761,-2.4843],[-43.767,-2.4957]]],[[[-43.8794,-2.544],[-43.8653,-2.5183],[-43.8682,-2.5553],[-43.8794,-2.544]]],[[[-32.4576,-3.8813],[-32.467,-3.877],[-32.3987,-3.8286],[-32.4247,-3.8776],[-32.4353,-3.8697],[-32.4576,-3.8813]]],[[[-34.8877,-8.0701],[-34.8903,-8.0454],[-34.8695,-8.0366],[-34.8877,-8.0701]]],[[[-44.7669,-1.5014],[-44.7864,-1.5085],[-44.7685,-1.4859],[-44.7884,-1.4692],[-44.7631,-1.4578],[-44.7461,-1.5088],[-44.7916,-1.5257],[-44.7669,-1.5014]]],[[[-44.8154,-1.5271],[-44.8119,-1.5059],[-44.7788,-1.4788],[-44.8154,-1.5271]]],[[[-44.945,-1.5958],[-44.9305,-1.5478],[-44.9623,-1.489],[-44.9326,-1.5215],[-44.9547,-1.4914],[-44.9196,-1.5026],[-44.9334,-1.4778],[-44.8916,-1.4416],[-44.8774,-1.4677],[-44.884,-1.4257],[-44.8564,-1.4376],[-44.8467,-1.417],[-44.8423,-1.4731],[-44.8463,-1.4522],[-44.8599,-1.4433],[-44.8583,-1.4855],[-44.9019,-1.4721],[-44.8721,-1.4877],[-44.9263,-1.516],[-44.8904,-1.515],[-44.9244,-1.5316],[-44.9091,-1.6042],[-44.945,-1.5958]]],[[[-45.1154,-1.5143],[-45.1295,-1.4821],[-45.1059,-1.4745],[-45.1156,-1.5008],[-45.0971,-1.5063],[-45.1154,-1.5143]]],[[[-45.3386,-1.5233],[-45.3213,-1.5036],[-45.3255,-1.4814],[-45.3059,-1.499],[-45.3222,-1.5611],[-45.3417,-1.5473],[-45.3703,-1.5391],[-45.3358,-1.4775],[-45.3386,-1.5233]]],[[[-44.9857,-1.5801],[-44.9444,-1.5843],[-44.9701,-1.5991],[-44.9857,-1.5801]]],[[[-45.3342,-1.7357],[-45.3106,-1.6026],[-45.2773,-1.6003],[-45.275,-1.6474],[-45.3102,-1.6487],[-45.2947,-1.6894],[-45.306,-1.7002],[-45.2969,-1.7194],[-45.3342,-1.7357]]],[[[-45.2363,-1.6708],[-45.2761,-1.6874],[-45.276,-1.7232],[-45.3011,-1.7059],[-45.2917,-1.6886],[-45.305,-1.6533],[-45.2721,-1.652],[-45.2543,-1.6293],[-45.2363,-1.6708]]],[[[-45.3018,-1.7434],[-45.2759,-1.7346],[-45.2686,-1.7506],[-45.2781,-1.7522],[-45.3018,-1.7434]]],[[[-44.1634,-2.8191],[-44.1592,-2.7942],[-44.1407,-2.7903],[-44.1634,-2.8191]]],[[[-44.2288,-2.8235],[-44.2183,-2.8321],[-44.2023,-2.838],[-44.2592,-2.8658],[-44.247,-2.8145],[-44.2496,-2.8092],[-44.2643,-2.8096],[-44.2671,-2.8243],[-44.2804,-2.8097],[-44.2677,-2.7803],[-44.2218,-2.8026],[-44.2385,-2.8133],[-44.2422,-2.832],[-44.2384,-2.8206],[-44.2288,-2.8235]]],[[[-44.4831,-2.7257],[-44.4814,-2.8241],[-44.5307,-2.8356],[-44.5036,-2.8319],[-44.5299,-2.8485],[-44.5028,-2.861],[-44.5195,-2.8765],[-44.5318,-2.8677],[-44.5361,-2.8693],[-44.537,-2.8713],[-44.5198,-2.8781],[-44.5024,-2.8626],[-44.4998,-2.8712],[-44.5079,-2.8369],[-44.4828,-2.8334],[-44.4801,-2.957],[-44.5869,-3.0317],[-44.6412,-2.9731],[-44.5882,-2.9001],[-44.5797,-2.8562],[-44.5883,-2.8185],[-44.4831,-2.7257]]],[[[-44.6635,-2.928],[-44.6422,-2.9245],[-44.6633,-2.9424],[-44.6635,-2.928]]],[[[-44.0298,-22.996],[-44.0299,-23.0074],[-44.0533,-23.007],[-44.0298,-22.996]]],[[[-44.3918,-23.0449],[-44.3493,-23.0387],[-44.3456,-23.0686],[-44.3622,-23.0461],[-44.3918,-23.0449]]],[[[-44.602,-23.2219],[-44.5988,-23.2048],[-44.5846,-23.2037],[-44.602,-23.2219]]],[[[-44.3769,-23.1714],[-44.2353,-23.0839],[-44.1645,-23.1419],[-44.1268,-23.1195],[-44.1406,-23.1576],[-44.0909,-23.1672],[-44.1964,-23.2037],[-44.3007,-23.1776],[-44.3334,-23.2236],[-44.3485,-23.2272],[-44.3404,-23.1826],[-44.3769,-23.1714]]],[[[-34.8885,-8.0715],[-34.8742,-8.0683],[-34.9009,-8.0813],[-34.9004,-8.0679],[-34.8885,-8.0715]]],[[[-35.7796,-9.6661],[-35.7673,-9.6657],[-35.7857,-9.6869],[-35.7911,-9.6808],[-35.7796,-9.6661]]],[[[-35.8375,-9.7181],[-35.8057,-9.7016],[-35.7984,-9.6932],[-35.7957,-9.6849],[-35.7839,-9.6968],[-35.8375,-9.7181]]],[[[-43.8536,-2.5261],[-43.844,-2.5529],[-43.853,-2.5805],[-43.8653,-2.5587],[-43.8536,-2.5261]]],[[[-43.4833,-2.4867],[-43.4848,-2.5231],[-43.4942,-2.4805],[-43.4833,-2.4867]]],[[[-43.266,-22.8116],[-43.1573,-22.7787],[-43.1718,-22.832],[-43.266,-22.8116]]],[[[-38.7016,-12.5954],[-38.7011,-12.6121],[-38.7073,-12.6178],[-38.706,-12.6267],[-38.6838,-12.6522],[-38.6918,-12.6682],[-38.7149,-12.6444],[-38.7016,-12.5954]]],[[[-38.6203,-12.7309],[-38.597,-12.738],[-38.6221,-12.7499],[-38.6203,-12.7309]]],[[[-38.9542,-13.4038],[-38.9154,-13.3741],[-38.8908,-13.455],[-38.9282,-13.5773],[-38.9492,-13.5662],[-38.9887,-13.5689],[-38.9826,-13.5282],[-39.0497,-13.4599],[-39.0218,-13.4575],[-39.0357,-13.3977],[-38.9542,-13.4038]]],[[[-38.9299,-13.5814],[-38.9663,-13.5783],[-38.9517,-13.568],[-38.9299,-13.5814]]],[[[-38.9985,-13.5783],[-38.9016,-13.5996],[-38.9139,-13.6756],[-38.9666,-13.6715],[-38.9651,-13.6244],[-38.9985,-13.5783]]],[[[-38.517,-12.7515],[-38.5352,-12.7961],[-38.537,-12.7441],[-38.517,-12.7515]]],[[[-38.6374,-12.8144],[-38.6388,-12.7731],[-38.6184,-12.7605],[-38.6374,-12.8144]]],[[[-38.6864,-12.986],[-38.6855,-12.8791],[-38.6321,-12.9077],[-38.615,-12.9853],[-38.6559,-13.0325],[-38.7139,-13.0621],[-38.7623,-13.1191],[-38.7898,-13.1313],[-38.7769,-13.1243],[-38.7955,-13.0837],[-38.7817,-13.0801],[-38.7811,-13.0738],[-38.7979,-13.0631],[-38.7791,-13.0175],[-38.7483,-13.0108],[-38.7769,-13.0415],[-38.7296,-13.0135],[-38.7225,-13.0235],[-38.7277,-13.0314],[-38.7222,-13.04],[-38.7219,-12.9951],[-38.6864,-12.986]]],[[[-40.3166,-20.257],[-40.3159,-20.2811],[-40.3084,-20.2797],[-40.3112,-20.2846],[-40.2898,-20.2949],[-40.2852,-20.293],[-40.2898,-20.308],[-40.2757,-20.3106],[-40.3491,-20.3247],[-40.3166,-20.257]]],[[[-43.2425,-22.8371],[-43.2258,-22.8566],[-43.2083,-22.8588],[-43.2158,-22.8705],[-43.2425,-22.8371]]],[[[-43.8686,-22.925],[-43.9099,-22.9564],[-43.9123,-22.9349],[-43.8686,-22.925]]],[[[-42.0007,-23.0166],[-42.0002,-22.9907],[-41.9782,-22.9777],[-42.0007,-23.0166]]],[[[-43.935,-23.0153],[-43.9281,-22.9892],[-43.9175,-22.9886],[-43.935,-23.0153]]],[[[-43.8079,-23.0613],[-43.6143,-23.031],[-43.6018,-23.0401],[-43.577,-23.0481],[-43.566,-23.0575],[-43.988,-23.1023],[-44.0121,-23.0794],[-43.9544,-23.0403],[-43.8822,-23.0664],[-43.9115,-23.0199],[-43.8079,-23.0613]]],[[[-46.4445,-0.9101],[-46.4441,-0.8907],[-46.4755,-0.8715],[-46.4119,-0.8837],[-46.4445,-0.9101]]],[[[-46.5312,-0.9801],[-46.5002,-0.9267],[-46.5045,-0.8921],[-46.5005,-0.8883],[-46.4942,-0.8861],[-46.4932,-0.8838],[-46.4914,-0.8839],[-46.493,-0.8834],[-46.4941,-0.8856],[-46.4964,-0.8854],[-46.4975,-0.8871],[-46.4999,-0.8875],[-46.5052,-0.8917],[-46.5,-0.8857],[-46.5116,-0.894],[-46.4885,-0.8746],[-46.4684,-0.8995],[-46.4873,-0.8988],[-46.4723,-0.9269],[-46.4967,-0.9404],[-46.4666,-0.9396],[-46.4971,-0.9773],[-46.4664,-1.0044],[-46.4867,-0.9986],[-46.5195,-1.0173],[-46.5321,-1.0062],[-46.5467,-1.0206],[-46.5574,-1.0088],[-46.5566,-0.9913],[-46.5755,-0.9817],[-46.5348,-0.906],[-46.5312,-0.9801]]],[[[-46.4121,-0.9691],[-46.4358,-0.9899],[-46.4098,-0.9432],[-46.4121,-0.9691]]],[[[-46.3175,-0.9365],[-46.3082,-0.9976],[-46.3136,-1.0066],[-46.3377,-0.9589],[-46.3175,-0.9365]]],[[[-46.3586,-1.0078],[-46.3328,-1.0483],[-46.3615,-1.0857],[-46.3586,-1.0078]]],[[[-46.0696,-1.1133],[-46.0968,-1.0834],[-46.0899,-1.0633],[-46.0696,-1.1133]]],[[[-45.8447,-1.0709],[-45.8936,-1.1376],[-45.8705,-1.0523],[-45.8447,-1.0709]]],[[[-45.827,-1.128],[-45.8046,-1.1444],[-45.8239,-1.1527],[-45.827,-1.128]]],[[[-45.9956,-1.0906],[-45.979,-1.0905],[-45.9938,-1.1278],[-45.9603,-1.1266],[-46.0072,-1.1403],[-46.0047,-1.1309],[-46.0117,-1.1277],[-46.008,-1.1209],[-46.0305,-1.1103],[-45.9787,-1.0507],[-45.9688,-1.0898],[-45.9956,-1.0906]]],[[[-46.0448,-1.1797],[-46.0537,-1.1325],[-46.0326,-1.1409],[-46.0397,-1.1189],[-46.0125,-1.0801],[-46.0325,-1.1116],[-46.0211,-1.1291],[-46.0061,-1.1323],[-46.0277,-1.1568],[-46.0172,-1.1843],[-46.0393,-1.1969],[-46.0483,-1.2131],[-46.0712,-1.1859],[-46.0448,-1.1797]]],[[[-46.0044,-1.1441],[-46.004,-1.171],[-46.0199,-1.1739],[-46.0261,-1.1608],[-46.0179,-1.1641],[-46.0044,-1.1441]]],[[[-46.0138,-1.1848],[-45.9787,-1.1448],[-45.9518,-1.1418],[-45.9581,-1.1946],[-45.973,-1.1851],[-46.0138,-1.1848]]],[[[-45.8089,-1.198],[-45.7818,-1.2048],[-45.7946,-1.23],[-45.8089,-1.198]]],[[[-45.6286,-1.1325],[-45.63,-1.1218],[-45.6177,-1.1341],[-45.613,-1.1603],[-45.6439,-1.2207],[-45.6335,-1.2477],[-45.646,-1.3034],[-45.6381,-1.3491],[-45.7021,-1.367],[-45.6814,-1.3496],[-45.6951,-1.3363],[-45.679,-1.3124],[-45.691,-1.275],[-45.6585,-1.2583],[-45.6632,-1.2738],[-45.6597,-1.2779],[-45.6502,-1.2798],[-45.6686,-1.2959],[-45.6644,-1.3169],[-45.648,-1.2825],[-45.6578,-1.2675],[-45.6435,-1.2459],[-45.6476,-1.208],[-45.6286,-1.1325]]],[[[-44.9951,-1.2741],[-44.9842,-1.299],[-44.9916,-1.3072],[-44.9951,-1.2741]]],[[[-44.88,-1.2871],[-44.9033,-1.2826],[-44.8897,-1.3229],[-44.9219,-1.3232],[-44.9157,-1.3015],[-44.9269,-1.3054],[-44.9252,-1.2957],[-44.9376,-1.2954],[-44.9287,-1.2746],[-44.9505,-1.268],[-44.88,-1.2871]]],[[[-44.8698,-1.3299],[-44.893,-1.3473],[-44.8862,-1.3197],[-44.8698,-1.3299]]],[[[-44.9752,-1.3003],[-44.9836,-1.2991],[-44.9772,-1.2852],[-44.9725,-1.2907],[-44.9575,-1.2793],[-44.9412,-1.2916],[-44.9544,-1.2993],[-44.9567,-1.3096],[-44.9614,-1.3023],[-44.9752,-1.3003]]],[[[-45.4113,-1.3409],[-45.4784,-1.3283],[-45.4115,-1.3075],[-45.4549,-1.294],[-45.4128,-1.2963],[-45.4059,-1.3149],[-45.4113,-1.3409]]],[[[-45.0296,-1.3164],[-44.9913,-1.3234],[-44.994,-1.3243],[-44.9967,-1.3474],[-45.0296,-1.3164]]],[[[-45.1069,-1.4139],[-45.1264,-1.3883],[-45.1153,-1.3641],[-45.0918,-1.3817],[-45.1069,-1.4139]]],[[[-45.5068,-1.4287],[-45.53,-1.4177],[-45.4616,-1.3553],[-45.4855,-1.4392],[-45.5068,-1.4287]]],[[[-45.1011,-1.419],[-45.0699,-1.3793],[-45.0999,-1.4338],[-45.1011,-1.419]]],[[[-45.3703,-1.3956],[-45.3535,-1.3899],[-45.361,-1.3956],[-45.3621,-1.4108],[-45.3604,-1.4123],[-45.3534,-1.4123],[-45.3383,-1.3888],[-45.3755,-1.3797],[-45.3521,-1.3547],[-45.3319,-1.3749],[-45.3142,-1.3723],[-45.3068,-1.4374],[-45.375,-1.4614],[-45.4119,-1.4337],[-45.36,-1.4293],[-45.3979,-1.4153],[-45.3703,-1.3956]]],[[[-45.1062,-1.4685],[-45.1331,-1.4631],[-45.109,-1.4203],[-45.1062,-1.4685]]],[[[-45.4915,-1.4469],[-45.4913,-1.4744],[-45.5075,-1.4543],[-45.5333,-1.4768],[-45.5504,-1.4164],[-45.5213,-1.4321],[-45.5138,-1.4327],[-45.5075,-1.4292],[-45.5034,-1.4305],[-45.4915,-1.4469]]],[[[-45.4301,-1.4672],[-45.3765,-1.4639],[-45.3865,-1.4706],[-45.3927,-1.4973],[-45.44,-1.5031],[-45.4524,-1.5104],[-45.4563,-1.4552],[-45.4247,-1.4195],[-45.4332,-1.4678],[-45.4126,-1.4888],[-45.4301,-1.4672]]],[[[-45.0798,-1.4786],[-45.0959,-1.4554],[-45.0762,-1.4629],[-45.0798,-1.4786]]],[[[-45.5836,-1.2323],[-45.5766,-1.1949],[-45.5363,-1.2136],[-45.5398,-1.2286],[-45.5836,-1.2323]]],[[[-45.6999,-1.2028],[-45.6835,-1.244],[-45.6826,-1.2226],[-45.6953,-1.1932],[-45.6681,-1.2264],[-45.691,-1.265],[-45.7101,-1.2282],[-45.6999,-1.2028]]],[[[-47.0188,-0.7652],[-47.0301,-0.7953],[-47.0264,-0.8033],[-47.0321,-0.7964],[-47.0364,-0.7804],[-47.0188,-0.7652]]],[[[-45.0804,-23.5259],[-45.0392,-23.5343],[-45.0791,-23.5601],[-45.0804,-23.5259]]],[[[-45.0074,-23.7491],[-45.0185,-23.7592],[-45.023,-23.7404],[-45.0074,-23.7491]]],[[[-45.1613,-23.803],[-45.1157,-23.8031],[-45.1167,-23.8115],[-45.1613,-23.803]]],[[[-45.3188,-23.7234],[-45.2299,-23.7764],[-45.2485,-23.8248],[-45.2268,-23.837],[-45.291,-23.8661],[-45.2233,-23.9034],[-45.2518,-23.9681],[-45.2916,-23.9102],[-45.428,-23.9412],[-45.4604,-23.9142],[-45.3188,-23.7234]]],[[[-45.6916,-24.0905],[-45.6849,-24.1023],[-45.7012,-24.1095],[-45.6916,-24.0905]]],[[[-47.9052,-0.6029],[-47.8503,-0.6007],[-47.8618,-0.658],[-47.8852,-0.6533],[-47.9191,-0.6023],[-47.9045,-0.6161],[-47.8871,-0.6235],[-47.8904,-0.6303],[-47.891,-0.6345],[-47.8847,-0.6364],[-47.8711,-0.6209],[-47.9052,-0.6029]]],[[[-47.8006,-0.6311],[-47.8017,-0.623],[-47.8042,-0.6127],[-47.785,-0.5884],[-47.7743,-0.6437],[-47.8125,-0.6639],[-47.8244,-0.6473],[-47.8006,-0.6406],[-47.8006,-0.6311]]],[[[-47.7934,-0.6669],[-47.8232,-0.676],[-47.8264,-0.6525],[-47.8125,-0.6658],[-47.7934,-0.6669]]],[[[-48.8802,-0.2021],[-48.9472,-0.2073],[-48.9296,-0.1554],[-48.8799,-0.1582],[-48.8802,-0.2021]]],[[[-47.8078,-24.911],[-47.5541,-24.7237],[-47.5401,-24.7052],[-47.4775,-24.7054],[-47.4216,-24.6743],[-47.7138,-24.866],[-47.9119,-25.0527],[-47.8966,-24.9697],[-47.8643,-24.9658],[-47.8392,-24.9041],[-47.8078,-24.911]]],[[[-47.8114,-24.8964],[-47.8408,-24.9023],[-47.8668,-24.9595],[-47.9015,-24.9625],[-47.9266,-25.0135],[-47.9226,-25.0334],[-48.0053,-25.0578],[-47.8908,-24.9158],[-47.8506,-24.8945],[-47.8114,-24.8964]]],[[[-48.0205,-25.0998],[-47.9068,-25.0643],[-47.8951,-25.1074],[-47.914,-25.1591],[-48.0568,-25.2596],[-47.9942,-25.2074],[-47.9911,-25.1747],[-48.0322,-25.1565],[-48.0154,-25.1292],[-48.0205,-25.0998]]],[[[-48.3892,-25.3125],[-48.3558,-25.2918],[-48.3625,-25.3149],[-48.3892,-25.3125]]],[[[-48.3604,-25.3185],[-48.3406,-25.3],[-48.3482,-25.3207],[-48.3604,-25.3185]]],[[[-48.2528,-25.4468],[-48.2062,-25.3175],[-48.1792,-25.3342],[-48.1782,-25.3],[-48.1423,-25.2936],[-48.0586,-25.2389],[-48.057,-25.2187],[-48.0285,-25.2207],[-48.0292,-25.2353],[-48.0493,-25.2481],[-48.0829,-25.2773],[-48.1057,-25.3033],[-48.1073,-25.3158],[-48.1052,-25.3176],[-48.0621,-25.27],[-48.1909,-25.4153],[-48.2141,-25.4731],[-48.2528,-25.4468]]],[[[-48.2968,-25.344],[-48.3155,-25.3649],[-48.3382,-25.35],[-48.3281,-25.3357],[-48.3074,-25.3287],[-48.3066,-25.3236],[-48.2968,-25.344]]],[[[-48.427,-25.3543],[-48.4051,-25.3516],[-48.4023,-25.3636],[-48.4154,-25.3855],[-48.427,-25.3543]]],[[[-48.3112,-25.3881],[-48.2899,-25.342],[-48.2456,-25.3409],[-48.2653,-25.4255],[-48.2532,-25.4691],[-48.2842,-25.4874],[-48.3367,-25.4589],[-48.3437,-25.4141],[-48.3112,-25.3881]]],[[[-48.6568,-25.5169],[-48.6455,-25.5041],[-48.6203,-25.5105],[-48.6568,-25.5169]]],[[[-48.4896,-25.4998],[-48.4151,-25.5454],[-48.4787,-25.5202],[-48.4896,-25.4998]]],[[[-48.4128,-25.5405],[-48.4631,-25.5142],[-48.463,-25.5124],[-48.4139,-25.5181],[-48.4128,-25.5405]]],[[[-48.4983,-25.5203],[-48.5084,-25.5508],[-48.5238,-25.5432],[-48.4983,-25.5203]]],[[[-48.3199,-25.5742],[-48.3051,-25.5421],[-48.3823,-25.5029],[-48.3188,-25.4972],[-48.2896,-25.5391],[-48.3199,-25.5742]]],[[[-48.7315,-26.3151],[-48.7558,-26.2984],[-48.7407,-26.292],[-48.7315,-26.3151]]],[[[-48.6888,-26.3476],[-48.7081,-26.3335],[-48.7135,-26.3302],[-48.6953,-26.3323],[-48.6888,-26.3476]]],[[[-48.3568,-27.2993],[-48.3767,-27.2847],[-48.371,-27.27],[-48.3596,-27.2736],[-48.3568,-27.2993]]],[[[-48.5816,-27.7621],[-48.5522,-27.7004],[-48.572,-27.6728],[-48.5236,-27.6467],[-48.5639,-27.5919],[-48.508,-27.548],[-48.5395,-27.4914],[-48.5181,-27.4596],[-48.5472,-27.4589],[-48.4363,-27.4212],[-48.4165,-27.3805],[-48.3603,-27.4465],[-48.5029,-27.7163],[-48.4757,-27.7703],[-48.5596,-27.8391],[-48.5816,-27.7621]]],[[[-55.843,-22.2873],[-56.1659,-22.2883],[-56.3169,-22.2183],[-56.394,-22.0743],[-56.5071,-22.0956],[-56.5567,-22.1965],[-56.6371,-22.2634],[-56.7034,-22.2169],[-56.7203,-22.2648],[-56.7934,-22.2424],[-56.8429,-22.3016],[-56.8834,-22.2476],[-56.9055,-22.2665],[-56.9967,-22.2225],[-57.0824,-22.2511],[-57.2014,-22.211],[-57.2377,-22.2513],[-57.2945,-22.2185],[-57.3204,-22.2455],[-57.3744,-22.232],[-57.4073,-22.1976],[-57.5804,-22.1753],[-57.6106,-22.0946],[-57.7077,-22.0912],[-57.7391,-22.1348],[-57.8018,-22.1507],[-57.8274,-22.1205],[-57.9297,-22.1202],[-57.9422,-22.0828],[-57.9938,-22.0902],[-58.0095,-22.0404],[-57.9658,-22.005],[-57.9487,-21.9013],[-57.9128,-21.8827],[-57.966,-21.8505],[-57.9087,-21.7735],[-57.9471,-21.7441],[-57.8833,-21.689],[-57.9344,-21.6504],[-57.9139,-21.5902],[-57.968,-21.5243],[-57.8535,-21.3311],[-57.9216,-21.2807],[-57.852,-21.2242],[-57.8687,-21.0461],[-57.8192,-20.9407],[-57.8638,-20.9485],[-57.9284,-20.9004],[-57.8552,-20.834],[-57.8986,-20.7887],[-57.9618,-20.7916],[-57.9348,-20.7457],[-57.8673,-20.7326],[-57.9197,-20.665],[-57.9885,-20.6988],[-57.9705,-20.6426],[-58.0138,-20.6107],[-57.9952,-20.5616],[-58.0192,-20.5153],[-57.9985,-20.4355],[-58.0934,-20.3555],[-58.096,-20.2545],[-58.1622,-20.2595],[-58.1215,-20.1925],[-58.1697,-20.1671],[-57.9535,-20.0209],[-57.9025,-20.0421],[-57.858,-19.9703],[-58.131,-19.758],[-57.784,-19.033],[-57.691,-19.0109],[-57.719,-18.899],[-57.766,-18.899],[-57.7352,-18.7972],[-57.557,-18.24],[-57.453,-18.231],[-57.574,-18.131],[-57.723,-17.8307],[-57.685,-17.8104],[-57.7822,-17.6427],[-57.7957,-17.56],[-57.7518,-17.5662],[-57.883,-17.449],[-57.996,-17.515],[-58.06,-17.45],[-58.116,-17.451],[-58.151,-17.384],[-58.263,-17.344],[-58.396,-17.181],[-58.386,-17.111],[-58.434,-17.086],[-58.423,-16.989],[-58.474,-16.935],[-58.47,-16.703],[-58.436,-16.592],[-58.333,-16.49],[-58.356,-16.428],[-58.3079,-16.3717],[-58.3223,-16.2656],[-58.3894,-16.2618],[-58.4308,-16.3224],[-60.1738,-16.2667],[-60.2392,-15.4749],[-60.5752,-15.0977],[-60.245,-15.0974],[-60.2736,-14.621],[-60.3229,-14.6104],[-60.3395,-14.5108],[-60.4079,-14.4135],[-60.3958,-14.3645],[-60.454,-14.314],[-60.4501,-14.2398],[-60.4933,-14.189],[-60.4804,-14.0955],[-60.3815,-13.9898],[-60.451,-13.937],[-60.4509,-13.8834],[-60.4761,-13.886],[-60.4563,-13.8545],[-60.4929,-13.856],[-60.4681,-13.7941],[-60.5269,-13.7938],[-60.5191,-13.7711],[-60.5492,-13.7822],[-60.6197,-13.7175],[-60.655,-13.7369],[-60.6891,-13.6972],[-60.7684,-13.6833],[-60.8776,-13.6198],[-60.9216,-13.5416],[-61.0076,-13.5506],[-60.9884,-13.5011],[-61.0152,-13.4884],[-61.0566,-13.5126],[-61.0953,-13.4918],[-61.1038,-13.5317],[-61.1835,-13.506],[-61.1947,-13.537],[-61.2993,-13.4779],[-61.3068,-13.5035],[-61.4691,-13.5544],[-61.572,-13.518],[-61.5784,-13.4872],[-61.6249,-13.5169],[-61.6949,-13.4992],[-61.7586,-13.5409],[-61.7734,-13.5161],[-61.856,-13.5382],[-61.8958,-13.4281],[-61.9695,-13.4072],[-61.9746,-13.3681],[-62.1148,-13.2593],[-62.1168,-13.1574],[-62.15,-13.1631],[-62.1675,-13.1134],[-62.1931,-13.1533],[-62.2155,-13.1105],[-62.2742,-13.1573],[-62.4151,-13.1277],[-62.4583,-13.0616],[-62.5042,-13.0822],[-62.6099,-13.0429],[-62.5997,-13.015],[-62.6308,-13.0148],[-62.6489,-12.9645],[-62.781,-13.0085],[-62.8054,-12.9408],[-62.8477,-12.9481],[-62.8941,-12.8558],[-63.0117,-12.8358],[-63.0465,-12.7412],[-63.0819,-12.7231],[-63.0616,-12.6861],[-63.0993,-12.681],[-63.0937,-12.6333],[-63.1609,-12.6129],[-63.1662,-12.6422],[-63.194,-12.6231],[-63.1986,-12.6576],[-63.2467,-12.6616],[-63.2357,-12.6892],[-63.2969,-12.6825],[-63.4408,-12.6075],[-63.4374,-12.5643],[-63.5041,-12.5657],[-63.5561,-12.5052],[-63.7854,-12.4278],[-63.8344,-12.4621],[-63.8891,-12.4458],[-63.901,-12.503],[-63.9512,-12.5296],[-64.0937,-12.4835],[-64.1243,-12.5051],[-64.1329,-12.4763],[-64.1672,-12.5135],[-64.1739,-12.4664],[-64.2307,-12.4536],[-64.2932,-12.501],[-64.2936,-12.4581],[-64.4075,-12.446],[-64.5092,-12.361],[-64.5128,-12.2246],[-64.5537,-12.2409],[-64.5764,-12.21],[-64.708,-12.1785],[-64.7072,-12.0868],[-64.7577,-12.1565],[-64.7624,-12.0931],[-64.8416,-12.1101],[-64.8098,-12.0567],[-64.8381,-12.0116],[-64.9177,-12.0267],[-64.947,-11.9928],[-64.9779,-12.0184],[-65.0335,-11.996],[-65.0204,-11.9257],[-65.0705,-11.873],[-65.0867,-11.7082],[-65.1898,-11.7227],[-65.1822,-11.7561],[-65.2593,-11.7105],[-65.2157,-11.6476],[-65.2118,-11.5286],[-65.3085,-11.4962],[-65.3325,-11.3369],[-65.2902,-11.3203],[-65.3435,-11.3082],[-65.3583,-11.2683],[-65.3586,-11.2175],[-65.3129,-11.1958],[-65.3539,-11.1842],[-65.3618,-11.1403],[-65.2827,-11.0901],[-65.3007,-11.0314],[-65.2505,-10.9851],[-65.2748,-10.873],[-65.3666,-10.7976],[-65.3467,-10.6816],[-65.4057,-10.6393],[-65.4301,-10.485],[-65.2884,-10.2145],[-65.333,-9.965],[-65.2859,-9.8429],[-65.3729,-9.7002],[-65.4443,-9.6689],[-65.5002,-9.7297],[-65.5005,-9.7856],[-65.565,-9.8113],[-65.5561,-9.845],[-65.6271,-9.8382],[-65.6696,-9.7813],[-65.7102,-9.8086],[-65.6839,-9.7499],[-65.7432,-9.783],[-65.7701,-9.7344],[-65.7944,-9.793],[-65.7996,-9.7566],[-65.8653,-9.7953],[-65.8718,-9.7531],[-65.9198,-9.7531],[-65.9745,-9.7756],[-65.9822,-9.8101],[-66.0699,-9.7828],[-66.093,-9.814],[-66.1032,-9.7821],[-66.1525,-9.7842],[-66.2038,-9.8351],[-66.2356,-9.8128],[-66.3472,-9.8382],[-66.426,-9.899],[-66.4366,-9.8652],[-66.6199,-9.8935],[-66.6371,-9.9501],[-66.6629,-9.9369],[-66.8376,-10.084],[-66.8751,-10.0827],[-66.9528,-10.1889],[-66.9969,-10.199],[-67.0158,-10.2587],[-67.1261,-10.2905],[-67.1775,-10.3392],[-67.3167,-10.32],[-67.3108,-10.3774],[-67.3518,-10.393],[-67.4071,-10.3729],[-67.4367,-10.4492],[-67.5677,-10.5008],[-67.6757,-10.6052],[-67.7083,-10.7108],[-67.8646,-10.6407],[-68.033,-10.6558],[-68.1052,-10.715],[-68.1037,-10.7769],[-68.1958,-10.8597],[-68.2367,-10.9612],[-68.5445,-11.1089],[-68.7159,-11.1475],[-68.7662,-11.0662],[-68.7582,-10.9996],[-68.8464,-10.9917],[-68.9107,-11.0221],[-68.9535,-10.9895],[-68.9924,-11.0114],[-69.0717,-10.967],[-69.1211,-10.9813],[-69.3253,-10.9358],[-69.3749,-10.9566],[-69.417,-10.9254],[-69.7151,-10.9769],[-69.77,-10.9296],[-69.9335,-10.9212],[-70.1583,-11.0428],[-70.374,-11.0606],[-70.4377,-11.0391],[-70.5303,-10.9347],[-70.6141,-10.9966],[-70.6234,-9.8205],[-70.5366,-9.7658],[-70.5252,-9.715],[-70.5847,-9.6408],[-70.6005,-9.5605],[-70.5534,-9.5705],[-70.5677,-9.5313],[-70.5145,-9.5007],[-70.4946,-9.424],[-70.5957,-9.4412],[-70.6624,-9.5263],[-70.7503,-9.5603],[-70.7932,-9.6386],[-70.9632,-9.748],[-70.9941,-9.8174],[-71.1575,-9.8724],[-71.2204,-9.9699],[-71.2981,-9.9924],[-71.3427,-9.967],[-71.378,-10.0004],[-72.181,-10.0004],[-72.1359,-9.8749],[-72.1514,-9.7974],[-72.263,-9.7509],[-72.2534,-9.6168],[-72.2889,-9.6021],[-72.2836,-9.54],[-72.3186,-9.5437],[-72.3547,-9.4952],[-72.5187,-9.4915],[-72.7174,-9.4121],[-73.2038,-9.4072],[-73.1888,-9.3632],[-73.1014,-9.3081],[-73.0735,-9.2346],[-73.0093,-9.2224],[-73.0261,-9.1779],[-72.9582,-9.143],[-72.9409,-8.9849],[-72.9993,-8.9178],[-73.0589,-8.9058],[-73.1672,-8.6983],[-73.2555,-8.6902],[-73.341,-8.6168],[-73.3318,-8.474],[-73.3881,-8.4702],[-73.5423,-8.3497],[-73.5263,-8.2708],[-73.5874,-8.2409],[-73.6169,-8.0343],[-73.7723,-7.9092],[-73.7615,-7.8606],[-73.6782,-7.858],[-73.6885,-7.7671],[-73.8178,-7.7173],[-73.8392,-7.6669],[-73.9005,-7.6402],[-73.889,-7.6036],[-73.9798,-7.5593],[-73.9098,-7.473],[-73.9512,-7.3575],[-73.8635,-7.3892],[-73.8225,-7.3392],[-73.7546,-7.3538],[-73.6956,-7.3115],[-73.7166,-7.2276],[-73.7999,-7.1171],[-73.7105,-6.8402],[-73.5364,-6.6834],[-73.3911,-6.6419],[-73.3528,-6.5933],[-73.2274,-6.5888],[-73.188,-6.523],[-73.1352,-6.5105],[-73.1038,-6.4109],[-73.2466,-6.1496],[-73.2365,-6.036],[-73.1868,-6.0051],[-73.1521,-5.868],[-73.053,-5.7952],[-72.959,-5.6564],[-72.9737,-5.6129],[-72.9386,-5.5413],[-72.9589,-5.4661],[-72.8605,-5.2712],[-72.8878,-5.1629],[-72.8155,-5.1391],[-72.8187,-5.1027],[-72.74,-5.0885],[-72.7281,-5.0515],[-72.622,-5.0515],[-72.5985,-4.9834],[-72.5222,-4.96],[-72.5212,-4.9329],[-72.4818,-4.9519],[-72.451,-4.9156],[-72.4709,-4.892],[-72.4146,-4.9004],[-72.3712,-4.805],[-72.3232,-4.8122],[-72.3261,-4.779],[-72.2785,-4.7702],[-72.2713,-4.7985],[-72.141,-4.7113],[-72.1259,-4.734],[-72.0433,-4.6233],[-72.0068,-4.6457],[-71.9946,-4.6094],[-71.9473,-4.6082],[-71.919,-4.5292],[-71.8854,-4.5375],[-71.9073,-4.5158],[-71.8651,-4.5271],[-71.784,-4.4833],[-71.7664,-4.5039],[-71.7504,-4.4679],[-71.7081,-4.5112],[-71.6612,-4.5033],[-71.6548,-4.4721],[-71.6503,-4.5039],[-71.6193,-4.4679],[-71.6335,-4.5152],[-71.5965,-4.5285],[-71.5371,-4.4633],[-71.4943,-4.4861],[-71.507,-4.4384],[-71.4834,-4.4576],[-71.4342,-4.4279],[-71.4115,-4.4374],[-71.4249,-4.469],[-71.3905,-4.4276],[-71.3445,-4.427],[-71.3075,-4.4629],[-71.3209,-4.4201],[-71.2779,-4.4413],[-71.2698,-4.385],[-71.2261,-4.4086],[-71.202,-4.3794],[-71.1942,-4.4247],[-71.1505,-4.3822],[-71.1152,-4.4105],[-71.0848,-4.3729],[-71.0818,-4.3965],[-71.0531,-4.3689],[-71.0378,-4.4021],[-70.9937,-4.386],[-70.9954,-4.3448],[-70.9358,-4.3837],[-70.8448,-4.2791],[-70.8628,-4.2489],[-70.8168,-4.23],[-70.8458,-4.2187],[-70.7614,-4.1592],[-70.6822,-4.2073],[-70.6697,-4.1441],[-70.6513,-4.1634],[-70.6199,-4.1274],[-70.6322,-4.1829],[-70.5654,-4.1737],[-70.5657,-4.2117],[-70.5508,-4.1369],[-70.5104,-4.1482],[-70.5042,-4.201],[-70.4853,-4.1613],[-70.4335,-4.1619],[-70.4365,-4.1321],[-70.3802,-4.1334],[-70.3389,-4.18],[-70.3228,-4.1421],[-70.2877,-4.1655],[-70.2786,-4.2302],[-70.31,-4.2533],[-70.2888,-4.2879],[-70.2467,-4.2735],[-70.258,-4.309],[-70.2133,-4.2987],[-70.1967,-4.3609],[-70.1514,-4.3279],[-70.1551,-4.2731],[-70.1195,-4.2854],[-70.1111,-4.2554],[-70.0949,-4.2896],[-70.0396,-4.2944],[-70.0796,-4.3117],[-70.0414,-4.3344],[-70.042,-4.375],[-69.9437,-4.3102],[-69.4566,-1.4912],[-69.3973,-1.3651],[-69.4306,-1.2276],[-69.3953,-1.1256],[-69.4449,-1.0241],[-69.4186,-0.9983],[-69.528,-0.9251],[-69.5258,-0.8679],[-69.6252,-0.7462],[-69.5618,-0.6369],[-69.603,-0.5953],[-69.6078,-0.5008],[-69.8282,-0.3757],[-69.8446,-0.3373],[-69.9205,-0.3257],[-70.0432,-0.19],[-70.0471,0.5631],[-70.0051,0.5448],[-69.978,0.5783],[-69.9354,0.5529],[-69.9152,0.5901],[-69.8028,0.5724],[-69.6713,0.6677],[-69.6053,0.6133],[-69.597,0.6544],[-69.48,0.7358],[-69.3528,0.6142],[-69.2891,0.65],[-69.2948,0.6039],[-69.1997,0.6059],[-69.1943,0.6498],[-69.1156,0.6448],[-69.19,0.7406],[-69.1488,0.7675],[-69.1669,0.8429],[-69.1358,0.872],[-69.1903,0.9161],[-69.166,0.941],[-69.2178,0.9731],[-69.1979,0.9997],[-69.2449,1.0566],[-69.3764,1.0879],[-69.4227,1.0436],[-69.4381,1.074],[-69.5663,1.0714],[-69.6099,1.0983],[-69.6772,1.0699],[-69.7042,1.0757],[-69.7046,1.1184],[-69.8427,1.0727],[-69.84,1.719],[-69.7826,1.6925],[-69.7453,1.7296],[-69.6288,1.7231],[-69.5346,1.7769],[-69.3929,1.7267],[-68.1633,1.7278],[-68.1933,1.7375],[-68.1921,1.7797],[-68.2395,1.7704],[-68.2269,1.8292],[-68.2855,1.8308],[-68.1958,2.0348],[-68.1803,1.9767],[-68.1442,1.9785],[-68.0904,1.8977],[-67.9016,1.8117],[-67.8139,1.9726],[-67.732,2.0285],[-67.5509,2.0477],[-67.4952,2.1631],[-67.4492,2.1696],[-67.4369,2.2213],[-67.3974,2.2297],[-67.3267,2.0639],[-67.353,2.0053],[-67.3308,1.9416],[-67.2283,1.8413],[-67.1538,1.8315],[-67.1592,1.675],[-67.1273,1.6399],[-67.0802,1.3814],[-67.1561,1.3172],[-67.1006,1.2597],[-67.0892,1.1657],[-66.8559,1.2269],[-66.3104,0.7449],[-66.1964,0.7818],[-66.1444,0.7474],[-66.0777,0.761],[-66.0706,0.8123],[-65.9673,0.8155],[-65.8843,0.9408],[-65.7725,0.9585],[-65.7424,1.0011],[-65.589,1.0049],[-65.4961,0.874],[-65.6018,0.691],[-65.5458,0.6474],[-65.445,0.6894],[-65.3907,0.7595],[-65.4118,0.8241],[-65.3559,0.865],[-65.33,0.9345],[-65.2207,0.9299],[-65.2132,0.9026],[-65.1745,0.9417],[-65.1491,1.0031],[-65.1754,1.0156],[-65.1587,1.1242],[-65.0717,1.153],[-65.0629,1.1118],[-65.0137,1.1088],[-64.9617,1.2155],[-64.9046,1.2514],[-64.8706,1.2268],[-64.8004,1.3154],[-64.7432,1.2271],[-64.6952,1.2848],[-64.5787,1.3404],[-64.5575,1.4137],[-64.4323,1.4728],[-64.3939,1.5291],[-64.3511,1.5294],[-64.3477,1.495],[-64.4102,1.403],[-64.3376,1.3615],[-64.3136,1.4561],[-64.1967,1.5209],[-64.0735,1.6488],[-64.058,1.9289],[-63.9727,1.9921],[-63.8357,1.9666],[-63.8219,1.9956],[-63.7418,2.0002],[-63.712,2.0462],[-63.6648,2.0185],[-63.6269,2.1122],[-63.5645,2.1355],[-63.4354,2.124],[-63.3605,2.2691],[-63.3644,2.4189],[-63.4147,2.4542],[-63.4654,2.4019],[-63.488,2.4364],[-63.5558,2.4225],[-63.5591,2.4514],[-63.7689,2.4425],[-63.8455,2.496],[-63.9355,2.4565],[-64.0185,2.4638],[-64.0607,2.5008],[-64.0446,2.5783],[-63.9861,2.6486],[-64.0086,2.7052],[-63.9819,2.7258],[-64.0804,2.8758],[-64.0711,2.9246],[-64.1078,2.9797],[-64.161,2.9848],[-64.1432,3.033],[-64.2188,3.0905],[-64.2304,3.1373],[-64.1815,3.1647],[-64.1173,3.2783],[-64.1149,3.3348],[-64.1497,3.3684],[-64.1179,3.469],[-64.1884,3.5257],[-64.1712,3.5703],[-64.2469,3.6278],[-64.2431,3.6594],[-64.2937,3.6535],[-64.3185,3.7138],[-64.5083,3.8306],[-64.5663,3.9001],[-64.5506,3.9253],[-64.7729,4.0537],[-64.7773,4.1415],[-64.8262,4.206],[-64.7898,4.2918],[-64.7327,4.2767],[-64.6303,4.1149],[-64.5018,4.1058],[-64.4746,4.1399],[-64.4396,4.1154],[-64.4223,4.143],[-64.3442,4.1466],[-64.3146,4.1256],[-64.2961,4.1626],[-64.1768,4.094],[-64.1369,4.1079],[-63.9662,3.8715],[-63.9168,3.941],[-63.8475,3.9518],[-63.6818,3.9085],[-63.6791,4.02],[-63.5886,3.9187],[-63.5922,3.8852],[-63.5546,3.8898],[-63.499,3.8407],[-63.4852,3.8829],[-63.4511,3.8579],[-63.4165,3.9024],[-63.4526,3.9555],[-63.4293,3.9759],[-63.2539,3.9657],[-63.2079,3.9442],[-63.2289,3.8321],[-63.0934,3.7835],[-63.0621,3.7352],[-63.0762,3.6878],[-62.9565,3.6121],[-62.8398,3.7356],[-62.7368,3.6882],[-62.7295,3.8043],[-62.7889,3.8933],[-62.7436,3.973],[-62.769,4.0071],[-62.752,4.0324],[-62.6093,4.0448],[-62.5564,4.0166],[-62.5325,4.041],[-62.5527,4.1091],[-62.4647,4.1395],[-62.4637,4.1782],[-62.3905,4.1786],[-62.1449,4.0749],[-62.1167,4.1178],[-62.0701,4.1244],[-62.0753,4.154],[-61.9821,4.1807],[-61.933,4.1177],[-61.9224,4.1569],[-61.8165,4.1637],[-61.8018,4.2279],[-61.7286,4.2674],[-61.7235,4.2438],[-61.5578,4.2525],[-61.5061,4.3194],[-61.5138,4.4066],[-61.4475,4.4395],[-61.3449,4.4175],[-61.2775,4.4676],[-61.3235,4.5339],[-61.2168,4.5307],[-61.1456,4.4802],[-61.0932,4.5231],[-60.9978,4.5162],[-60.9577,4.545],[-60.9338,4.5852],[-60.9476,4.6558],[-60.9031,4.7153],[-60.8529,4.7027],[-60.7498,4.7545],[-60.5898,4.9301],[-60.6592,5.1525],[-60.6852,5.1937],[-60.7376,5.2019],[-60.7216,5.2193],[-60.6504,5.2298],[-60.5421,5.1873],[-60.4525,5.202],[-60.4432,5.1789],[-60.3857,5.2167],[-60.314,5.2037],[-60.2193,5.2689],[-60.1831,5.2275],[-60.1342,5.2459],[-60.0877,5.1392],[-59.9703,5.0634],[-60.0344,4.8011],[-60.0252,4.7065],[-60.0754,4.6555],[-60.0705,4.6169],[-60.1572,4.5725],[-60.1611,4.5177],[-60.1178,4.502],[-60.0878,4.5336],[-60.0707,4.4933],[-59.9729,4.4801],[-59.9709,4.5096],[-59.9094,4.4604],[-59.8748,4.4872],[-59.8615,4.4524],[-59.795,4.4655],[-59.6695,4.3763],[-59.7319,4.2859],[-59.7095,4.2688],[-59.7395,4.2339],[-59.7307,4.1808],[-59.6182,4.1317],[-59.6541,4.0694],[-59.5794,4.0006],[-59.5842,3.9685],[-59.5447,3.9791],[-59.5153,3.9449],[-59.5928,3.8854],[-59.5963,3.7939],[-59.6655,3.7813],[-59.6684,3.7028],[-59.8673,3.5778],[-59.8034,3.5051],[-59.8417,3.4276],[-59.8116,3.4277],[-59.8048,3.357],[-59.8328,3.3544],[-59.8746,3.2245],[-59.9084,3.2116],[-59.9082,3.1129],[-59.9565,3.0791],[-59.947,2.9983],[-59.9901,2.882],[-59.9917,2.6861],[-59.9721,2.5931],[-59.9291,2.5691],[-59.8971,2.4806],[-59.905,2.3757],[-59.7873,2.2837],[-59.7233,2.2768],[-59.7426,2.069],[-59.7208,2.0273],[-59.7529,1.8569],[-59.6756,1.8457],[-59.6668,1.8675],[-59.654,1.817],[-59.69,1.757],[-59.617,1.716],[-59.539,1.723],[-59.3831,1.5056],[-59.329,1.514],[-59.327,1.464],[-59.284,1.45],[-59.253,1.389],[-58.978,1.302],[-58.918,1.317],[-58.886,1.261],[-58.912,1.239],[-58.8212,1.171],[-58.7396,1.1999],[-58.6946,1.2973],[-58.4962,1.268],[-58.4579,1.3715],[-58.5051,1.4032],[-58.5087,1.4629],[-58.3856,1.47],[-58.3947,1.5265],[-58.3224,1.597],[-58.3171,1.5684],[-58.236,1.5467],[-58.1606,1.5601],[-58.1294,1.4989],[-58.0609,1.5253],[-58.0042,1.503],[-57.9901,1.6584],[-57.8521,1.6678],[-57.7743,1.7297],[-57.7051,1.7309],[-57.6504,1.6824],[-57.5376,1.7005],[-57.5019,1.7861],[-57.4378,1.8268],[-57.4334,1.906],[-57.3677,1.9237],[-57.3691,1.9564],[-57.3071,1.9967],[-57.2292,1.9376],[-57.0867,2.0264],[-57.0142,1.9149],[-56.9197,1.9304],[-56.7979,1.8534],[-56.721,1.9258],[-56.651,1.9171],[-56.6215,1.9459],[-56.5798,1.9059],[-56.4513,1.9561],[-56.397,1.9233],[-56.3349,1.9371],[-56.244,1.8781],[-56.1709,1.9005],[-56.1176,1.851],[-55.9564,1.8451],[-55.9039,1.888],[-55.9363,1.9865],[-55.9031,2.0411],[-55.9668,2.0884],[-56.0031,2.1676],[-56.055,2.1846],[-56.0429,2.2278],[-56.1389,2.2657],[-56.0901,2.3723],[-56.0218,2.3425],[-56.04,2.3663],[-55.987,2.4203],[-56.0115,2.4528],[-55.9705,2.5293],[-55.7666,2.4552],[-55.7099,2.3993],[-55.4997,2.4432],[-55.3853,2.4184],[-55.3202,2.5154],[-55.2347,2.5034],[-55.1234,2.5676],[-55.103,2.5256],[-55.0037,2.5909],[-54.9542,2.5836],[-54.9123,2.4849],[-54.8653,2.471],[-54.8768,2.4345],[-54.8163,2.4218],[-54.7698,2.4758],[-54.6963,2.4623],[-54.706,2.3625],[-54.6427,2.3221],[-54.5367,2.3254],[-54.5136,2.2797],[-54.5489,2.2697],[-54.4769,2.2124],[-54.4107,2.1981],[-54.364,2.2268],[-54.3612,2.1749],[-54.2675,2.1435],[-54.1876,2.1795],[-54.1562,2.1225],[-54.1064,2.111],[-54.0651,2.1965],[-54.0167,2.1818],[-53.9434,2.2155],[-53.9377,2.2829],[-53.8862,2.2727],[-53.883,2.3087],[-53.766,2.3754],[-53.7209,2.3504],[-53.7349,2.3018],[-53.4699,2.2519],[-53.3401,2.352],[-53.2256,2.2623],[-53.279,2.2187],[-53.2742,2.2095],[-53.283,2.1967],[-53.2813,2.1865],[-53.1023,2.2262],[-52.9839,2.1673],[-52.9033,2.1862],[-52.8585,2.2815],[-52.6605,2.374],[-52.6185,2.4748],[-52.5519,2.5201],[-52.5272,2.583],[-52.5553,2.6402],[-52.4221,2.891],[-52.3771,2.9174],[-52.3938,2.9459],[-52.326,3.0788],[-52.353,3.1264],[-52.3315,3.1707],[-52.1896,3.2987],[-51.9887,3.6278],[-51.971,3.707],[-51.9215,3.7242],[-51.919,3.782],[-51.7973,3.8889],[-51.7778,3.9741],[-51.6587,4.0528],[-51.6267,4.2644],[-51.5654,4.2889],[-51.5381,4.4595],[-51.4252,4.3916],[-51.2711,4.2337],[-51.1924,4.0914],[-51.179,3.9435],[-51.0806,3.891],[-51.081,3.5576],[-51.1102,3.451],[-51.0345,3.2175],[-51.0445,3.1325],[-50.9487,2.8083],[-50.8854,2.7431],[-50.8284,2.5138],[-50.7704,2.4537],[-50.6761,2.1313],[-50.6005,2.0675],[-50.5832,1.9889],[-50.4435,1.814],[-50.1584,1.8114],[-49.9221,1.6897],[-49.8802,1.1683],[-49.8862,0.9944],[-49.9947,0.7065],[-49.9452,0.5864],[-49.8518,0.4504],[-49.5332,0.3983],[-49.2049,-0.1386],[-49.1602,-0.1535],[-49.1888,-0.1597],[-49.1752,-0.1914],[-49.1684,-0.1574],[-49.1264,-0.1723],[-49.0194,-0.162],[-48.9149,-0.2328],[-48.8121,-0.214],[-48.7381,-0.2507],[-48.473,-0.2311],[-48.3969,-0.2531],[-48.3797,-0.3252],[-48.4763,-0.5034],[-48.4799,-0.6187],[-48.4935,-0.592],[-48.5091,-0.6204],[-48.4785,-0.6326],[-48.5076,-0.644],[-48.4813,-0.6615],[-48.4912,-0.7388],[-48.5807,-0.6459],[-48.6024,-0.6566],[-48.5989,-0.6814],[-48.6229,-0.6799],[-48.5962,-0.6839],[-48.5834,-0.6521],[-48.5102,-0.772],[-48.2941,-0.8279],[-48.1781,-0.825],[-48.0458,-0.6602],[-48.0223,-0.6732],[-48.0254,-0.7619],[-48.0043,-0.77],[-48.0233,-0.7772],[-48.0334,-0.7944],[-48.0307,-0.8182],[-48.0075,-0.8344],[-48.0218,-0.7792],[-47.979,-0.764],[-47.9773,-0.7794],[-47.9557,-0.7812],[-47.9595,-0.8006],[-47.9403,-0.8039],[-47.9546,-0.752],[-47.8678,-0.7116],[-47.852,-0.6697],[-47.8463,-0.6939],[-47.8316,-0.6696],[-47.8281,-0.6931],[-47.8034,-0.7024],[-47.8038,-0.7014],[-47.803,-0.6999],[-47.8032,-0.6982],[-47.8087,-0.692],[-47.8167,-0.694],[-47.8252,-0.6789],[-47.7903,-0.6824],[-47.7647,-0.6351],[-47.7757,-0.6591],[-47.7613,-0.6752],[-47.7478,-0.6351],[-47.7009,-0.7063],[-47.7209,-0.6455],[-47.6833,-0.6214],[-47.6997,-0.6067],[-47.6662,-0.5778],[-47.6305,-0.6262],[-47.6734,-0.6531],[-47.6357,-0.6578],[-47.6576,-0.6975],[-47.6333,-0.7012],[-47.7351,-0.7325],[-47.7313,-0.8147],[-47.7256,-0.7516],[-47.7086,-0.7666],[-47.6951,-0.7424],[-47.7065,-0.7745],[-47.6635,-0.7779],[-47.6913,-0.7433],[-47.648,-0.7428],[-47.617,-0.7003],[-47.5841,-0.7497],[-47.6126,-0.7731],[-47.5755,-0.7827],[-47.5878,-0.7557],[-47.5625,-0.7503],[-47.5953,-0.7284],[-47.553,-0.697],[-47.6105,-0.687],[-47.5697,-0.6347],[-47.529,-0.6524],[-47.4825,-0.7402],[-47.5052,-0.7679],[-47.5031,-0.8148],[-47.4815,-0.7597],[-47.4245,-0.7653],[-47.4364,-0.6955],[-47.4699,-0.6936],[-47.4843,-0.6212],[-47.4467,-0.6113],[-47.4774,-0.594],[-47.4197,-0.5882],[-47.4182,-0.6182],[-47.4248,-0.6201],[-47.4251,-0.61],[-47.4404,-0.6046],[-47.4212,-0.6869],[-47.419,-0.6463],[-47.3738,-0.6758],[-47.3725,-0.6947],[-47.3691,-0.698],[-47.362,-0.6951],[-47.3628,-0.7037],[-47.3481,-0.7119],[-47.3499,-0.7152],[-47.3466,-0.726],[-47.3358,-0.73],[-47.392,-0.643],[-47.3621,-0.6321],[-47.3477,-0.6687],[-47.3351,-0.6679],[-47.356,-0.631],[-47.3841,-0.6068],[-47.3323,-0.6281],[-47.3264,-0.6027],[-47.3578,-0.6048],[-47.3154,-0.5919],[-47.2853,-0.6157],[-47.3116,-0.6235],[-47.3039,-0.6573],[-47.2559,-0.6293],[-47.2053,-0.6516],[-47.2539,-0.693],[-47.255,-0.7003],[-47.2462,-0.7072],[-47.2278,-0.7024],[-47.2214,-0.7122],[-47.2168,-0.7137],[-47.213,-0.7131],[-47.1701,-0.6818],[-47.1758,-0.7554],[-47.198,-0.7568],[-47.2084,-0.7621],[-47.1581,-0.7826],[-47.188,-0.8188],[-47.1755,-0.836],[-47.1179,-0.8038],[-47.1509,-0.7968],[-47.1363,-0.7818],[-47.1587,-0.7645],[-47.1494,-0.7392],[-47.1442,-0.7568],[-47.1441,-0.7446],[-47.1331,-0.7637],[-47.1187,-0.7713],[-47.1161,-0.7717],[-47.1104,-0.7684],[-47.1069,-0.7625],[-47.1075,-0.7557],[-47.0862,-0.7587],[-47.0985,-0.785],[-47.0779,-0.7634],[-47.0897,-0.8069],[-47.0657,-0.7879],[-46.9889,-0.8429],[-47.0289,-0.7967],[-46.9989,-0.7464],[-46.9933,-0.7537],[-46.9858,-0.7579],[-46.9648,-0.7601],[-46.9925,-0.794],[-46.9503,-0.791],[-46.9596,-0.8184],[-46.9754,-0.8187],[-46.9775,-0.8196],[-46.9785,-0.8237],[-46.9801,-0.8239],[-46.9627,-0.828],[-46.9401,-0.8081],[-46.9496,-0.8357],[-46.974,-0.8363],[-46.9406,-0.8362],[-46.9561,-0.8652],[-46.9159,-0.9019],[-46.9193,-0.8619],[-46.8871,-0.8703],[-46.9138,-0.8219],[-46.8813,-0.8099],[-46.8767,-0.8343],[-46.885,-0.7862],[-46.8641,-0.7862],[-46.888,-0.778],[-46.8432,-0.7464],[-46.8253,-0.7901],[-46.8439,-0.7915],[-46.845,-0.7974],[-46.849,-0.7955],[-46.8546,-0.7957],[-46.8258,-0.8095],[-46.8514,-0.8186],[-46.8664,-0.842],[-46.8316,-0.8281],[-46.8514,-0.8522],[-46.8482,-0.8806],[-46.8095,-0.8328],[-46.8205,-0.9342],[-46.7948,-0.87],[-46.7924,-0.9018],[-46.7717,-0.9106],[-46.7707,-0.8721],[-46.7893,-0.8591],[-46.7652,-0.8406],[-46.766,-0.8538],[-46.7611,-0.8492],[-46.7636,-0.8626],[-46.7576,-0.8745],[-46.7574,-0.8106],[-46.728,-0.9026],[-46.765,-0.9474],[-46.7464,-0.9658],[-46.6943,-0.8925],[-46.7187,-0.8879],[-46.7146,-0.8443],[-46.7029,-0.8696],[-46.6979,-0.8361],[-46.683,-0.8449],[-46.6942,-0.8543],[-46.6787,-0.9004],[-46.6641,-0.8829],[-46.6757,-0.8697],[-46.6611,-0.8753],[-46.6537,-0.8559],[-46.6779,-0.8212],[-46.6541,-0.8184],[-46.646,-0.8589],[-46.6164,-0.86],[-46.6537,-0.8716],[-46.6289,-0.8919],[-46.6573,-0.8861],[-46.6637,-0.9234],[-46.6277,-0.9277],[-46.6656,-0.9346],[-46.6729,-0.9553],[-46.6756,-0.9189],[-46.6912,-0.9192],[-46.6833,-0.9529],[-46.7114,-0.9635],[-46.7115,-0.9539],[-46.7171,-0.9475],[-46.7263,-0.9516],[-46.7021,-0.9874],[-46.7057,-0.9689],[-46.693,-0.9626],[-46.6452,-0.9698],[-46.6765,-0.972],[-46.6621,-0.9942],[-46.6408,-0.9742],[-46.6484,-0.9983],[-46.6369,-0.969],[-46.6087,-0.9575],[-46.601,-0.9572],[-46.6004,-1.0095],[-46.5885,-1.0116],[-46.5915,-1.0228],[-46.5848,-1.0279],[-46.5877,-1.0113],[-46.5977,-1.0065],[-46.5621,-0.9921],[-46.5658,-1.0384],[-46.5554,-1.0175],[-46.5461,-1.028],[-46.5526,-1.0381],[-46.546,-1.0573],[-46.5452,-1.024],[-46.5156,-1.0422],[-46.5158,-1.0195],[-46.4916,-1.0105],[-46.5049,-1.0238],[-46.505,-1.0391],[-46.4872,-1.004],[-46.4725,-1.0389],[-46.5147,-1.0561],[-46.4946,-1.0797],[-46.4753,-1.0466],[-46.4703,-1.0563],[-46.4811,-1.0662],[-46.48,-1.0963],[-46.4641,-1.0348],[-46.4604,-1.0636],[-46.4429,-1.0462],[-46.4602,-1.0278],[-46.4255,-1.0213],[-46.4078,-1.0562],[-46.4292,-1.0596],[-46.4259,-1.0713],[-46.443,-1.0938],[-46.4429,-1.1033],[-46.4053,-1.0573],[-46.4239,-1.0123],[-46.3912,-0.9929],[-46.3929,-1.0771],[-46.35,-1.0899],[-46.352,-1.1338],[-46.3395,-1.081],[-46.3095,-1.1033],[-46.2868,-1.0923],[-46.3358,-1.0732],[-46.3183,-1.024],[-46.2659,-1.0912],[-46.306,-1.0128],[-46.2744,-1.029],[-46.272,-1.0141],[-46.2892,-0.9983],[-46.2675,-1.0048],[-46.265,-0.9893],[-46.2876,-0.9854],[-46.2235,-0.9277],[-46.2707,-0.9421],[-46.2066,-0.9007],[-46.2717,-0.9181],[-46.2038,-0.8869],[-46.1795,-0.9142],[-46.1771,-0.9478],[-46.2129,-0.9343],[-46.228,-0.9661],[-46.2017,-0.9678],[-46.2504,-0.9906],[-46.2577,-1.0135],[-46.2183,-0.9888],[-46.2376,-1.0123],[-46.2158,-1.0213],[-46.233,-1.0207],[-46.2253,-1.0275],[-46.2505,-1.0352],[-46.2589,-1.0488],[-46.2156,-1.0285],[-46.2043,-1.0584],[-46.2607,-1.1449],[-46.2446,-1.1425],[-46.1888,-1.0739],[-46.1767,-1.0022],[-46.1516,-1.0385],[-46.1883,-1.1258],[-46.17,-1.1543],[-46.1656,-1.0945],[-46.0805,-1.019],[-46.1178,-1.0954],[-46.0708,-1.1143],[-46.0482,-1.1796],[-46.0723,-1.1822],[-46.0638,-1.2187],[-46.0624,-1.2064],[-46.0528,-1.216],[-46.0495,-1.2156],[-46.0366,-1.1975],[-46.0277,-1.2032],[-46.013,-1.1868],[-45.9791,-1.2146],[-45.9773,-1.1907],[-45.9553,-1.2091],[-45.9802,-1.2364],[-45.9801,-1.2591],[-45.9777,-1.2366],[-45.9561,-1.241],[-45.9424,-1.2055],[-45.9267,-1.2269],[-45.9461,-1.1959],[-45.9025,-1.121],[-45.9251,-1.2116],[-45.8739,-1.1505],[-45.8937,-1.1852],[-45.8683,-1.1711],[-45.8725,-1.2025],[-45.9193,-1.2259],[-45.9238,-1.2436],[-45.8542,-1.2292],[-45.8969,-1.2677],[-45.8841,-1.2808],[-45.9101,-1.2922],[-45.9156,-1.3109],[-45.8829,-1.3068],[-45.8808,-1.2801],[-45.8858,-1.2662],[-45.8637,-1.2886],[-45.8384,-1.2006],[-45.8315,-1.2536],[-45.8298,-1.1794],[-45.8031,-1.1619],[-45.8135,-1.2065],[-45.804,-1.2256],[-45.8481,-1.2842],[-45.8408,-1.2976],[-45.8259,-1.3038],[-45.8463,-1.2831],[-45.8298,-1.2759],[-45.8103,-1.2528],[-45.7887,-1.2692],[-45.8213,-1.2795],[-45.7798,-1.2865],[-45.7934,-1.2475],[-45.7271,-1.1545],[-45.7436,-1.1416],[-45.7176,-1.108],[-45.6914,-1.1524],[-45.7619,-1.2398],[-45.7274,-1.2364],[-45.7058,-1.2897],[-45.7496,-1.3556],[-45.7217,-1.3178],[-45.6867,-1.3485],[-45.7692,-1.3799],[-45.71,-1.3618],[-45.729,-1.4111],[-45.6873,-1.3991],[-45.7049,-1.3733],[-45.6406,-1.3735],[-45.6227,-1.3399],[-45.6234,-1.2832],[-45.5942,-1.2667],[-45.6206,-1.31],[-45.5882,-1.3515],[-45.5958,-1.3112],[-45.5632,-1.2966],[-45.5769,-1.3815],[-45.5566,-1.3537],[-45.5628,-1.3358],[-45.5495,-1.3422],[-45.5354,-1.3342],[-45.5195,-1.3011],[-45.5533,-1.3794],[-45.5241,-1.3639],[-45.5265,-1.4012],[-45.5646,-1.3905],[-45.5868,-1.4069],[-45.5872,-1.3972],[-45.5972,-1.3942],[-45.594,-1.4093],[-45.5294,-1.4095],[-45.5614,-1.4137],[-45.5755,-1.4234],[-45.5518,-1.4137],[-45.5631,-1.4614],[-45.5324,-1.4798],[-45.5702,-1.495],[-45.5324,-1.4893],[-45.5084,-1.4582],[-45.4883,-1.4832],[-45.5365,-1.5027],[-45.5517,-1.5306],[-45.478,-1.4812],[-45.4572,-1.5201],[-45.4983,-1.5319],[-45.4888,-1.5388],[-45.4629,-1.5359],[-45.4392,-1.5046],[-45.4084,-1.5151],[-45.3906,-1.4996],[-45.3868,-1.5171],[-45.3897,-1.4875],[-45.352,-1.4727],[-45.3762,-1.5452],[-45.3889,-1.538],[-45.3953,-1.5404],[-45.4011,-1.5671],[-45.3925,-1.541],[-45.3798,-1.5483],[-45.3389,-1.5513],[-45.3418,-1.6217],[-45.3556,-1.6135],[-45.3651,-1.6233],[-45.3832,-1.6087],[-45.3663,-1.6245],[-45.3426,-1.6261],[-45.3575,-1.6689],[-45.3911,-1.6793],[-45.3911,-1.691],[-45.3989,-1.6926],[-45.4018,-1.7052],[-45.4163,-1.7024],[-45.4169,-1.7248],[-45.3596,-1.6772],[-45.3631,-1.7229],[-45.322,-1.7502],[-45.338,-1.7539],[-45.3575,-1.7975],[-45.3357,-1.7538],[-45.3087,-1.7619],[-45.2684,-1.7511],[-45.2486,-1.8439],[-45.2188,-1.8667],[-45.1765,-1.8528],[-45.2331,-1.8335],[-45.2732,-1.7014],[-45.2272,-1.6769],[-45.1466,-1.699],[-45.1461,-1.6776],[-45.2245,-1.6749],[-45.2538,-1.6155],[-45.1969,-1.4871],[-45.184,-1.5331],[-45.1923,-1.5352],[-45.1973,-1.5396],[-45.1945,-1.5502],[-45.1772,-1.5577],[-45.1723,-1.5324],[-45.1549,-1.5893],[-45.1616,-1.5456],[-45.1725,-1.5312],[-45.1818,-1.537],[-45.1559,-1.4721],[-45.1229,-1.5586],[-45.0967,-1.5597],[-45.1298,-1.5375],[-45.0856,-1.5062],[-45.1055,-1.4942],[-45.1026,-1.4792],[-45.0799,-1.497],[-45.0706,-1.4663],[-45.0852,-1.5202],[-45.0672,-1.4824],[-45.0426,-1.5094],[-45.0057,-1.4858],[-44.9926,-1.5153],[-45.0187,-1.5129],[-45.0587,-1.54],[-45.02,-1.5191],[-45.0257,-1.5446],[-44.9777,-1.5253],[-44.9612,-1.5523],[-45.057,-1.606],[-45.0181,-1.5942],[-45.0152,-1.6231],[-45.0097,-1.5823],[-44.984,-1.6093],[-44.9906,-1.5813],[-44.9674,-1.61],[-44.9489,-1.5871],[-44.9512,-1.6189],[-44.9346,-1.5992],[-44.9306,-1.6258],[-44.9037,-1.6395],[-44.9932,-1.6375],[-45.0129,-1.6671],[-44.9183,-1.6586],[-44.9004,-1.6392],[-44.9224,-1.6086],[-44.8721,-1.6019],[-44.8794,-1.6347],[-44.8383,-1.6383],[-44.8393,-1.6523],[-44.8504,-1.6538],[-44.8559,-1.6615],[-44.8387,-1.653],[-44.8367,-1.6381],[-44.8273,-1.6369],[-44.8346,-1.6667],[-44.8131,-1.6686],[-44.822,-1.6885],[-44.8517,-1.6768],[-44.8563,-1.688],[-44.8218,-1.6897],[-44.8117,-1.6672],[-44.8326,-1.6646],[-44.8187,-1.6418],[-44.8528,-1.6183],[-44.8208,-1.5779],[-44.8151,-1.6112],[-44.7982,-1.6176],[-44.8228,-1.6283],[-44.7961,-1.6273],[-44.8017,-1.5965],[-44.7819,-1.6256],[-44.8047,-1.6562],[-44.8026,-1.6652],[-44.7875,-1.6708],[-44.8086,-1.6903],[-44.7793,-1.6886],[-44.8158,-1.7076],[-44.7849,-1.7147],[-44.8121,-1.7279],[-44.7588,-1.73],[-44.7898,-1.7413],[-44.7928,-1.7564],[-44.8025,-1.7488],[-44.81,-1.7611],[-44.8211,-1.7567],[-44.8423,-1.767],[-44.8574,-1.7612],[-44.8735,-1.7635],[-44.8794,-1.7701],[-44.8577,-1.7624],[-44.8427,-1.7684],[-44.8103,-1.763],[-44.8013,-1.7506],[-44.7934,-1.759],[-44.7621,-1.7413],[-44.7559,-1.7267],[-44.7785,-1.7109],[-44.7699,-1.7037],[-44.6997,-1.7328],[-44.7432,-1.75],[-44.7235,-1.7536],[-44.7918,-1.7907],[-44.8001,-1.8048],[-44.657,-1.7732],[-44.6503,-1.7329],[-44.6255,-1.7434],[-44.653,-1.7185],[-44.6103,-1.7345],[-44.6376,-1.789],[-44.6165,-1.8143],[-44.5935,-1.8163],[-44.587,-1.8002],[-44.5878,-1.8272],[-44.5686,-1.7987],[-44.56,-1.8468],[-44.5372,-1.8198],[-44.5835,-1.8909],[-44.5696,-1.899],[-44.5403,-1.8896],[-44.5498,-1.9124],[-44.5228,-1.8966],[-44.5285,-1.8806],[-44.5177,-1.882],[-44.4815,-1.9798],[-44.5919,-2.0284],[-44.4845,-2.0414],[-44.6211,-2.1558],[-44.5864,-2.163],[-44.6334,-2.2279],[-44.6874,-2.2434],[-44.6555,-2.2376],[-44.66,-2.2878],[-44.632,-2.2939],[-44.5523,-2.2234],[-44.5298,-2.1598],[-44.4634,-2.1448],[-44.3988,-2.214],[-44.3578,-2.3371],[-44.4058,-2.4164],[-44.5182,-2.3823],[-44.5619,-2.4108],[-44.5032,-2.3934],[-44.4898,-2.4174],[-44.5097,-2.4339],[-44.5013,-2.477],[-44.5202,-2.4936],[-44.5236,-2.524],[-44.5723,-2.5311],[-44.5879,-2.5758],[-44.6158,-2.5729],[-44.6217,-2.5949],[-44.6508,-2.6034],[-44.6575,-2.6222],[-44.5824,-2.5809],[-44.5691,-2.5373],[-44.5415,-2.5389],[-44.6267,-2.7027],[-44.6381,-2.8676],[-44.6873,-2.9235],[-44.6805,-3.0013],[-44.5555,-3.0757],[-44.4247,-2.9432],[-44.4103,-2.8015],[-44.3882,-2.7995],[-44.3866,-2.7648],[-44.3058,-2.7916],[-44.2871,-2.7809],[-44.2865,-2.8087],[-44.2707,-2.8255],[-44.2634,-2.8242],[-44.2632,-2.811],[-44.2486,-2.8123],[-44.2598,-2.8187],[-44.2654,-2.8474],[-44.2592,-2.8675],[-44.2218,-2.8587],[-44.2144,-2.8444],[-44.2212,-2.8748],[-44.2185,-2.8814],[-44.2121,-2.883],[-44.2053,-2.8532],[-44.1692,-2.8356],[-44.1611,-2.8265],[-44.116,-2.7488],[-44.0869,-2.7537],[-44.1037,-2.7971],[-44.0803,-2.7842],[-44.0792,-2.7649],[-44.0688,-2.7654],[-44.0664,-2.7605],[-44.0678,-2.7237],[-44.0262,-2.6577],[-43.9533,-2.6232],[-43.9282,-2.5594],[-43.8803,-2.6047],[-43.8675,-2.5752],[-43.8535,-2.582],[-43.8504,-2.5812],[-43.8365,-2.5511],[-43.7894,-2.5494],[-43.7228,-2.4754],[-43.6957,-2.4852],[-43.7136,-2.5246],[-43.7114,-2.5285],[-43.6977,-2.5309],[-43.691,-2.539],[-43.6493,-2.4834],[-43.6259,-2.5488],[-43.6041,-2.5047],[-43.5688,-2.5244],[-43.5282,-2.4182],[-43.5199,-2.4754],[-43.4878,-2.5271],[-43.469,-2.5255],[-43.4457,-2.5014],[-43.4628,-2.4213],[-43.4358,-2.4415],[-43.4219,-2.4392],[-43.4201,-2.4302],[-43.4851,-2.374],[-43.4048,-2.3357],[-43.2434,-2.3582],[-42.8259,-2.5472],[-42.7237,-2.558],[-42.5739,-2.677],[-42.3687,-2.7175],[-42.3349,-2.751],[-42.2554,-2.7589],[-42.2585,-2.7078],[-42.2447,-2.7199],[-42.2214,-2.7158],[-42.2389,-2.6862],[-42.0691,-2.6899],[-42.0384,-2.7348],[-41.8173,-2.7285],[-41.5866,-2.9071],[-41.338,-2.9273],[-41.2621,-2.8856],[-41.1041,-2.9003],[-40.8765,-2.8608],[-40.8455,-2.8869],[-40.7682,-2.8521],[-40.594,-2.8475],[-40.5009,-2.7843],[-39.9946,-2.8396],[-39.7226,-2.9994],[-39.6212,-3.026],[-39.466,-3.1424],[-39.2539,-3.2214],[-39.0758,-3.4001],[-38.9853,-3.4031],[-38.9104,-3.5032],[-38.8116,-3.5429],[-38.6529,-3.6822],[-38.494,-3.7246],[-38.4644,-3.7072],[-38.3601,-3.8853],[-38.2734,-3.9441],[-38.0426,-4.2202],[-37.8566,-4.378],[-37.7702,-4.3999],[-37.7198,-4.5077],[-37.5931,-4.6247],[-37.4973,-4.6264],[-37.3254,-4.7006],[-37.1531,-4.9483],[-36.959,-4.9202],[-36.6837,-5.1014],[-36.504,-5.0618],[-36.3089,-5.1035],[-36.1574,-5.0967],[-35.98,-5.041],[-35.4886,-5.158],[-35.371,-5.2851],[-35.2264,-5.5815],[-35.1789,-5.8675],[-35.1062,-6.0071],[-35.0956,-6.1792],[-35.0364,-6.236],[-35.0261,-6.3552],[-34.9754,-6.4204],[-34.9383,-6.7524],[-34.8985,-6.8688],[-34.8539,-6.9009],[-34.863,-6.9475],[-34.8285,-6.9699],[-34.8419,-7.0591],[-34.793,-7.1547],[-34.8036,-7.4715],[-34.8361,-7.5472],[-34.8062,-7.621],[-34.8457,-7.813],[-34.8204,-7.9256],[-34.8605,-8.0441],[-34.8606,-8.0262],[-34.8904,-8.0453],[-34.9196,-8.0904],[-34.904,-8.0851],[-34.9081,-8.0943],[-34.905,-8.1056],[-34.9007,-8.1117],[-34.8942,-8.1078],[-34.891,-8.1047],[-34.8889,-8.1005],[-34.8949,-8.0909],[-34.8882,-8.0954],[-34.8994,-8.085],[-34.8761,-8.0784],[-34.8588,-8.047],[-34.9456,-8.2639],[-34.9398,-8.3519],[-34.981,-8.3816],[-34.9464,-8.3918],[-34.9788,-8.4047],[-35.0076,-8.5646],[-35.0875,-8.6883],[-35.1295,-8.8664],[-35.3034,-9.1887],[-35.6758,-9.5989],[-35.6958,-9.6653],[-35.7986,-9.7171],[-35.7643,-9.675],[-35.7598,-9.6488],[-35.7882,-9.6468],[-35.8002,-9.693],[-35.8153,-9.6929],[-35.8197,-9.707],[-35.8259,-9.7034],[-35.8313,-9.7055],[-35.8418,-9.7249],[-35.8212,-9.7462],[-35.9171,-9.8425],[-35.9067,-9.8737],[-36.0462,-10.0742],[-36.2772,-10.2811],[-36.388,-10.4954],[-36.8122,-10.7081],[-36.9295,-10.8261],[-36.9186,-10.8463],[-36.9328,-10.8306],[-36.9673,-10.8676],[-37.1454,-11.133],[-37.1673,-11.114],[-37.1654,-11.1792],[-37.2673,-11.3],[-37.3129,-11.4238],[-37.3609,-11.4371],[-37.3513,-11.4637],[-37.7672,-12.2332],[-38.0011,-12.5774],[-38.2442,-12.852],[-38.3532,-12.9569],[-38.5328,-13.0116],[-38.5015,-12.9504],[-38.5195,-12.9285],[-38.4774,-12.9022],[-38.4996,-12.7895],[-38.4573,-12.8171],[-38.4338,-12.7602],[-38.4889,-12.7896],[-38.4972,-12.7285],[-38.6208,-12.7264],[-38.6186,-12.6915],[-38.6409,-12.6921],[-38.6134,-12.6758],[-38.6051,-12.6583],[-38.6485,-12.6947],[-38.6411,-12.6423],[-38.7047,-12.621],[-38.6898,-12.5866],[-38.6968,-12.5808],[-38.7324,-12.6071],[-38.7267,-12.6583],[-38.7302,-12.6429],[-38.7545,-12.6383],[-38.7258,-12.6786],[-38.7555,-12.7085],[-38.7487,-12.7592],[-38.8167,-12.842],[-38.8273,-12.8275],[-38.859,-12.8216],[-38.855,-12.7962],[-38.8849,-12.6906],[-38.8702,-12.6951],[-38.843,-12.6627],[-38.8723,-12.6458],[-38.8667,-12.6844],[-38.8927,-12.6632],[-38.9158,-12.7373],[-38.9162,-12.7545],[-38.9044,-12.7615],[-38.9147,-12.7672],[-38.9002,-12.7713],[-38.9202,-12.787],[-38.9351,-12.87],[-38.8836,-12.7768],[-38.8392,-12.8618],[-38.7938,-12.8397],[-38.7768,-12.8882],[-38.7578,-12.8649],[-38.7199,-12.8766],[-38.7354,-12.8775],[-38.7636,-12.915],[-38.7915,-13.0245],[-38.8063,-13.0309],[-38.8111,-13.0245],[-38.8195,-13.0217],[-38.8179,-13.0207],[-38.8172,-13.0181],[-38.8183,-13.0173],[-38.8198,-13.0175],[-38.8203,-13.0156],[-38.8204,-13.0155],[-38.821,-13.0157],[-38.8198,-13.0177],[-38.8173,-13.018],[-38.8199,-13.0216],[-38.8163,-13.0274],[-38.8089,-13.0289],[-38.8103,-13.0337],[-38.792,-13.0341],[-38.801,-13.0556],[-38.8057,-13.0354],[-38.8531,-13.0371],[-38.8239,-13.0615],[-38.8409,-13.0598],[-38.8527,-13.0774],[-38.8034,-13.0675],[-38.8186,-13.1184],[-38.8783,-13.1032],[-38.864,-13.0767],[-38.8638,-13.0634],[-38.8716,-13.0597],[-38.8679,-13.0497],[-38.8864,-13.0652],[-38.8646,-13.0767],[-38.8885,-13.1057],[-38.9265,-13.0844],[-38.9481,-13.0973],[-38.7994,-13.1475],[-38.934,-13.2234],[-38.9647,-13.2916],[-38.9541,-13.3799],[-39.0067,-13.3609],[-39.0498,-13.3852],[-39.0985,-13.5444],[-39.0525,-13.4806],[-38.9963,-13.5239],[-39.0046,-13.5839],[-38.9632,-13.6866],[-38.9986,-13.7892],[-38.9287,-13.9077],[-39.0654,-14.711],[-38.998,-14.9869],[-38.9987,-15.2287],[-38.9365,-15.6571],[-38.8712,-15.8505],[-38.8575,-15.8505],[-38.9521,-16.0975],[-38.9483,-16.1561],[-39.0216,-16.2839],[-39.009,-16.3746],[-39.0616,-16.4335],[-39.1042,-16.6991],[-39.1417,-16.7613],[-39.1422,-16.8681],[-39.1118,-16.8968],[-39.1514,-16.9417],[-39.2129,-17.1669],[-39.1918,-17.5908],[-39.1354,-17.6898],[-39.2079,-17.7472],[-39.2709,-17.8657],[-39.3574,-17.8905],[-39.4961,-18.0041],[-39.6289,-18.2196],[-39.7131,-18.4584],[-39.7497,-18.8376],[-39.6888,-19.3042],[-39.8107,-19.6526],[-39.9837,-19.7396],[-40.0993,-19.9186],[-40.153,-19.9501],[-40.1324,-19.9667],[-40.1908,-20.0531],[-40.172,-20.1081],[-40.231,-20.2913],[-40.2589,-20.2659],[-40.2889,-20.2943],[-40.3083,-20.2786],[-40.3147,-20.2793],[-40.2934,-20.2511],[-40.3031,-20.2339],[-40.3566,-20.2416],[-40.3458,-20.2743],[-40.3526,-20.2795],[-40.3573,-20.2746],[-40.3661,-20.2726],[-40.3868,-20.2793],[-40.357,-20.2766],[-40.3671,-20.316],[-40.3546,-20.327],[-40.2666,-20.3249],[-40.423,-20.6359],[-40.4643,-20.624],[-40.6279,-20.841],[-40.6541,-20.806],[-40.7548,-20.8592],[-40.8582,-21.1276],[-40.9554,-21.2415],[-40.9616,-21.3608],[-41.068,-21.4958],[-41.0584,-21.5655],[-41.0132,-21.6097],[-40.9865,-22.005],[-41.2125,-22.1356],[-41.6738,-22.2909],[-41.9243,-22.5305],[-41.9628,-22.5354],[-41.998,-22.6118],[-41.9861,-22.7149],[-41.9262,-22.7701],[-41.8637,-22.7549],[-42.0289,-22.899],[-42.0334,-22.9456],[-41.9947,-22.9614],[-42.0129,-22.9975],[-42.077,-22.9554],[-42.363,-22.9354],[-43.0513,-22.9821],[-43.1353,-22.9379],[-43.0981,-22.9307],[-43.1345,-22.8816],[-43.1144,-22.8813],[-43.0651,-22.8029],[-43.0687,-22.7698],[-43.0262,-22.7435],[-43.0313,-22.6925],[-43.0864,-22.676],[-43.2792,-22.7798],[-43.2669,-22.8236],[-43.2326,-22.868],[-43.2247,-22.8753],[-43.2013,-22.8715],[-43.2108,-22.8976],[-43.1616,-22.9052],[-43.1805,-22.948],[-43.1502,-22.9508],[-43.1837,-22.9861],[-43.4455,-23.0227],[-43.5532,-23.0764],[-43.5725,-23.0732],[-43.5626,-23.0532],[-43.5991,-23.0229],[-43.7968,-22.9165],[-43.8556,-22.9303],[-43.8418,-22.9017],[-44.008,-22.9433],[-44.0432,-22.9846],[-44.0534,-22.9422],[-44.1133,-23.0234],[-44.1711,-23.0331],[-44.1934,-23.0545],[-44.2505,-23.0503],[-44.2295,-22.9971],[-44.352,-23.0303],[-44.3549,-22.9986],[-44.3018,-22.9591],[-44.3362,-22.9645],[-44.3262,-22.9238],[-44.3649,-22.9245],[-44.3822,-22.9426],[-44.3495,-22.9458],[-44.3837,-22.9727],[-44.4125,-22.9406],[-44.4414,-22.9717],[-44.4416,-23.0269],[-44.4768,-23.0057],[-44.6914,-23.0827],[-44.7132,-23.2339],[-44.6436,-23.1853],[-44.625,-23.2223],[-44.6628,-23.2139],[-44.6926,-23.2523],[-44.6135,-23.2335],[-44.6573,-23.2921],[-44.6493,-23.3018],[-44.5602,-23.2264],[-44.5835,-23.2677],[-44.5379,-23.2666],[-44.5063,-23.2998],[-44.5561,-23.304],[-44.6059,-23.367],[-44.64,-23.3311],[-44.8259,-23.3877],[-44.8661,-23.3576],[-44.8904,-23.3725],[-44.9071,-23.3345],[-44.9771,-23.4003],[-45.0589,-23.4189],[-45.06,-23.4562],[-45.0179,-23.4609],[-45.0623,-23.4676],[-45.0824,-23.5213],[-45.0863,-23.494],[-45.1241,-23.5029],[-45.1075,-23.508],[-45.1124,-23.5263],[-45.1684,-23.4927],[-45.1621,-23.5419],[-45.2275,-23.537],[-45.211,-23.5827],[-45.3108,-23.5752],[-45.358,-23.6249],[-45.4164,-23.6312],[-45.4122,-23.8249],[-45.5146,-23.8422],[-45.5615,-23.7919],[-45.8829,-23.7618],[-46.1266,-23.841],[-46.1795,-23.9252],[-46.1606,-23.9455],[-46.1848,-23.9646],[-46.1824,-23.9909],[-46.247,-23.9927],[-46.2874,-24.045],[-46.2949,-24.0159],[-46.3242,-24.0224],[-46.3196,-23.9774],[-46.4202,-23.9622],[-46.412,-23.9869],[-46.3745,-23.9854],[-46.3988,-24.0333],[-46.4199,-24.015],[-46.5216,-24.0502],[-46.9235,-24.2681],[-47.0017,-24.3331],[-47.0084,-24.4144],[-47.2271,-24.5711],[-47.4078,-24.6734],[-47.4378,-24.6692],[-47.4528,-24.6845],[-47.4656,-24.6875],[-47.4692,-24.6932],[-47.4755,-24.6901],[-47.4835,-24.6907],[-47.5047,-24.6964],[-47.5241,-24.6907],[-47.7345,-24.8296],[-47.7999,-24.878],[-47.8005,-24.8858],[-47.8575,-24.8929],[-47.8947,-24.9132],[-47.9794,-25.0172],[-48.0393,-25.0286],[-48.0133,-25.0838],[-48.033,-25.101],[-48.0325,-25.117],[-48.0173,-25.1256],[-48.0284,-25.1309],[-48.0313,-25.1388],[-48.0334,-25.1567],[-48.02,-25.1663],[-48.0301,-25.1754],[-48.027,-25.1802],[-48.0238,-25.1813],[-47.9927,-25.1756],[-48.0238,-25.2285],[-48.0288,-25.2276],[-48.0264,-25.2221],[-48.0299,-25.2186],[-48.0578,-25.2179],[-48.0623,-25.2324],[-48.059,-25.2383],[-48.0773,-25.2411],[-48.0895,-25.2525],[-48.1105,-25.2578],[-48.133,-25.2716],[-48.1361,-25.2667],[-48.1459,-25.2884],[-48.2363,-25.2888],[-48.2583,-25.3265],[-48.2746,-25.2861],[-48.288,-25.288],[-48.2659,-25.3236],[-48.2901,-25.3336],[-48.2922,-25.3255],[-48.3109,-25.3194],[-48.3335,-25.3272],[-48.3215,-25.2632],[-48.3395,-25.2587],[-48.3082,-25.2443],[-48.3062,-25.2394],[-48.3091,-25.234],[-48.3037,-25.2306],[-48.35,-25.2339],[-48.3794,-25.2871],[-48.4134,-25.2591],[-48.4449,-25.2603],[-48.4306,-25.3258],[-48.5164,-25.3297],[-48.4825,-25.3561],[-48.4352,-25.3503],[-48.4327,-25.3825],[-48.4532,-25.3728],[-48.4792,-25.3894],[-48.4685,-25.4276],[-48.449,-25.3769],[-48.4131,-25.4226],[-48.4728,-25.4804],[-48.5222,-25.4514],[-48.6352,-25.4677],[-48.6601,-25.4134],[-48.7076,-25.4095],[-48.7154,-25.3671],[-48.7404,-25.3643],[-48.7331,-25.4139],[-48.6733,-25.4586],[-48.6936,-25.4987],[-48.6956,-25.4927],[-48.7193,-25.4811],[-48.7432,-25.4793],[-48.7056,-25.5091],[-48.6619,-25.4981],[-48.6609,-25.5145],[-48.6582,-25.518],[-48.6152,-25.5318],[-48.5851,-25.5251],[-48.5758,-25.5146],[-48.4923,-25.4997],[-48.5237,-25.5396],[-48.5249,-25.5431],[-48.5239,-25.5471],[-48.5188,-25.5542],[-48.5025,-25.5498],[-48.487,-25.5288],[-48.473,-25.5467],[-48.4217,-25.5618],[-48.3727,-25.545],[-48.3466,-25.5732],[-48.4375,-25.6515],[-48.5346,-25.8497],[-48.6626,-25.8389],[-48.7247,-25.867],[-48.6599,-25.8822],[-48.5626,-25.8697],[-48.6102,-26.05],[-48.5839,-26.172],[-48.7014,-26.2495],[-48.7483,-26.2296],[-48.7754,-26.2509],[-48.7581,-26.2562],[-48.7721,-26.273],[-48.7258,-26.3484],[-48.6967,-26.3589],[-48.6817,-26.3437],[-48.7068,-26.2975],[-48.6351,-26.231],[-48.5628,-26.2123],[-48.5599,-26.1924],[-48.5839,-26.1931],[-48.5578,-26.1714],[-48.5275,-26.164],[-48.5217,-26.2168],[-48.493,-26.2184],[-48.6884,-26.6793],[-48.6686,-26.7668],[-48.5837,-26.786],[-48.6423,-26.8967],[-48.6269,-26.9933],[-48.569,-27.0091],[-48.6085,-27.1139],[-48.5645,-27.1553],[-48.5368,-27.1502],[-48.5079,-27.1104],[-48.5043,-27.1434],[-48.4648,-27.144],[-48.4987,-27.1715],[-48.4793,-27.208],[-48.5153,-27.2208],[-48.4992,-27.1996],[-48.5375,-27.1811],[-48.6157,-27.2464],[-48.5945,-27.3158],[-48.5395,-27.2987],[-48.5231,-27.3338],[-48.5264,-27.3792],[-48.5568,-27.3672],[-48.566,-27.4231],[-48.6225,-27.4299],[-48.6469,-27.4839],[-48.5674,-27.5949],[-48.6596,-27.646],[-48.6162,-27.7507],[-48.6346,-27.791],[-48.5864,-27.8271],[-48.6018,-27.8693],[-48.5731,-27.8856],[-48.6251,-27.9543],[-48.6301,-28.0092],[-48.598,-28.0311],[-48.6618,-28.1785],[-48.6454,-28.2346],[-48.7636,-28.4565],[-48.7611,-28.5379],[-48.814,-28.6066],[-48.9738,-28.6718],[-49.2417,-28.8441],[-49.7059,-29.3118],[-50.0495,-29.8315],[-50.3362,-30.5044],[-50.7637,-31.1047],[-51.266,-31.5772],[-51.8527,-31.9344],[-52.0739,-32.1403],[-52.0743,-32.1875],[-52.1169,-32.1654],[-52.2274,-32.2529],[-52.3481,-32.4379],[-52.4892,-32.8536],[-52.6626,-33.1599],[-52.795,-33.3005],[-53.3933,-33.751],[-53.4306,-33.7394],[-53.4395,-33.6935],[-53.5324,-33.6888],[-53.5182,-33.1534],[-53.4444,-33.053],[-53.2443,-32.9345],[-53.3093,-32.9184],[-53.2945,-32.8993],[-53.185,-32.8504],[-53.1457,-32.792],[-53.0858,-32.7883],[-53.0756,-32.7409],[-53.2499,-32.6041],[-53.2908,-32.621],[-53.3702,-32.5697],[-53.401,-32.5814],[-53.4642,-32.4845],[-53.5277,-32.4885],[-53.5832,-32.4519],[-53.6452,-32.3839],[-53.6429,-32.2967],[-53.735,-32.1519],[-53.746,-32.0785],[-53.8333,-32.0554],[-53.8498,-32.0006],[-53.9607,-31.9553],[-53.9697,-31.9177],[-54.0328,-31.8954],[-54.1002,-31.9282],[-54.4564,-31.6518],[-54.4527,-31.5995],[-54.5865,-31.4565],[-54.7521,-31.4244],[-54.8365,-31.442],[-54.886,-31.3773],[-54.9407,-31.3806],[-55.007,-31.2669],[-55.0743,-31.3321],[-55.2398,-31.2606],[-55.2912,-31.1423],[-55.3402,-31.1314],[-55.3496,-31.0392],[-55.4229,-31.0182],[-55.4412,-30.9597],[-55.4865,-30.9476],[-55.5773,-30.8331],[-55.6583,-30.8643],[-55.6423,-30.9115],[-55.6661,-30.954],[-55.7238,-30.9428],[-55.7281,-30.9794],[-55.884,-31.0767],[-56.0111,-31.0816],[-55.9896,-30.8585],[-56.0224,-30.7857],[-56.1251,-30.7387],[-56.1707,-30.6152],[-56.261,-30.5851],[-56.2919,-30.5197],[-56.3818,-30.4996],[-56.4613,-30.3849],[-56.4899,-30.3984],[-56.5471,-30.3595],[-56.5411,-30.3129],[-56.6187,-30.3005],[-56.6106,-30.2657],[-56.668,-30.2184],[-56.6489,-30.2116],[-56.6463,-30.2035],[-56.7775,-30.1629],[-56.8078,-30.1035],[-57.0705,-30.0863],[-57.1161,-30.114],[-57.168,-30.1981],[-57.1553,-30.2345],[-57.2208,-30.2893],[-57.2598,-30.2672],[-57.284,-30.294],[-57.3135,-30.2578],[-57.3923,-30.3047],[-57.4649,-30.2661],[-57.5243,-30.2857],[-57.5665,-30.259],[-57.5609,-30.2113],[-57.6489,-30.1939],[-57.4805,-30.1231],[-57.3371,-29.9928],[-57.3262,-29.8761],[-57.2364,-29.7825],[-57.1209,-29.7649],[-56.9698,-29.6415],[-56.9517,-29.5812],[-56.7774,-29.4353],[-56.7662,-29.3777],[-56.7016,-29.3591],[-56.5914,-29.1242],[-56.4195,-29.079],[-56.4099,-28.9777],[-56.302,-28.9011],[-56.2944,-28.7977],[-56.1856,-28.77],[-56.0076,-28.6049],[-56.0087,-28.506],[-55.8824,-28.4777],[-55.903,-28.408],[-55.8783,-28.3612],[-55.7574,-28.3686],[-55.6963,-28.4232],[-55.6699,-28.3308],[-55.7744,-28.2725],[-55.7752,-28.2444],[-55.6322,-28.1767],[-55.6076,-28.1163],[-55.56,-28.1642],[-55.4942,-28.0784],[-55.445,-28.0972],[-55.3705,-28.0285],[-55.3836,-27.9812],[-55.3226,-27.9244],[-55.2644,-27.929],[-55.2049,-27.861],[-55.1344,-27.8961],[-55.1083,-27.8474],[-55.0328,-27.8568],[-55.025,-27.8326],[-55.0839,-27.786],[-54.9363,-27.7719],[-54.9028,-27.721],[-54.9051,-27.6386],[-54.85,-27.624],[-54.812,-27.5316],[-54.7763,-27.5842],[-54.6821,-27.5747],[-54.6779,-27.5102],[-54.6223,-27.5421],[-54.5817,-27.4534],[-54.5302,-27.5066],[-54.4464,-27.4742],[-54.4699,-27.4278],[-54.4132,-27.4065],[-54.3534,-27.4663],[-54.3383,-27.403],[-54.2785,-27.4456],[-54.2628,-27.3988],[-54.2174,-27.386],[-54.1852,-27.2641],[-54.0889,-27.3011],[-54.0211,-27.2484],[-54.0099,-27.2004],[-53.9607,-27.1961],[-53.9554,-27.1545],[-53.9038,-27.1756],[-53.8692,-27.1252],[-53.8367,-27.1696],[-53.7988,-27.1463],[-53.8189,-27.1028],[-53.7769,-27.1036],[-53.8053,-27.0777],[-53.7719,-27.074],[-53.8023,-27.0403],[-53.7609,-27.0654],[-53.7859,-27.0267],[-53.7473,-27.0322],[-53.7636,-27.0083],[-53.7179,-26.9901],[-53.7371,-26.9745],[-53.7092,-26.9341],[-53.6713,-26.9425],[-53.697,-26.9288],[-53.671,-26.8944],[-53.6968,-26.8601],[-53.6605,-26.8582],[-53.6946,-26.8472],[-53.6986,-26.7696],[-53.73,-26.7738],[-53.7439,-26.7641],[-53.7142,-26.7505],[-53.758,-26.7205],[-53.7346,-26.7171],[-53.7203,-26.6506],[-53.7595,-26.641],[-53.7075,-26.5609],[-53.7417,-26.5444],[-53.6959,-26.4903],[-53.7099,-26.3874],[-53.6453,-26.2856],[-53.6412,-26.2139],[-53.742,-26.1156],[-53.7342,-26.0432],[-53.8368,-25.9702],[-53.8195,-25.8985],[-53.85,-25.8837],[-53.8235,-25.8722],[-53.8501,-25.8398],[-53.8221,-25.7938],[-53.8793,-25.7077],[-53.8425,-25.6875],[-53.89,-25.6611],[-53.8925,-25.6222],[-53.948,-25.6114],[-53.9625,-25.6433],[-54.0165,-25.5636],[-54.049,-25.5853],[-54.0811,-25.5583],[-54.102,-25.6171],[-54.1237,-25.5669],[-54.1025,-25.4943],[-54.2054,-25.5401],[-54.1788,-25.5849],[-54.23,-25.562],[-54.2551,-25.5962],[-54.2882,-25.5539],[-54.3483,-25.607],[-54.3839,-25.5975],[-54.4329,-25.6976],[-54.4927,-25.6181],[-54.5935,-25.5928],[-54.6194,-25.4531],[-54.4268,-25.1655],[-54.4636,-25.0568],[-54.3954,-24.8028],[-54.3265,-24.6698],[-54.3271,-24.4707],[-54.2588,-24.3638],[-54.3454,-24.147],[-54.2862,-24.0682],[-54.4398,-23.9045],[-54.6698,-23.8126],[-54.7053,-23.8645],[-54.8856,-23.8969],[-54.9274,-23.9617],[-54.9985,-23.9574],[-55.0624,-23.9932],[-55.1076,-23.9625],[-55.2291,-24.0138],[-55.3042,-23.9651],[-55.3454,-23.9946],[-55.4142,-23.9645],[-55.4463,-23.9168],[-55.4367,-23.7166],[-55.464,-23.7119],[-55.4841,-23.6403],[-55.5399,-23.625],[-55.5269,-23.5673],[-55.5621,-23.4762],[-55.5046,-23.3789],[-55.5558,-23.3165],[-55.5236,-23.1973],[-55.542,-23.1561],[-55.5963,-23.1499],[-55.6614,-22.8818],[-55.6145,-22.6552],[-55.7235,-22.5518],[-55.743,-22.3927],[-55.7894,-22.3846],[-55.843,-22.2873]]]]},"properties":{"country":"BR"}},{"type":"Feature","geometry":{"type":"MultiPolygon","coordinates":[[[[-118.5845,33.0],[-118.496,32.9328],[-118.3487,32.8203],[-118.4256,32.8004],[-118.5004,32.8515],[-118.5845,33.0]]],[[[-117.233,32.7736],[-117.2424,32.7764],[-117.2325,32.7791],[-117.233,32.7736]]],[[[-80.072,26.3362],[-80.0637,26.4618],[-80.0432,26.5453],[-80.072,26.3362]]],[[[-80.1061,26.1112],[-80.1044,26.1591],[-80.0841,26.2617],[-80.1046,26.095],[-80.1156,26.0946],[-80.1061,26.1112]]],[[[-80.1233,25.9005],[-80.1224,25.9292],[-80.1132,26.0898],[-80.1052,26.0926],[-80.1233,25.9005]]],[[[-80.1218,25.8469],[-80.1267,25.8993],[-80.1192,25.8345],[-80.1251,25.7618],[-80.1457,25.7876],[-80.1277,25.7995],[-80.1246,25.8086],[-80.122,25.8269],[-80.1218,25.8469]]],[[[-80.1476,25.7225],[-80.1565,25.6951],[-80.1555,25.6665],[-80.1763,25.7101],[-80.1476,25.7225]]],[[[-80.9533,25.2916],[-80.9421,25.3035],[-80.9401,25.3046],[-80.9398,25.3063],[-80.9343,25.3079],[-80.9343,25.3107],[-80.9454,25.3073],[-80.9541,25.294],[-80.9567,25.3018],[-80.9165,25.3332],[-80.905,25.3244],[-80.9222,25.288],[-80.9384,25.273],[-80.9305,25.2832],[-80.9339,25.2867],[-80.9295,25.2861],[-80.9258,25.2956],[-80.9533,25.2916]]],[[[-80.4686,25.2132],[-80.435,25.1989],[-80.457,25.1584],[-80.4241,25.1483],[-80.4238,25.1292],[-80.4468,25.1512],[-80.4608,25.1315],[-80.4618,25.1604],[-80.4416,25.1933],[-80.4686,25.2132]]],[[[-80.5283,24.9998],[-80.4084,25.1319],[-80.3342,25.2391],[-80.3662,25.2848],[-80.2571,25.3339],[-80.2884,25.3105],[-80.3715,25.1705],[-80.3581,25.1532],[-80.4182,25.0988],[-80.4059,25.1137],[-80.4117,25.1205],[-80.5283,24.9998]]],[[[-80.5931,24.9632],[-80.5446,25.0131],[-80.5295,25.0061],[-80.5657,24.9567],[-80.5931,24.9632]]],[[[-80.7481,24.8448],[-80.7084,24.8823],[-80.6907,24.8852],[-80.7027,24.8681],[-80.7481,24.8448]]],[[[-87.161,30.3265],[-87.2696,30.3164],[-87.3013,30.3305],[-87.1641,30.3283],[-87.1498,30.3445],[-86.7317,30.402],[-86.5956,30.401],[-86.5105,30.3811],[-86.7322,30.3934],[-87.161,30.3265]]],[[[-88.0281,30.2259],[-87.9369,30.2605],[-87.8649,30.2396],[-87.7536,30.2822],[-87.7325,30.264],[-87.5147,30.3081],[-87.6568,30.25],[-88.0281,30.2259]]],[[[-91.9466,29.8344],[-91.9334,29.8196],[-91.9668,29.8342],[-91.9466,29.8344]]],[[[-91.822,29.8085],[-91.8182,29.7967],[-91.823,29.808],[-91.822,29.8085]]],[[[-94.7421,29.7983],[-94.7445,29.8019],[-94.7461,29.8044],[-94.7421,29.7983]]],[[[-91.8225,29.7979],[-91.8215,29.798],[-91.8178,29.7934],[-91.8216,29.7943],[-91.8225,29.7979]]],[[[-94.7449,29.7908],[-94.749,29.7975],[-94.7402,29.7903],[-94.7449,29.7908]]],[[[-94.7425,29.7904],[-94.7358,29.7873],[-94.7446,29.7858],[-94.7425,29.7904]]],[[[-94.7198,29.7819],[-94.7169,29.7749],[-94.73,29.7765],[-94.7198,29.7819]]],[[[-92.1601,29.7797],[-92.1349,29.7697],[-92.1595,29.7661],[-92.1629,29.7741],[-92.1577,29.7767],[-92.1601,29.7797]]],[[[-91.8501,29.7877],[-91.8771,29.7478],[-91.8779,29.7578],[-91.8501,29.7877]]],[[[-92.1623,29.7621],[-92.1669,29.7417],[-92.2031,29.7537],[-92.1744,29.745],[-92.1943,29.7583],[-92.1625,29.7791],[-92.1581,29.7771],[-92.1638,29.7738],[-92.1623,29.7621]]],[[[-92.154,29.7646],[-92.157,29.7529],[-92.162,29.7605],[-92.154,29.7646]]],[[[-91.8414,29.7299],[-91.8216,29.7935],[-91.8158,29.7798],[-91.7403,29.7636],[-91.8711,29.7194],[-91.8414,29.7299]]],[[[-92.2098,29.7462],[-92.2118,29.7476],[-92.2083,29.7507],[-92.2098,29.7462]]],[[[-81.4527,30.9674],[-81.47,30.9283],[-81.4663,30.9281],[-81.4517,30.9461],[-81.4497,30.9663],[-81.4446,30.946],[-81.4675,30.9251],[-81.4819,30.9325],[-81.5014,30.9245],[-81.5068,30.9352],[-81.4867,30.9361],[-81.4847,30.9516],[-81.5075,30.9613],[-81.4527,30.9674]]],[[[-84.6742,29.7801],[-84.5743,29.8321],[-84.5722,29.8182],[-84.5857,29.805],[-84.626,29.7888],[-84.6649,29.7788],[-84.6742,29.7801]]],[[[-85.2234,29.6787],[-85.1021,29.6692],[-85.1503,29.6805],[-85.1149,29.6884],[-85.0744,29.6738],[-85.0974,29.6323],[-85.2234,29.6787]]],[[[-90.4373,29.4598],[-90.4318,29.4515],[-90.4393,29.451],[-90.4373,29.4598]]],[[[-90.0268,29.4514],[-90.0364,29.4378],[-90.0373,29.4432],[-90.0268,29.4514]]],[[[-92.1517,29.7213],[-92.1217,29.7517],[-92.115,29.74],[-92.1517,29.7213]]],[[[-94.7159,29.7281],[-94.7169,29.7326],[-94.7141,29.7327],[-94.7159,29.7281]]],[[[-91.8808,29.7131],[-91.8686,29.719],[-91.8661,29.715],[-91.8612,29.7132],[-91.8808,29.7131]]],[[[-94.9752,29.6939],[-94.9842,29.6908],[-94.9905,29.697],[-94.9752,29.6939]]],[[[-94.9341,29.6887],[-94.9467,29.6992],[-94.9342,29.7064],[-94.93,29.697],[-94.9162,29.6983],[-94.9341,29.6887]]],[[[-94.9476,29.67],[-94.9485,29.6369],[-94.977,29.6852],[-94.9476,29.67]]],[[[-94.9467,29.6133],[-94.9487,29.6306],[-94.9397,29.619],[-94.9467,29.6133]]],[[[-94.9184,29.5879],[-94.9168,29.5678],[-94.928,29.5842],[-94.9184,29.5879]]],[[[-91.7392,29.5684],[-91.7405,29.5742],[-91.7333,29.5802],[-91.7392,29.5684]]],[[[-91.7406,29.5669],[-91.7372,29.5638],[-91.7391,29.5626],[-91.7406,29.5669]]],[[[-91.7597,29.5284],[-91.7807,29.5795],[-91.8027,29.588],[-91.7486,29.5737],[-91.7615,29.5677],[-91.7632,29.549],[-91.7464,29.5373],[-91.7079,29.5681],[-91.7188,29.5507],[-91.7597,29.5284]]],[[[-92.0257,29.5675],[-91.9278,29.6349],[-91.8431,29.6287],[-91.7991,29.5707],[-91.7706,29.5529],[-91.7735,29.5416],[-91.7679,29.5339],[-91.7731,29.5267],[-91.7703,29.5243],[-91.765,29.5245],[-91.7769,29.5051],[-91.7674,29.4896],[-91.8472,29.4793],[-92.0257,29.5675]]],[[[-91.7396,29.5508],[-91.7617,29.5595],[-91.735,29.5618],[-91.7396,29.5508]]],[[[-94.7917,29.5465],[-94.7795,29.5495],[-94.7776,29.549],[-94.7917,29.5465]]],[[[-91.4764,29.5396],[-91.4521,29.5444],[-91.4418,29.5391],[-91.4764,29.5396]]],[[[-94.4956,29.5255],[-94.4731,29.5485],[-94.4863,29.5275],[-94.4956,29.5255]]],[[[-91.4777,29.5293],[-91.4696,29.5378],[-91.4651,29.5311],[-91.4777,29.5293]]],[[[-91.4358,29.5308],[-91.4538,29.5304],[-91.4332,29.5382],[-91.4358,29.5308]]],[[[-91.4868,29.5199],[-91.4864,29.5276],[-91.4761,29.5279],[-91.4868,29.5199]]],[[[-91.4745,29.5272],[-91.4841,29.5205],[-91.478,29.5265],[-91.4745,29.5272]]],[[[-94.5394,29.5133],[-94.572,29.5275],[-94.5662,29.5309],[-94.5585,29.53],[-94.5541,29.5284],[-94.5394,29.5133]]],[[[-91.4695,29.5102],[-91.4589,29.5293],[-91.4465,29.522],[-91.4695,29.5102]]],[[[-94.5878,29.4981],[-94.5735,29.528],[-94.5623,29.5078],[-94.5878,29.4981]]],[[[-91.4822,29.5135],[-91.4766,29.5044],[-91.4863,29.5031],[-91.4822,29.5135]]],[[[-91.4555,29.5046],[-91.4886,29.4915],[-91.4511,29.5144],[-91.4555,29.5046]]],[[[-91.4196,29.4893],[-91.4332,29.5066],[-91.4323,29.516],[-91.4196,29.4893]]],[[[-94.541,29.5114],[-94.5115,29.5194],[-94.6065,29.4835],[-94.541,29.5114]]],[[[-91.4479,29.5021],[-91.4393,29.4848],[-91.4509,29.4829],[-91.4479,29.5021]]],[[[-91.4022,29.5036],[-91.4027,29.4919],[-91.4038,29.4979],[-91.4163,29.5069],[-91.4022,29.5036]]],[[[-94.5935,29.4932],[-94.5912,29.5048],[-94.5884,29.4983],[-94.5868,29.4973],[-94.5935,29.4932]]],[[[-91.4845,29.4967],[-91.4939,29.4994],[-91.481,29.5012],[-91.4845,29.4967]]],[[[-91.4053,29.4988],[-91.4095,29.4895],[-91.4171,29.5002],[-91.4053,29.4988]]],[[[-91.437,29.487],[-91.4249,29.49],[-91.4283,29.4796],[-91.437,29.487]]],[[[-91.455,29.4811],[-91.4653,29.4938],[-91.4521,29.5021],[-91.455,29.4811]]],[[[-91.41,29.4861],[-91.4158,29.4823],[-91.417,29.4915],[-91.41,29.4861]]],[[[-91.3336,29.4672],[-91.2907,29.4765],[-91.3274,29.4653],[-91.3336,29.4672]]],[[[-91.3361,29.4681],[-91.3326,29.4638],[-91.3386,29.4637],[-91.3361,29.4681]]],[[[-91.2811,29.477],[-91.3048,29.4517],[-91.3372,29.4576],[-91.3253,29.4556],[-91.2811,29.477]]],[[[-91.3306,29.4594],[-91.3345,29.4626],[-91.3283,29.4637],[-91.3306,29.4594]]],[[[-94.7048,29.4381],[-94.6719,29.4766],[-94.6066,29.4829],[-94.679,29.4561],[-94.7048,29.4381]]],[[[-91.3448,29.4606],[-91.3403,29.4601],[-91.3346,29.45],[-91.3448,29.4606]]],[[[-91.3466,29.4542],[-91.3279,29.4435],[-91.3536,29.4373],[-91.3466,29.4542]]],[[[-91.3692,29.4408],[-91.3573,29.4407],[-91.354,29.4372],[-91.3692,29.4408]]],[[[-91.3352,29.4296],[-91.3472,29.4375],[-91.3326,29.4404],[-91.3352,29.4296]]],[[[-91.3191,29.4314],[-91.3156,29.4376],[-91.3295,29.4281],[-91.3191,29.4314]]],[[[-91.3064,29.4297],[-91.3069,29.4217],[-91.3114,29.4314],[-91.3064,29.4297]]],[[[-91.3435,29.4219],[-91.348,29.4308],[-91.3371,29.4285],[-91.3435,29.4219]]],[[[-91.2895,29.4327],[-91.3099,29.4318],[-91.2875,29.4479],[-91.2819,29.4212],[-91.2935,29.4011],[-91.2895,29.4327]]],[[[-91.272,29.4357],[-91.2841,29.4437],[-91.27,29.4696],[-91.2584,29.4251],[-91.272,29.4357]]],[[[-90.7836,29.4255],[-90.7886,29.4279],[-90.7818,29.4285],[-90.7836,29.4255]]],[[[-91.2496,29.4349],[-91.2555,29.4433],[-91.2441,29.4403],[-91.2496,29.4349]]],[[[-91.27,29.4297],[-91.2686,29.4127],[-91.2825,29.4386],[-91.2721,29.4352],[-91.27,29.4297]]],[[[-91.2141,29.4069],[-91.2177,29.4014],[-91.2185,29.4023],[-91.2141,29.4069]]],[[[-91.2183,29.3968],[-91.2092,29.4012],[-91.2067,29.3956],[-91.2183,29.3968]]],[[[-90.9453,29.3838],[-90.942,29.3926],[-90.9405,29.3943],[-90.9453,29.3838]]],[[[-90.9667,29.3785],[-90.9611,29.3844],[-90.9582,29.3805],[-90.9667,29.3785]]],[[[-90.9347,29.3656],[-90.9348,29.3665],[-90.921,29.3812],[-90.939,29.395],[-90.9203,29.3822],[-90.9259,29.3725],[-90.9347,29.3656]]],[[[-90.9347,29.3779],[-90.9583,29.3748],[-90.9356,29.3846],[-90.9347,29.3779]]],[[[-90.4378,29.4449],[-90.4441,29.4448],[-90.4407,29.4506],[-90.4378,29.4449]]],[[[-90.4362,29.446],[-90.4341,29.4417],[-90.4372,29.438],[-90.4362,29.446]]],[[[-90.3691,29.4233],[-90.3763,29.422],[-90.3938,29.4329],[-90.3947,29.4264],[-90.4,29.4357],[-90.3736,29.4303],[-90.3899,29.4522],[-90.3718,29.446],[-90.3763,29.4376],[-90.3691,29.4233]]],[[[-90.4336,29.4374],[-90.4368,29.4356],[-90.4383,29.4377],[-90.4336,29.4374]]],[[[-90.0444,29.4413],[-90.0482,29.4359],[-90.0562,29.4442],[-90.0444,29.4413]]],[[[-90.4395,29.4334],[-90.442,29.4359],[-90.4417,29.436],[-90.4395,29.4334]]],[[[-90.5528,29.4309],[-90.5551,29.433],[-90.551,29.4352],[-90.5528,29.4309]]],[[[-90.0696,29.4323],[-90.0656,29.4293],[-90.0669,29.4282],[-90.0696,29.4323]]],[[[-90.0025,29.4357],[-90.0028,29.4304],[-90.0065,29.4342],[-90.0025,29.4357]]],[[[-90.0393,29.434],[-90.0291,29.4269],[-90.0364,29.4255],[-90.0393,29.434]]],[[[-90.0065,29.4279],[-90.0125,29.4268],[-90.0113,29.4303],[-90.0065,29.4279]]],[[[-90.0383,29.4279],[-90.0385,29.4175],[-90.0431,29.4172],[-90.0383,29.4279]]],[[[-90.4396,29.4293],[-90.4341,29.4306],[-90.4367,29.426],[-90.4396,29.4293]]],[[[-90.0535,29.4306],[-90.0539,29.4249],[-90.0573,29.4294],[-90.0535,29.4306]]],[[[-90.042,29.4231],[-90.0402,29.4271],[-90.0401,29.4267],[-90.042,29.4231]]],[[[-90.0604,29.4176],[-90.0647,29.4299],[-90.0574,29.4219],[-90.0604,29.4176]]],[[[-90.378,29.4218],[-90.3563,29.4007],[-90.3929,29.4256],[-90.3882,29.4271],[-90.378,29.4218]]],[[[-90.3967,29.3817],[-90.4293,29.3808],[-90.4465,29.415],[-90.4249,29.4025],[-90.4205,29.4608],[-90.3934,29.4181],[-90.4173,29.4152],[-90.3825,29.3984],[-90.4247,29.4002],[-90.3967,29.3817]]],[[[-90.5284,29.4086],[-90.5217,29.4072],[-90.5253,29.4039],[-90.5284,29.4086]]],[[[-90.5524,29.4116],[-90.5559,29.4032],[-90.556,29.4117],[-90.5524,29.4116]]],[[[-90.4797,29.3813],[-90.4949,29.4171],[-90.4799,29.39],[-90.4797,29.3813]]],[[[-90.4501,29.3775],[-90.4516,29.3937],[-90.4402,29.3776],[-90.4501,29.3775]]],[[[-90.4812,29.3792],[-90.4817,29.376],[-90.4844,29.3812],[-90.4812,29.3792]]],[[[-90.5791,29.3782],[-90.5835,29.3781],[-90.5799,29.379],[-90.5791,29.3782]]],[[[-90.0058,29.3951],[-90.0031,29.4037],[-90.0034,29.4],[-90.0058,29.3951]]],[[[-90.0082,29.3944],[-90.0139,29.399],[-90.0072,29.3956],[-90.0082,29.3944]]],[[[-90.006,29.3905],[-90.0165,29.3914],[-90.0137,29.3939],[-90.006,29.3905]]],[[[-90.0303,29.3801],[-90.0332,29.3822],[-90.0301,29.3813],[-90.0303,29.3801]]],[[[-90.0202,29.3815],[-90.0197,29.3797],[-90.0273,29.3802],[-90.0202,29.3815]]],[[[-90.0362,29.3791],[-90.0364,29.3744],[-90.0386,29.3776],[-90.0362,29.3791]]],[[[-90.0582,29.3772],[-90.0488,29.3781],[-90.0521,29.3712],[-90.0582,29.3772]]],[[[-90.0372,29.373],[-90.0448,29.3764],[-90.0395,29.3781],[-90.0372,29.373]]],[[[-90.0605,29.374],[-90.0578,29.3749],[-90.0557,29.3706],[-90.0605,29.374]]],[[[-90.0477,29.3739],[-90.0447,29.3729],[-90.0452,29.3705],[-90.0425,29.3683],[-90.0436,29.3666],[-90.0477,29.3739]]],[[[-90.0467,29.365],[-90.0415,29.3594],[-90.0466,29.3613],[-90.0467,29.365]]],[[[-90.4306,29.3654],[-90.451,29.3544],[-90.4434,29.3769],[-90.4306,29.3654]]],[[[-90.0567,29.3644],[-90.0543,29.3586],[-90.0608,29.3581],[-90.0567,29.3644]]],[[[-90.0369,29.3552],[-90.0434,29.3573],[-90.049,29.3616],[-90.0369,29.3552]]],[[[-90.0064,29.3638],[-90.0118,29.3591],[-90.0071,29.3677],[-90.0064,29.3638]]],[[[-90.0282,29.3502],[-90.0291,29.358],[-90.0232,29.3528],[-90.0282,29.3502]]],[[[-90.0202,29.348],[-90.0151,29.3532],[-90.0137,29.3509],[-90.0202,29.348]]],[[[-90.0448,29.3565],[-90.0615,29.3429],[-90.0621,29.3567],[-90.0448,29.3565]]],[[[-90.4628,29.3601],[-90.4599,29.3381],[-90.4721,29.344],[-90.4628,29.3601]]],[[[-90.4883,29.3522],[-90.5032,29.3436],[-90.5061,29.3532],[-90.4883,29.3522]]],[[[-90.0433,29.3431],[-90.0529,29.3392],[-90.0497,29.3476],[-90.0433,29.3431]]],[[[-90.012,29.3498],[-89.989,29.3514],[-89.9927,29.3478],[-89.988,29.343],[-90.012,29.3498]]],[[[-91.3079,29.4005],[-91.3149,29.4305],[-91.3081,29.419],[-91.3079,29.4005]]],[[[-91.3224,29.4267],[-91.3274,29.3982],[-91.3335,29.4185],[-91.3368,29.4171],[-91.3224,29.4267]]],[[[-91.2801,29.4215],[-91.2815,29.4156],[-91.284,29.4077],[-91.2801,29.4215]]],[[[-91.3014,29.4096],[-91.2988,29.4103],[-91.3008,29.401],[-91.3014,29.4096]]],[[[-91.3641,29.4093],[-91.3673,29.4082],[-91.3672,29.4098],[-91.3641,29.4093]]],[[[-91.332,29.4097],[-91.3339,29.3981],[-91.335,29.4106],[-91.332,29.4097]]],[[[-94.784,29.3752],[-94.7473,29.4064],[-94.7132,29.4309],[-94.784,29.3752]]],[[[-91.3095,29.4002],[-91.3149,29.3961],[-91.3131,29.4014],[-91.3095,29.4002]]],[[[-91.3822,29.3937],[-91.377,29.3998],[-91.3755,29.3948],[-91.3822,29.3937]]],[[[-91.3806,29.3892],[-91.3863,29.3834],[-91.39,29.3891],[-91.3806,29.3892]]],[[[-94.7392,29.3718],[-94.7442,29.3701],[-94.7407,29.3748],[-94.7392,29.3718]]],[[[-91.4048,29.3643],[-91.4066,29.3725],[-91.3992,29.3713],[-91.4048,29.3643]]],[[[-91.3845,29.3531],[-91.3801,29.3519],[-91.3822,29.351],[-91.3845,29.3531]]],[[[-94.8205,29.3485],[-94.8251,29.3548],[-94.82,29.3518],[-94.8205,29.3485]]],[[[-94.7767,29.3373],[-94.7902,29.316],[-94.8225,29.3148],[-94.8179,29.3483],[-94.7767,29.3373]]],[[[-91.301,29.3041],[-91.301,29.3059],[-91.3001,29.3025],[-91.301,29.3041]]],[[[-90.8977,29.3771],[-90.9018,29.3709],[-90.9032,29.3725],[-90.8977,29.3771]]],[[[-90.9074,29.3717],[-90.9058,29.37],[-90.9082,29.369],[-90.9074,29.3717]]],[[[-90.9137,29.3692],[-90.9128,29.3738],[-90.9115,29.3697],[-90.9137,29.3692]]],[[[-90.9012,29.3632],[-90.9093,29.3666],[-90.9122,29.3741],[-90.9092,29.3671],[-90.8993,29.3708],[-90.9012,29.3632]]],[[[-90.9823,29.3779],[-90.9828,29.3742],[-90.9887,29.3769],[-90.9823,29.3779]]],[[[-90.9513,29.3625],[-90.9502,29.3683],[-90.9481,29.3647],[-90.9513,29.3625]]],[[[-90.934,29.358],[-90.9325,29.3624],[-90.9247,29.3659],[-90.934,29.358]]],[[[-90.9624,29.3529],[-90.9597,29.3577],[-90.9576,29.3522],[-90.9624,29.3529]]],[[[-90.8904,29.3665],[-90.8856,29.3706],[-90.8934,29.3633],[-90.8904,29.3665]]],[[[-90.9092,29.3643],[-90.9073,29.3618],[-90.9142,29.3601],[-90.9092,29.3643]]],[[[-90.911,29.3509],[-90.921,29.3483],[-90.907,29.3531],[-90.911,29.3509]]],[[[-90.9346,29.3486],[-90.9212,29.3487],[-90.928,29.3401],[-90.9361,29.3396],[-90.9346,29.3486]]],[[[-90.9775,29.3558],[-90.9806,29.3461],[-90.9809,29.3512],[-90.9775,29.3558]]],[[[-90.9704,29.3482],[-90.9629,29.3525],[-90.9712,29.3422],[-90.9704,29.3482]]],[[[-91.2379,29.3489],[-91.239,29.3353],[-91.2517,29.3392],[-91.2466,29.3569],[-91.2422,29.3564],[-91.2399,29.3507],[-91.2392,29.3508],[-91.2379,29.3489]]],[[[-90.9425,29.3366],[-90.9495,29.3463],[-90.9347,29.338],[-90.9425,29.3366]]],[[[-90.9594,29.3404],[-90.9496,29.335],[-90.9756,29.3313],[-90.9594,29.3404]]],[[[-90.9749,29.3356],[-90.9771,29.3386],[-90.9679,29.3411],[-90.9749,29.3356]]],[[[-91.2502,29.333],[-91.2483,29.3331],[-91.2491,29.3281],[-91.2384,29.3354],[-91.2363,29.3478],[-91.2364,29.3482],[-91.2372,29.3489],[-91.2378,29.3491],[-91.2382,29.3502],[-91.2271,29.3395],[-91.2253,29.3292],[-91.2359,29.3365],[-91.243,29.3186],[-91.2556,29.3211],[-91.2473,29.3223],[-91.2551,29.3262],[-91.2502,29.333]]],[[[-91.3014,29.3062],[-91.2675,29.3584],[-91.2386,29.37],[-91.2677,29.3294],[-91.2516,29.3124],[-91.3014,29.3062]]],[[[-90.9404,29.3318],[-90.935,29.3355],[-90.9338,29.3331],[-90.9404,29.3318]]],[[[-91.2271,29.3231],[-91.2254,29.3275],[-91.2236,29.3242],[-91.2271,29.3231]]],[[[-90.997,29.3198],[-90.9936,29.3196],[-91.0075,29.3197],[-90.997,29.3198]]],[[[-91.2185,29.3239],[-91.2248,29.3199],[-91.2265,29.3231],[-91.2185,29.3239]]],[[[-90.7473,29.3281],[-90.7359,29.3416],[-90.7321,29.3204],[-90.7473,29.3281]]],[[[-90.7466,29.3272],[-90.7454,29.3142],[-90.7535,29.3144],[-90.7466,29.3272]]],[[[-90.724,29.3156],[-90.7324,29.3053],[-90.7294,29.3255],[-90.724,29.3156]]],[[[-90.7539,29.3105],[-90.7556,29.3159],[-90.7536,29.3163],[-90.7539,29.3105]]],[[[-91.2173,29.3239],[-91.2205,29.3189],[-91.223,29.3186],[-91.2173,29.3239]]],[[[-91.0174,29.3077],[-91.0077,29.3194],[-91.0069,29.3192],[-91.0174,29.3077]]],[[[-91.003,29.3169],[-91.0069,29.3064],[-91.0098,29.3101],[-91.003,29.3169]]],[[[-91.2424,29.3181],[-91.2399,29.3145],[-91.2518,29.3016],[-91.2424,29.3181]]],[[[-91.2358,29.3004],[-91.2408,29.3019],[-91.2319,29.3096],[-91.2358,29.3004]]],[[[-90.9897,29.3062],[-90.9909,29.2999],[-90.9982,29.3079],[-90.9897,29.3062]]],[[[-91.2314,29.3121],[-91.2039,29.3142],[-91.185,29.2951],[-91.2314,29.3121]]],[[[-90.9857,29.3047],[-90.9782,29.2992],[-90.9861,29.2966],[-90.9857,29.3047]]],[[[-90.7416,29.3051],[-90.732,29.3199],[-90.7562,29.2872],[-90.7416,29.3051]]],[[[-90.7611,29.305],[-90.7485,29.3094],[-90.754,29.2974],[-90.7611,29.305]]],[[[-90.7286,29.2976],[-90.7251,29.3034],[-90.7303,29.2943],[-90.7286,29.2976]]],[[[-90.7207,29.3076],[-90.7205,29.2967],[-90.7281,29.2871],[-90.7297,29.2811],[-90.7295,29.2876],[-90.7214,29.3003],[-90.7244,29.3139],[-90.7196,29.3086],[-90.7207,29.3076]]],[[[-91.2275,29.3015],[-91.2221,29.3031],[-91.2259,29.2981],[-91.2275,29.3015]]],[[[-91.2526,29.3001],[-91.2455,29.3011],[-91.2433,29.3012],[-91.2526,29.3001]]],[[[-91.0257,29.3007],[-91.0287,29.2984],[-91.0274,29.3014],[-91.0257,29.3007]]],[[[-91.2265,29.296],[-91.2323,29.2975],[-91.2286,29.3029],[-91.2265,29.296]]],[[[-91.173,29.2839],[-91.162,29.3183],[-91.1722,29.2737],[-91.1847,29.2705],[-91.173,29.2839]]],[[[-91.0198,29.297],[-91.0122,29.3014],[-91.0094,29.2938],[-91.0198,29.297]]],[[[-91.2397,29.2965],[-91.2358,29.2993],[-91.2366,29.2951],[-91.2397,29.2965]]],[[[-91.2704,29.293],[-91.2717,29.2993],[-91.266,29.2992],[-91.2704,29.293]]],[[[-90.0405,29.3328],[-90.0397,29.3321],[-90.04,29.3321],[-90.0405,29.3328]]],[[[-90.6122,29.3564],[-90.6219,29.3211],[-90.6254,29.3283],[-90.6122,29.3564]]],[[[-90.4692,29.338],[-90.4742,29.3318],[-90.4735,29.3213],[-90.4788,29.3478],[-90.4692,29.338]]],[[[-90.5738,29.3206],[-90.6031,29.2841],[-90.6024,29.3307],[-90.5346,29.3749],[-90.5306,29.3049],[-90.5738,29.3206]]],[[[-90.6074,29.3345],[-90.6138,29.3239],[-90.6178,29.328],[-90.6074,29.3345]]],[[[-90.0669,29.3248],[-90.0715,29.3254],[-90.0722,29.3274],[-90.0669,29.3248]]],[[[-90.041,29.3272],[-90.0503,29.3249],[-90.0502,29.3264],[-90.041,29.3272]]],[[[-90.3295,29.3112],[-90.3291,29.34],[-90.297,29.311],[-90.3295,29.3112]]],[[[-90.1081,29.3196],[-90.1162,29.3229],[-90.1042,29.3223],[-90.1081,29.3196]]],[[[-90.0594,29.3209],[-90.0583,29.3213],[-90.0578,29.3163],[-90.0594,29.3209]]],[[[-90.0582,29.3213],[-90.0533,29.3134],[-90.0598,29.3167],[-90.0571,29.3158],[-90.0561,29.317],[-90.0582,29.3213]]],[[[-90.1168,29.3196],[-90.1112,29.3184],[-90.1131,29.3134],[-90.1168,29.3196]]],[[[-90.7053,29.3145],[-90.7111,29.3142],[-90.7041,29.3182],[-90.7053,29.3145]]],[[[-90.0634,29.3212],[-90.0601,29.3089],[-90.0656,29.3211],[-90.0634,29.3212]]],[[[-90.6255,29.3052],[-90.6231,29.3214],[-90.6102,29.3137],[-90.6255,29.3052]]],[[[-90.5143,29.3118],[-90.5074,29.3075],[-90.5134,29.3091],[-90.5143,29.3118]]],[[[-90.0535,29.3124],[-90.0428,29.3059],[-90.0566,29.3106],[-90.0535,29.3124]]],[[[-90.7079,29.304],[-90.7115,29.3119],[-90.7053,29.3136],[-90.7079,29.304]]],[[[-90.1125,29.3102],[-90.1083,29.3099],[-90.1019,29.3001],[-90.1125,29.3102]]],[[[-90.0441,29.3082],[-90.038,29.3041],[-90.0406,29.3031],[-90.0441,29.3082]]],[[[-90.5167,29.3023],[-90.5159,29.3078],[-90.51,29.305],[-90.5167,29.3023]]],[[[-90.4662,29.3175],[-90.4793,29.2919],[-90.4986,29.3077],[-90.4662,29.3175]]],[[[-90.0367,29.3046],[-90.0417,29.2988],[-90.046,29.2989],[-90.0367,29.3046]]],[[[-90.613,29.3081],[-90.6155,29.2795],[-90.6185,29.2814],[-90.6253,29.3048],[-90.613,29.3081]]],[[[-90.6762,29.2765],[-90.6739,29.2738],[-90.6787,29.2745],[-90.6762,29.2765]]],[[[-90.0168,29.293],[-90.0212,29.2974],[-90.019,29.297],[-90.0168,29.293]]],[[[-90.0151,29.2947],[-90.0168,29.2936],[-90.0188,29.2971],[-90.0194,29.2973],[-90.0178,29.2986],[-90.0151,29.2947]]],[[[-90.0259,29.301],[-90.0316,29.2937],[-90.0309,29.3011],[-90.0259,29.301]]],[[[-90.0382,29.2955],[-90.0334,29.2933],[-90.0428,29.296],[-90.0382,29.2955]]],[[[-90.0253,29.2872],[-90.023,29.284],[-90.0267,29.284],[-90.0253,29.2872]]],[[[-90.0228,29.2669],[-90.0229,29.2613],[-90.0286,29.2645],[-90.0228,29.2669]]],[[[-90.7111,29.276],[-90.7046,29.2799],[-90.7134,29.2658],[-90.7111,29.276]]],[[[-90.7039,29.2802],[-90.7017,29.2657],[-90.7128,29.2655],[-90.7039,29.2802]]],[[[-90.6728,29.2706],[-90.67,29.2674],[-90.6746,29.2669],[-90.6728,29.2706]]],[[[-90.3797,29.2717],[-90.3726,29.2737],[-90.3792,29.2597],[-90.3797,29.2717]]],[[[-90.5924,29.2571],[-90.5942,29.2598],[-90.5906,29.2734],[-90.5924,29.2571]]],[[[-90.6799,29.2619],[-90.6776,29.2653],[-90.6743,29.2623],[-90.6799,29.2619]]],[[[-90.6778,29.2522],[-90.6946,29.2727],[-90.6812,29.266],[-90.6778,29.2522]]],[[[-90.6899,29.2533],[-90.6992,29.2705],[-90.6899,29.2601],[-90.6899,29.2533]]],[[[-90.7041,29.259],[-90.7016,29.2647],[-90.6983,29.2574],[-90.7041,29.259]]],[[[-90.6728,29.2648],[-90.6658,29.263],[-90.6732,29.2534],[-90.6728,29.2648]]],[[[-90.703,29.2567],[-90.7072,29.2613],[-90.7113,29.2655],[-90.7067,29.2637],[-90.703,29.2567]]],[[[-90.4443,29.262],[-90.4356,29.2537],[-90.4408,29.2535],[-90.4443,29.262]]],[[[-90.6731,29.2606],[-90.6743,29.2521],[-90.675,29.2519],[-90.6731,29.2606]]],[[[-90.6179,29.2359],[-90.6477,29.2638],[-90.6606,29.2442],[-90.6567,29.2587],[-90.6369,29.2742],[-90.6179,29.2359]]],[[[-90.6639,29.2548],[-90.6687,29.2517],[-90.6671,29.2565],[-90.6639,29.2548]]],[[[-90.3862,29.2592],[-90.3909,29.252],[-90.3939,29.2609],[-90.3862,29.2592]]],[[[-90.7677,29.3017],[-90.7556,29.2928],[-90.7639,29.2892],[-90.7677,29.3017]]],[[[-90.8785,29.2989],[-90.8811,29.3006],[-90.8764,29.2987],[-90.8785,29.2989]]],[[[-90.7165,29.2963],[-90.7204,29.3079],[-90.716,29.2779],[-90.7165,29.2963]]],[[[-90.7315,29.2796],[-90.7377,29.2834],[-90.7348,29.2943],[-90.735,29.2957],[-90.737,29.298],[-90.7348,29.2993],[-90.7315,29.2796]]],[[[-91.2448,29.2856],[-91.2494,29.2996],[-91.2455,29.2947],[-91.2413,29.301],[-91.2448,29.2856]]],[[[-90.9695,29.29],[-90.9821,29.2855],[-90.9788,29.2968],[-90.9695,29.29]]],[[[-91.2314,29.2938],[-91.2348,29.2856],[-91.2352,29.2907],[-91.2314,29.2938]]],[[[-91.1237,29.2876],[-91.1252,29.2907],[-91.1221,29.2887],[-91.1237,29.2876]]],[[[-91.2355,29.2895],[-91.2388,29.29],[-91.236,29.2924],[-91.2355,29.2895]]],[[[-91.0083,29.2961],[-90.9872,29.278],[-90.9918,29.2742],[-91.0083,29.2961]]],[[[-91.2677,29.2833],[-91.2738,29.2863],[-91.2673,29.2893],[-91.2677,29.2833]]],[[[-91.2627,29.2893],[-91.2663,29.2807],[-91.2674,29.2857],[-91.2627,29.2893]]],[[[-90.7421,29.2804],[-90.7363,29.2969],[-90.7364,29.2893],[-90.7421,29.2804]]],[[[-90.7245,29.2815],[-90.7291,29.2814],[-90.7267,29.2868],[-90.7245,29.2815]]],[[[-90.8175,29.2782],[-90.8244,29.2734],[-90.8238,29.2834],[-90.8175,29.2782]]],[[[-90.7287,29.2731],[-90.7319,29.2793],[-90.7298,29.2806],[-90.7287,29.2731]]],[[[-91.3126,29.3051],[-91.304,29.3021],[-91.3083,29.3019],[-91.3126,29.3051]]],[[[-91.3147,29.3001],[-91.3159,29.2996],[-91.3206,29.3047],[-91.3147,29.3001]]],[[[-94.9223,29.3014],[-94.9063,29.3005],[-94.914,29.2929],[-94.9223,29.3014]]],[[[-91.2966,29.294],[-91.308,29.2932],[-91.2885,29.3008],[-91.2966,29.294]]],[[[-91.2891,29.2992],[-91.2842,29.2909],[-91.296,29.2938],[-91.2891,29.2992]]],[[[-91.2929,29.2895],[-91.3011,29.2885],[-91.303,29.2932],[-91.2929,29.2895]]],[[[-91.3068,29.2875],[-91.3073,29.2928],[-91.3034,29.2933],[-91.3068,29.2875]]],[[[-91.3021,29.285],[-91.3053,29.2882],[-91.3014,29.2887],[-91.3021,29.285]]],[[[-94.9216,29.2883],[-94.9246,29.2817],[-94.9325,29.2853],[-94.9216,29.2883]]],[[[-91.283,29.2744],[-91.2865,29.2843],[-91.2801,29.274],[-91.283,29.2744]]],[[[-91.3078,29.2784],[-91.2983,29.2817],[-91.3045,29.2765],[-91.3031,29.2679],[-91.3019,29.2685],[-91.2927,29.2595],[-91.2908,29.2597],[-91.2892,29.2569],[-91.2914,29.2657],[-91.2713,29.2499],[-91.2647,29.2618],[-91.257,29.2554],[-91.252,29.2557],[-91.2576,29.2532],[-91.2588,29.2563],[-91.26,29.2562],[-91.2606,29.2567],[-91.2613,29.2566],[-91.2616,29.256],[-91.2612,29.2548],[-91.2635,29.254],[-91.2656,29.2482],[-91.2689,29.2472],[-91.2883,29.2561],[-91.3033,29.2677],[-91.3394,29.3096],[-91.3078,29.2784]]],[[[-91.3007,29.2778],[-91.2836,29.2719],[-91.2937,29.2684],[-91.3007,29.2778]]],[[[-94.9087,29.2734],[-94.9142,29.2705],[-94.9136,29.2751],[-94.9087,29.2734]]],[[[-91.2879,29.2695],[-91.2917,29.2661],[-91.2917,29.2688],[-91.2879,29.2695]]],[[[-91.2959,29.2627],[-91.2958,29.2709],[-91.2923,29.2646],[-91.2959,29.2627]]],[[[-91.2794,29.265],[-91.2873,29.2674],[-91.2783,29.2666],[-91.2794,29.265]]],[[[-91.0382,29.2982],[-91.0009,29.2797],[-91.0175,29.2769],[-91.0214,29.2697],[-91.025,29.2811],[-91.0359,29.2867],[-91.0382,29.2982]]],[[[-91.2384,29.285],[-91.2441,29.2762],[-91.2453,29.2787],[-91.2384,29.285]]],[[[-91.2299,29.2642],[-91.2301,29.2952],[-91.215,29.2861],[-91.2299,29.2642]]],[[[-91.1151,29.2861],[-91.1329,29.2811],[-91.1315,29.286],[-91.1151,29.2861]]],[[[-91.2699,29.2804],[-91.2537,29.2726],[-91.2443,29.2762],[-91.2527,29.2721],[-91.2699,29.2804]]],[[[-91.2749,29.2763],[-91.2762,29.2792],[-91.2709,29.276],[-91.2749,29.2763]]],[[[-91.2017,29.2683],[-91.2168,29.2818],[-91.2032,29.2851],[-91.2017,29.2683]]],[[[-91.2335,29.2796],[-91.2315,29.2651],[-91.2524,29.2718],[-91.2335,29.2796]]],[[[-90.8382,29.2759],[-90.8352,29.28],[-90.8273,29.2783],[-90.8382,29.2759]]],[[[-90.8447,29.2736],[-90.8485,29.275],[-90.8408,29.2748],[-90.8447,29.2736]]],[[[-90.9243,29.2764],[-90.922,29.2733],[-90.9349,29.267],[-90.9243,29.2764]]],[[[-90.8398,29.2702],[-90.8427,29.2731],[-90.8388,29.2724],[-90.8398,29.2702]]],[[[-90.7577,29.2819],[-90.752,29.259],[-90.7664,29.2562],[-90.7619,29.2614],[-90.7577,29.2819]]],[[[-90.8385,29.2678],[-90.8381,29.2732],[-90.8342,29.2654],[-90.8385,29.2678]]],[[[-90.7198,29.2685],[-90.7154,29.2773],[-90.7154,29.2627],[-90.7198,29.2685]]],[[[-90.7596,29.2854],[-90.7597,29.2796],[-90.7628,29.2614],[-90.7785,29.2496],[-90.766,29.2601],[-90.7596,29.2854]]],[[[-91.2693,29.2788],[-91.2702,29.2747],[-91.2853,29.2705],[-91.271,29.2751],[-91.2693,29.2788]]],[[[-90.9471,29.2634],[-90.9647,29.2699],[-90.9375,29.2652],[-90.9471,29.2634]]],[[[-91.1812,29.271],[-91.1789,29.2583],[-91.1879,29.2645],[-91.1812,29.271]]],[[[-91.2585,29.2713],[-91.2563,29.2568],[-91.2579,29.2661],[-91.2624,29.2652],[-91.2585,29.2713]]],[[[-91.0257,29.2569],[-91.0139,29.2773],[-91.0105,29.2632],[-90.9884,29.2753],[-91.0042,29.2497],[-90.9952,29.2678],[-91.0257,29.2569]]],[[[-91.2628,29.2625],[-91.2583,29.2643],[-91.2594,29.2624],[-91.2586,29.2607],[-91.2628,29.2625]]],[[[-91.1552,29.2558],[-91.1783,29.261],[-91.1731,29.2666],[-91.1552,29.2558]]],[[[-91.2558,29.2622],[-91.2525,29.2623],[-91.2516,29.2599],[-91.2558,29.2622]]],[[[-90.8516,29.259],[-90.8583,29.2588],[-90.8492,29.2648],[-90.8516,29.259]]],[[[-90.722,29.2629],[-90.7226,29.2621],[-90.7276,29.2579],[-90.722,29.2629]]],[[[-90.7983,29.2665],[-90.8014,29.2519],[-90.8103,29.2568],[-90.7983,29.2665]]],[[[-90.7156,29.2622],[-90.7179,29.2585],[-90.7215,29.2629],[-90.7199,29.2656],[-90.7156,29.2622]]],[[[-90.7124,29.2565],[-90.7086,29.2564],[-90.7123,29.2528],[-90.716,29.2467],[-90.7124,29.2565]]],[[[-90.8319,29.2584],[-90.8499,29.2577],[-90.846,29.2673],[-90.8319,29.2584]]],[[[-90.7576,29.2565],[-90.7518,29.2551],[-90.7542,29.2534],[-90.7576,29.2565]]],[[[-90.7579,29.2525],[-90.7594,29.2567],[-90.7567,29.2547],[-90.7579,29.2525]]],[[[-91.2746,29.2563],[-91.28,29.2649],[-91.2753,29.2591],[-91.2661,29.2644],[-91.2746,29.2563]]],[[[-91.212,29.26],[-91.1991,29.2575],[-91.2037,29.2507],[-91.212,29.26]]],[[[-90.9529,29.26],[-90.9598,29.2306],[-90.9838,29.2314],[-90.9626,29.2631],[-90.9857,29.2774],[-90.9529,29.26]]],[[[-90.9957,29.2616],[-91.001,29.2471],[-91.0071,29.2453],[-90.9957,29.2616]]],[[[-90.7193,29.2562],[-90.722,29.2554],[-90.7241,29.257],[-90.7193,29.2562]]],[[[-90.7671,29.2559],[-90.766,29.2457],[-90.7688,29.2525],[-90.7783,29.2476],[-90.7671,29.2559]]],[[[-90.7189,29.2495],[-90.7232,29.2484],[-90.7232,29.2524],[-90.7231,29.2489],[-90.7189,29.2495]]],[[[-90.7614,29.2453],[-90.7596,29.2527],[-90.7557,29.2488],[-90.7614,29.2453]]],[[[-91.2615,29.2559],[-91.258,29.2531],[-91.2531,29.2528],[-91.2504,29.2576],[-91.2561,29.2712],[-91.2614,29.2753],[-91.2519,29.271],[-91.2533,29.2658],[-91.2276,29.2624],[-91.2177,29.2802],[-91.2136,29.2689],[-91.2035,29.2623],[-91.2223,29.2698],[-91.2164,29.2636],[-91.2234,29.2546],[-91.2222,29.245],[-91.2178,29.2609],[-91.2053,29.2485],[-91.1934,29.2488],[-91.2149,29.2466],[-91.2256,29.2387],[-91.2225,29.2316],[-91.1927,29.249],[-91.2039,29.2675],[-91.179,29.2576],[-91.1793,29.2233],[-91.178,29.2577],[-91.1316,29.2208],[-91.1789,29.2223],[-91.2195,29.2289],[-91.2685,29.2469],[-91.2656,29.2481],[-91.2635,29.2515],[-91.2635,29.2539],[-91.2612,29.2547],[-91.2611,29.2553],[-91.2615,29.2559]]],[[[-91.0048,29.2495],[-91.0085,29.2459],[-91.0077,29.2543],[-91.0048,29.2495]]],[[[-90.9434,29.2489],[-90.9379,29.2509],[-90.9429,29.2478],[-90.9434,29.2489]]],[[[-91.0549,29.2492],[-91.0627,29.2525],[-91.0538,29.2526],[-91.0549,29.2492]]],[[[-90.7876,29.254],[-90.7873,29.2379],[-90.8014,29.2481],[-90.7876,29.254]]],[[[-90.7708,29.2433],[-90.7683,29.2473],[-90.7663,29.2458],[-90.7708,29.2433]]],[[[-90.7126,29.2471],[-90.7057,29.2434],[-90.7139,29.2452],[-90.7126,29.2471]]],[[[-90.805,29.2491],[-90.8034,29.2403],[-90.8077,29.2421],[-90.805,29.2491]]],[[[-91.0327,29.2532],[-91.0347,29.2351],[-91.0447,29.2495],[-91.0327,29.2532]]],[[[-91.017,29.2419],[-91.0087,29.2453],[-91.0181,29.241],[-91.017,29.2419]]],[[[-91.1364,29.2498],[-91.1347,29.2425],[-91.1388,29.2337],[-91.1403,29.2474],[-91.1463,29.2455],[-91.1364,29.2498]]],[[[-91.148,29.2407],[-91.1454,29.241],[-91.1451,29.2379],[-91.148,29.2407]]],[[[-90.8116,29.2404],[-90.8085,29.2471],[-90.8125,29.2379],[-90.8116,29.2404]]],[[[-90.7814,29.2403],[-90.7764,29.2468],[-90.773,29.2434],[-90.7814,29.2403]]],[[[-90.7343,29.2464],[-90.7389,29.2479],[-90.7287,29.2483],[-90.7343,29.2464]]],[[[-90.795,29.2414],[-90.8013,29.2412],[-90.7947,29.2417],[-90.795,29.2414]]],[[[-90.7189,29.2306],[-90.7186,29.2496],[-90.7165,29.2372],[-90.7189,29.2306]]],[[[-90.7707,29.2374],[-90.7779,29.2384],[-90.7727,29.2428],[-90.7707,29.2374]]],[[[-90.7316,29.2376],[-90.7367,29.2407],[-90.7325,29.2402],[-90.7316,29.2376]]],[[[-90.7893,29.2386],[-90.7936,29.2347],[-90.7945,29.2376],[-90.7893,29.2386]]],[[[-91.1418,29.2416],[-91.1443,29.2383],[-91.1453,29.24],[-91.1418,29.2416]]],[[[-91.0072,29.243],[-91.0017,29.2335],[-91.0058,29.2339],[-91.0072,29.243]]],[[[-91.1381,29.2319],[-91.1455,29.2326],[-91.1412,29.2384],[-91.1381,29.2319]]],[[[-91.0304,29.2265],[-91.0371,29.233],[-91.0335,29.2349],[-91.0281,29.2431],[-91.0304,29.2265]]],[[[-90.7797,29.2338],[-90.7903,29.2333],[-90.7839,29.2411],[-90.7797,29.2338]]],[[[-90.7315,29.2295],[-90.7311,29.2344],[-90.7279,29.231],[-90.7315,29.2295]]],[[[-90.872,29.2268],[-90.8781,29.2368],[-90.8699,29.23],[-90.872,29.2268]]],[[[-90.8046,29.2283],[-90.7948,29.238],[-90.7989,29.2255],[-90.8046,29.2283]]],[[[-91.0232,29.2334],[-91.0174,29.2362],[-91.0228,29.2317],[-91.0232,29.2334]]],[[[-91.0361,29.2191],[-91.0383,29.2258],[-91.0459,29.2472],[-91.0355,29.2289],[-91.0361,29.2191]]],[[[-91.0256,29.2264],[-91.0266,29.2347],[-91.0235,29.2352],[-91.0256,29.2264]]],[[[-90.9562,29.2148],[-90.9694,29.2189],[-90.9532,29.2204],[-90.9562,29.2148]]],[[[-90.7933,29.2342],[-90.7901,29.2235],[-90.7958,29.2232],[-90.796,29.2332],[-90.7877,29.2374],[-90.7933,29.2342]]],[[[-90.8636,29.2246],[-90.8566,29.2281],[-90.8555,29.2254],[-90.8636,29.2246]]],[[[-90.8641,29.2221],[-90.8711,29.2253],[-90.8647,29.227],[-90.8641,29.2221]]],[[[-90.7452,29.2349],[-90.7385,29.2126],[-90.7483,29.2134],[-90.7452,29.2349]]],[[[-90.8133,29.2188],[-90.8092,29.2264],[-90.8074,29.224],[-90.8133,29.2188]]],[[[-90.7896,29.2224],[-90.7905,29.2193],[-90.793,29.2165],[-90.7896,29.2224]]],[[[-90.7933,29.2213],[-90.7931,29.2164],[-90.7946,29.2158],[-90.7933,29.2213]]],[[[-90.8002,29.2203],[-90.8095,29.2138],[-90.8126,29.2154],[-90.8115,29.2191],[-90.8002,29.2203]]],[[[-90.7214,29.2195],[-90.7242,29.2135],[-90.7256,29.2196],[-90.7214,29.2195]]],[[[-90.9124,29.2137],[-90.9199,29.2196],[-90.9143,29.2195],[-90.9124,29.2137]]],[[[-90.7965,29.2163],[-90.8066,29.2133],[-90.7975,29.2196],[-90.7965,29.2163]]],[[[-90.7273,29.2214],[-90.7258,29.2083],[-90.7303,29.2239],[-90.7273,29.2214]]],[[[-91.0169,29.2148],[-91.0171,29.2166],[-91.017,29.2203],[-91.0169,29.2148]]],[[[-91.0258,29.2146],[-91.0299,29.2133],[-91.0299,29.2208],[-91.0258,29.2146]]],[[[-91.0465,29.216],[-91.0417,29.2146],[-91.0437,29.2116],[-91.0465,29.216]]],[[[-91.0195,29.2136],[-91.0167,29.2114],[-91.0253,29.211],[-91.0195,29.2136]]],[[[-90.8346,29.2144],[-90.8378,29.2127],[-90.8358,29.2175],[-90.8346,29.2144]]],[[[-90.8158,29.2207],[-90.8331,29.2033],[-90.8381,29.2114],[-90.8158,29.2207]]],[[[-90.8435,29.2047],[-90.8449,29.2084],[-90.8391,29.2077],[-90.8435,29.2047]]],[[[-90.9231,29.2068],[-90.9186,29.2069],[-90.919,29.2034],[-90.9231,29.2068]]],[[[-90.9238,29.2134],[-90.926,29.2112],[-90.9302,29.2107],[-90.9272,29.2132],[-90.9279,29.214],[-90.9238,29.2134]]],[[[-90.9351,29.2156],[-90.9281,29.2132],[-90.9343,29.208],[-90.9342,29.2049],[-90.9351,29.2156]]],[[[-90.9429,29.2118],[-90.9462,29.2079],[-90.9478,29.2091],[-90.9429,29.2118]]],[[[-90.9562,29.2054],[-90.9612,29.2142],[-90.9541,29.2121],[-90.9562,29.2054]]],[[[-81.4656,30.7231],[-81.4672,30.88],[-81.479,30.8827],[-81.4417,30.8755],[-81.4492,30.886],[-81.4427,30.8876],[-81.4471,30.9044],[-81.4523,30.9038],[-81.4475,30.9057],[-81.4498,30.9111],[-81.463,30.9109],[-81.4137,30.9779],[-81.4038,30.9049],[-81.4656,30.7231]]],[[[-81.4876,30.6404],[-81.4542,30.6922],[-81.4393,30.6687],[-81.4599,30.7034],[-81.426,30.7009],[-81.4361,30.5145],[-81.4876,30.6404]]],[[[-81.4215,30.4402],[-81.4704,30.5066],[-81.4578,30.5133],[-81.4239,30.4841],[-81.4215,30.4402]]],[[[-81.4151,30.4068],[-81.4357,30.397],[-81.4329,30.4095],[-81.4367,30.4065],[-81.442,30.4214],[-81.4558,30.4278],[-81.4469,30.4464],[-81.4147,30.4088],[-81.3773,30.4008],[-81.4151,30.4068]]],[[[-81.7024,25.9345],[-81.7294,25.9086],[-81.7515,25.9532],[-81.7524,25.9599],[-81.75,25.9677],[-81.744,25.9682],[-81.7509,25.9632],[-81.7507,25.9527],[-81.74,25.9436],[-81.7493,25.9516],[-81.7506,25.9593],[-81.7329,25.974],[-81.7459,25.9519],[-81.7287,25.9375],[-81.7284,25.9459],[-81.7251,25.9375],[-81.718,25.9375],[-81.7184,25.9426],[-81.7324,25.9744],[-81.708,25.9374],[-81.7074,25.9544],[-81.6993,25.936],[-81.6883,25.942],[-81.6749,25.9331],[-81.6671,25.933],[-81.6707,25.9508],[-81.6428,25.9251],[-81.6914,25.9359],[-81.7061,25.9084],[-81.7024,25.9345]]],[[[-82.7843,27.7829],[-82.8292,27.8222],[-82.8453,27.8494],[-82.8489,27.86],[-82.852,27.882],[-82.851,27.8925],[-82.8338,27.9655],[-82.8498,27.871],[-82.7843,27.7829]]],[[[-82.7475,27.6477],[-82.6977,27.639],[-82.7027,27.627],[-82.737,27.6124],[-82.7475,27.6477]]],[[[-90.7087,29.2483],[-90.7121,29.2521],[-90.7089,29.2505],[-90.706,29.2505],[-90.7087,29.2483]]],[[[-90.6727,29.2478],[-90.6792,29.2514],[-90.674,29.251],[-90.6727,29.2478]]],[[[-90.688,29.2425],[-90.6881,29.2486],[-90.6841,29.2439],[-90.688,29.2425]]],[[[-90.1074,29.2449],[-90.1055,29.2455],[-90.0997,29.2387],[-90.1041,29.2398],[-90.1074,29.2449]]],[[[-90.6807,29.2439],[-90.685,29.2386],[-90.6798,29.2443],[-90.6807,29.2439]]],[[[-90.6743,29.2459],[-90.6625,29.2445],[-90.6695,29.2343],[-90.6743,29.2459]]],[[[-90.6668,29.2351],[-90.66,29.2262],[-90.6615,29.2418],[-90.6668,29.2351]]],[[[-90.6787,29.2417],[-90.6808,29.2233],[-90.6843,29.2234],[-90.6858,29.2249],[-90.6787,29.2417]]],[[[-90.0085,29.2413],[-90.0246,29.2404],[-90.0135,29.2492],[-90.0085,29.2413]]],[[[-90.0159,29.2306],[-89.959,29.2494],[-90.0443,29.2005],[-90.0159,29.2306]]],[[[-90.6406,29.2267],[-90.633,29.2348],[-90.6395,29.2217],[-90.6406,29.2267]]],[[[-90.088,29.2308],[-90.0825,29.2283],[-90.0824,29.2252],[-90.088,29.2308]]],[[[-90.6931,29.2242],[-90.6957,29.2266],[-90.6935,29.2287],[-90.6931,29.2242]]],[[[-90.6875,29.2198],[-90.6875,29.2233],[-90.6867,29.2261],[-90.6875,29.2198]]],[[[-90.6937,29.2233],[-90.6986,29.2198],[-90.6958,29.2261],[-90.6937,29.2233]]],[[[-90.2408,29.2154],[-90.2317,29.2293],[-90.2205,29.2195],[-90.2408,29.2154]]],[[[-90.6753,29.2184],[-90.6698,29.2304],[-90.6693,29.214],[-90.6753,29.2184]]],[[[-90.045,29.2197],[-90.0453,29.2238],[-90.0424,29.2243],[-90.045,29.2197]]],[[[-90.6628,29.2239],[-90.6536,29.2148],[-90.6599,29.2166],[-90.6628,29.2239]]],[[[-90.7149,29.2012],[-90.7159,29.2232],[-90.7243,29.2264],[-90.7178,29.2304],[-90.7156,29.2371],[-90.7166,29.2469],[-90.713,29.2438],[-90.7157,29.2337],[-90.6893,29.2373],[-90.7149,29.2012]]],[[[-90.25,29.2159],[-90.2477,29.2205],[-90.2425,29.2152],[-90.25,29.2159]]],[[[-90.6787,29.2125],[-90.6758,29.224],[-90.6749,29.2099],[-90.6787,29.2125]]],[[[-90.6595,29.2163],[-90.6541,29.2143],[-90.662,29.2145],[-90.6595,29.2163]]],[[[-90.2766,29.2167],[-90.2706,29.2158],[-90.2689,29.2131],[-90.2766,29.2167]]],[[[-90.2395,29.2141],[-90.2405,29.2077],[-90.2491,29.215],[-90.235,29.2141],[-90.2395,29.2141]]],[[[-90.2396,29.2116],[-90.2364,29.2061],[-90.2393,29.2073],[-90.2396,29.2116]]],[[[-90.6709,29.2055],[-90.6683,29.2111],[-90.6675,29.2057],[-90.6709,29.2055]]],[[[-90.2602,29.2158],[-90.2722,29.1987],[-90.2756,29.2108],[-90.2602,29.2158]]],[[[-90.4111,29.2108],[-90.411,29.203],[-90.4144,29.2071],[-90.4111,29.2108]]],[[[-90.0519,29.2028],[-90.0555,29.2014],[-90.0493,29.2104],[-90.0519,29.2028]]],[[[-90.2564,29.2044],[-90.2505,29.2075],[-90.249,29.1938],[-90.2564,29.2044]]],[[[-90.237,29.2038],[-90.2445,29.1663],[-90.2509,29.2151],[-90.237,29.2038]]],[[[-90.3471,29.1858],[-90.3376,29.1891],[-90.3386,29.1865],[-90.3471,29.1858]]],[[[-90.2636,29.1912],[-90.2463,29.1771],[-90.2548,29.1686],[-90.2636,29.1912]]],[[[-90.2807,29.1858],[-90.2788,29.1775],[-90.2859,29.1769],[-90.2807,29.1858]]],[[[-90.2753,29.1774],[-90.2622,29.1726],[-90.2788,29.1713],[-90.2753,29.1774]]],[[[-90.2447,29.1659],[-90.2595,29.1565],[-90.2463,29.1765],[-90.2447,29.1659]]],[[[-90.2649,29.1555],[-90.2704,29.1583],[-90.2606,29.1623],[-90.2649,29.1555]]],[[[-90.2436,29.1478],[-90.2441,29.1525],[-90.2407,29.1531],[-90.2436,29.1478]]],[[[-90.2446,29.1467],[-90.2498,29.1391],[-90.2719,29.1414],[-90.2446,29.1467]]],[[[-90.3473,29.1303],[-90.3457,29.1177],[-90.372,29.1098],[-90.3473,29.1303]]],[[[-90.2612,29.0982],[-90.234,29.1578],[-90.2103,29.1119],[-90.2292,29.0799],[-90.2612,29.0982]]],[[[-90.3508,29.1029],[-90.3617,29.1036],[-90.3429,29.106],[-90.3508,29.1029]]],[[[-90.6135,29.0942],[-90.608,29.0941],[-90.6062,29.0938],[-90.6135,29.0942]]],[[[-90.4741,29.0661],[-90.4462,29.0608],[-90.5463,29.0899],[-90.4741,29.0661]]],[[[-90.3254,29.0654],[-90.3404,29.07],[-90.3109,29.0724],[-90.3254,29.0654]]],[[[-91.0202,29.1891],[-91.014,29.1815],[-91.0198,29.1794],[-91.0202,29.1891]]],[[[-90.9313,29.179],[-90.9324,29.1758],[-90.9357,29.1759],[-90.9313,29.179]]],[[[-90.9232,29.1691],[-90.9373,29.1697],[-90.9269,29.1735],[-90.9232,29.1691]]],[[[-90.9228,29.0486],[-90.9361,29.0554],[-90.9151,29.0498],[-90.9228,29.0486]]],[[[-90.8545,29.111],[-90.8539,29.1136],[-90.8521,29.1086],[-90.8545,29.111]]],[[[-90.8268,29.1112],[-90.8397,29.1115],[-90.843,29.1124],[-90.8268,29.1112]]],[[[-90.8644,29.1075],[-90.8608,29.1159],[-90.8621,29.1087],[-90.8538,29.1096],[-90.8644,29.1075]]],[[[-90.781,29.1076],[-90.7716,29.1127],[-90.7733,29.1041],[-90.781,29.1076]]],[[[-90.8381,29.1035],[-90.84,29.1082],[-90.837,29.1052],[-90.8381,29.1035]]],[[[-90.7932,29.0999],[-90.7978,29.102],[-90.7888,29.108],[-90.7932,29.0999]]],[[[-90.8491,29.0858],[-90.8466,29.0913],[-90.842,29.0892],[-90.8491,29.0858]]],[[[-90.8349,29.083],[-90.8335,29.0883],[-90.8275,29.0856],[-90.8349,29.083]]],[[[-90.8204,29.086],[-90.8359,29.0663],[-90.8507,29.0754],[-90.8204,29.086]]],[[[-90.8274,29.0698],[-90.8209,29.0678],[-90.8268,29.0664],[-90.8274,29.0698]]],[[[-90.6626,29.0621],[-90.767,29.0503],[-90.658,29.0658],[-90.6626,29.0621]]],[[[-90.836,29.0449],[-90.8659,29.0559],[-90.805,29.0542],[-90.836,29.0449]]],[[[-91.0594,29.2081],[-91.0614,29.2076],[-91.0536,29.2091],[-91.0594,29.2081]]],[[[-90.9674,29.2017],[-90.9773,29.2133],[-90.9644,29.2139],[-90.9674,29.2017]]],[[[-91.0256,29.2043],[-91.0175,29.2106],[-91.0164,29.2081],[-91.0256,29.2043]]],[[[-91.0376,29.2077],[-91.0326,29.2126],[-91.0318,29.2016],[-91.0376,29.2077]]],[[[-91.067,29.2088],[-91.062,29.2047],[-91.0692,29.2049],[-91.067,29.2088]]],[[[-90.9493,29.2043],[-90.9485,29.2085],[-90.943,29.2056],[-90.9493,29.2043]]],[[[-91.0572,29.2049],[-91.0618,29.2047],[-91.0594,29.2078],[-91.0572,29.2049]]],[[[-91.0002,29.2312],[-90.9863,29.2007],[-90.9776,29.2013],[-90.9826,29.186],[-90.9688,29.1797],[-90.9907,29.1759],[-90.9922,29.1784],[-90.9888,29.1782],[-90.988,29.1807],[-90.9977,29.1893],[-90.9942,29.2072],[-91.0155,29.2113],[-91.0002,29.2312]]],[[[-90.9404,29.2059],[-90.9382,29.2061],[-90.9431,29.2044],[-90.9404,29.2059]]],[[[-91.0549,29.196],[-91.0463,29.2135],[-91.0518,29.1935],[-91.0549,29.196]]],[[[-90.9432,29.202],[-90.9438,29.2038],[-90.94,29.2049],[-90.9432,29.202]]],[[[-90.9391,29.2055],[-90.9362,29.2045],[-90.9378,29.2011],[-90.9391,29.2055]]],[[[-90.8975,29.2007],[-90.901,29.2037],[-90.8948,29.2036],[-90.8975,29.2007]]],[[[-90.9162,29.197],[-90.904,29.2055],[-90.9158,29.194],[-90.9162,29.197]]],[[[-90.8974,29.1934],[-90.8989,29.1987],[-90.8958,29.1963],[-90.8974,29.1934]]],[[[-90.8828,29.1921],[-90.8849,29.1957],[-90.8796,29.1962],[-90.8828,29.1921]]],[[[-90.9673,29.2014],[-90.9568,29.2041],[-90.971,29.2003],[-90.9673,29.2014]]],[[[-90.9287,29.1981],[-90.9305,29.1928],[-90.9397,29.189],[-90.9487,29.1768],[-90.9515,29.1837],[-90.9348,29.1977],[-90.9335,29.2084],[-90.9144,29.2096],[-90.9245,29.208],[-90.9364,29.1921],[-90.9287,29.1981]]],[[[-91.0384,29.1875],[-91.0391,29.192],[-91.0352,29.1881],[-91.0384,29.1875]]],[[[-90.9671,29.1952],[-90.942,29.1944],[-90.9492,29.1922],[-90.9538,29.1839],[-90.9671,29.1952]]],[[[-90.8724,29.1903],[-90.8676,29.1961],[-90.867,29.1897],[-90.8724,29.1903]]],[[[-90.8917,29.1963],[-90.8951,29.1941],[-90.901,29.1884],[-90.8939,29.1954],[-90.8951,29.1975],[-90.8917,29.1963]]],[[[-90.895,29.1901],[-90.8919,29.1952],[-90.8896,29.1948],[-90.895,29.1901]]],[[[-90.9001,29.2],[-90.9118,29.1834],[-90.9191,29.1855],[-90.9001,29.2]]],[[[-90.9492,29.1863],[-90.949,29.1918],[-90.9463,29.1918],[-90.9443,29.1929],[-90.9492,29.1863]]],[[[-91.0156,29.1912],[-91.0078,29.1856],[-91.0166,29.1882],[-91.0156,29.1912]]],[[[-90.9322,29.1908],[-90.929,29.1872],[-90.9357,29.185],[-90.9322,29.1908]]],[[[-91.0078,29.1984],[-90.9965,29.1994],[-90.9993,29.1879],[-90.9888,29.1786],[-90.9922,29.1788],[-90.9951,29.174],[-91.0078,29.1984]]],[[[-90.8956,29.1894],[-90.897,29.1856],[-90.9019,29.1859],[-90.8976,29.1907],[-90.8956,29.1894]]],[[[-90.8668,29.1766],[-90.8684,29.1805],[-90.865,29.1806],[-90.8668,29.1766]]],[[[-90.9202,29.1763],[-90.923,29.1723],[-90.9278,29.1795],[-90.9202,29.1763]]],[[[-90.8664,29.1756],[-90.8612,29.1659],[-90.8737,29.162],[-90.8704,29.1752],[-90.8664,29.1756]]],[[[-90.9179,29.1661],[-90.9225,29.1691],[-90.9146,29.1696],[-90.9179,29.1661]]],[[[-90.8744,29.1638],[-90.8795,29.165],[-90.8731,29.1672],[-90.8744,29.1638]]],[[[-90.9225,29.1535],[-90.9226,29.1574],[-90.909,29.1712],[-90.9225,29.1535]]],[[[-90.8772,29.1598],[-90.8708,29.1586],[-90.8782,29.1584],[-90.8772,29.1598]]],[[[-90.8467,29.1583],[-90.8725,29.1488],[-90.8607,29.166],[-90.8467,29.1583]]],[[[-90.9143,29.1472],[-90.9129,29.1632],[-90.9065,29.1646],[-90.9143,29.1472]]],[[[-90.8499,29.1486],[-90.8461,29.1545],[-90.8458,29.1483],[-90.8499,29.1486]]],[[[-90.8662,29.1497],[-90.8644,29.1334],[-90.8752,29.1369],[-90.8662,29.1497]]],[[[-90.8776,29.1344],[-90.8778,29.1451],[-90.8733,29.1474],[-90.8776,29.1344]]],[[[-90.8805,29.1265],[-90.8815,29.1244],[-90.8805,29.1329],[-90.8749,29.1306],[-90.8805,29.1265]]],[[[-90.8742,29.123],[-90.874,29.1296],[-90.8696,29.1243],[-90.8742,29.123]]],[[[-90.8333,29.1221],[-90.8299,29.1255],[-90.8275,29.1199],[-90.8333,29.1221]]],[[[-90.8261,29.1216],[-90.8195,29.1249],[-90.8221,29.1202],[-90.8261,29.1216]]],[[[-90.8205,29.117],[-90.8221,29.1198],[-90.8174,29.1265],[-90.8205,29.117]]],[[[-90.8844,29.1194],[-90.8817,29.1224],[-90.8798,29.1186],[-90.8844,29.1194]]],[[[-90.8347,29.1167],[-90.8225,29.1184],[-90.8225,29.1162],[-90.8347,29.1167]]],[[[-94.9403,29.2249],[-94.9555,29.2297],[-94.9466,29.2312],[-94.9403,29.2249]]],[[[-94.9834,29.186],[-94.9324,29.2153],[-94.9222,29.2254],[-94.9317,29.221],[-94.9354,29.2312],[-94.939,29.2285],[-94.9464,29.232],[-94.9503,29.2309],[-94.9209,29.2533],[-94.9019,29.2408],[-94.9157,29.258],[-94.8905,29.2694],[-94.8952,29.26],[-94.8849,29.2428],[-94.8899,29.2697],[-94.8296,29.2812],[-94.8768,29.2931],[-94.7214,29.3314],[-95.1226,29.0884],[-95.0256,29.152],[-95.0321,29.1669],[-94.9834,29.186]]],[[[-95.0369,29.1531],[-95.0343,29.1485],[-95.0405,29.1538],[-95.0369,29.1531]]],[[[-95.1387,29.0818],[-95.162,29.0968],[-95.1551,29.1013],[-95.1387,29.0818]]],[[[-95.1494,29.0742],[-95.1397,29.0805],[-95.1481,29.0706],[-95.1656,29.0791],[-95.1494,29.0742]]],[[[-95.1577,29.0659],[-95.1638,29.0673],[-95.1595,29.0735],[-95.1577,29.0659]]],[[[-95.1658,29.066],[-95.1592,29.0623],[-95.1675,29.0633],[-95.1658,29.066]]],[[[-95.7016,28.7327],[-95.6985,28.7289],[-95.7023,28.7316],[-95.7016,28.7327]]],[[[-96.6584,28.7136],[-96.6597,28.7191],[-96.6563,28.719],[-96.6584,28.7136]]],[[[-96.3792,28.6254],[-96.3854,28.631],[-96.3766,28.6265],[-96.3792,28.6254]]],[[[-95.9842,28.6192],[-95.9906,28.6156],[-95.9932,28.6162],[-95.9842,28.6192]]],[[[-96.1673,28.6129],[-96.1626,28.6125],[-96.1678,28.6117],[-96.1673,28.6129]]],[[[-96.199,28.602],[-96.1986,28.6055],[-96.1935,28.6036],[-96.199,28.602]]],[[[-96.5735,28.6877],[-96.5743,28.6912],[-96.5701,28.6902],[-96.5735,28.6877]]],[[[-96.5664,28.6509],[-96.5714,28.6365],[-96.5719,28.6572],[-96.5664,28.6509]]],[[[-96.5612,28.6152],[-96.5618,28.6057],[-96.5642,28.619],[-96.5612,28.6152]]],[[[-96.4157,28.4335],[-96.4743,28.4117],[-96.4141,28.4362],[-96.4157,28.4335]]],[[[-96.2073,28.6081],[-96.2309,28.593],[-96.1715,28.6085],[-96.2262,28.5793],[-96.2358,28.6009],[-96.2073,28.6081]]],[[[-96.3471,28.4538],[-96.3462,28.4498],[-96.3516,28.449],[-96.3471,28.4538]]],[[[-96.3995,28.4297],[-96.4131,28.4371],[-96.3975,28.4426],[-96.3995,28.4297]]],[[[-96.411,28.4292],[-96.4076,28.4327],[-96.409,28.4306],[-96.4043,28.4292],[-96.411,28.4292]]],[[[-96.4124,28.4275],[-96.4073,28.426],[-96.4133,28.424],[-96.4124,28.4275]]],[[[-96.4142,28.4237],[-96.4241,28.4217],[-96.4152,28.4252],[-96.4142,28.4237]]],[[[-96.411,28.4198],[-96.4153,28.4204],[-96.411,28.4226],[-96.411,28.4198]]],[[[-96.4025,28.4175],[-96.4191,28.4059],[-96.4088,28.423],[-96.4025,28.4175]]],[[[-96.38,28.3858],[-96.3478,28.4281],[-96.3361,28.4325],[-96.3182,28.4137],[-96.38,28.3858]]],[[[-96.4261,28.3971],[-96.4289,28.3993],[-96.4201,28.4002],[-96.4261,28.3971]]],[[[-96.4379,28.3916],[-96.4221,28.3989],[-96.435,28.3907],[-96.4379,28.3916]]],[[[-96.4457,28.393],[-96.4384,28.3935],[-96.4504,28.3871],[-96.4457,28.393]]],[[[-96.487,28.3982],[-96.5284,28.3779],[-96.4821,28.4029],[-96.487,28.3982]]],[[[-96.5517,28.3774],[-96.48,28.4075],[-96.5769,28.3639],[-96.5517,28.3774]]],[[[-96.4733,28.363],[-96.4687,28.3713],[-96.4412,28.3813],[-96.4733,28.363]]],[[[-96.5584,28.3663],[-96.5518,28.3691],[-96.5726,28.3601],[-96.5584,28.3663]]],[[[-96.5932,28.3481],[-96.5773,28.3565],[-96.5948,28.3437],[-96.5932,28.3481]]],[[[-96.6701,28.3149],[-96.5794,28.3635],[-96.5748,28.3607],[-96.5974,28.3522],[-96.6701,28.3149]]],[[[-96.6357,28.3246],[-96.6317,28.3192],[-96.6504,28.3177],[-96.6357,28.3246]]],[[[-96.6642,28.3148],[-96.669,28.3131],[-96.6693,28.3138],[-96.6642,28.3148]]],[[[-96.6253,28.3096],[-96.6194,28.3097],[-96.6175,28.3059],[-96.6253,28.3096]]],[[[-96.5608,28.2928],[-96.5582,28.2906],[-96.5688,28.2839],[-96.5608,28.2928]]],[[[-96.6209,28.2724],[-96.6105,28.2788],[-96.6131,28.2755],[-96.6209,28.2724]]],[[[-96.6166,28.2654],[-96.6156,28.2714],[-96.6112,28.2713],[-96.6166,28.2654]]],[[[-96.8349,28.1947],[-96.8343,28.1897],[-96.8416,28.1883],[-96.8349,28.1947]]],[[[-96.8573,28.1782],[-96.8461,28.1775],[-96.8589,28.1758],[-96.8573,28.1782]]],[[[-96.8583,28.1742],[-96.8441,28.1764],[-96.8581,28.1728],[-96.8583,28.1742]]],[[[-96.877,28.1685],[-96.8679,28.1732],[-96.8818,28.1633],[-96.877,28.1685]]],[[[-96.8794,28.1611],[-96.8709,28.1673],[-96.8699,28.1664],[-96.8794,28.1611]]],[[[-96.8895,28.1605],[-96.8834,28.162],[-96.891,28.1575],[-96.8895,28.1605]]],[[[-96.9259,28.1141],[-96.8962,28.1506],[-96.8657,28.173],[-96.8599,28.1754],[-96.8763,28.165],[-96.8871,28.1546],[-96.8832,28.1481],[-96.9259,28.1141]]],[[[-97.1221,27.9117],[-97.1272,27.9081],[-97.1244,27.9133],[-97.1221,27.9117]]],[[[-97.1326,27.8989],[-97.1272,27.9],[-97.1309,27.8978],[-97.1326,27.8989]]],[[[-97.1379,27.8936],[-97.1385,27.8997],[-97.1357,27.8969],[-97.1379,27.8936]]],[[[-97.1179,27.8856],[-97.1325,27.8948],[-97.1104,27.8892],[-97.1179,27.8856]]],[[[-97.1438,27.8877],[-97.1384,27.8928],[-97.1421,27.8859],[-97.1438,27.8877]]],[[[-97.142,27.8791],[-97.1507,27.8754],[-97.142,27.8807],[-97.142,27.8791]]],[[[-97.1347,27.8677],[-97.1329,27.8676],[-97.1373,27.8647],[-97.1347,27.8677]]],[[[-97.1279,27.8388],[-97.0996,27.8815],[-97.0606,27.8465],[-97.1279,27.8388]]],[[[-97.2381,27.8386],[-97.2688,27.8766],[-97.2444,27.8607],[-97.2381,27.8386]]],[[[-97.1367,27.85],[-97.1397,27.8549],[-97.1384,27.8556],[-97.1367,27.85]]],[[[-97.2346,27.8364],[-97.2357,27.8283],[-97.2449,27.838],[-97.2346,27.8364]]],[[[-97.1442,27.8213],[-97.1577,27.8156],[-97.1649,27.8217],[-97.1442,27.8213]]],[[[-97.1796,27.8187],[-97.1867,27.8124],[-97.1938,27.8157],[-97.1796,27.8187]]],[[[-97.2214,27.8116],[-97.205,27.8073],[-97.2264,27.8096],[-97.2214,27.8116]]],[[[-97.1673,27.7551],[-97.1733,27.76],[-97.1647,27.7644],[-97.1673,27.7551]]],[[[-82.5572,27.3051],[-82.5607,27.2833],[-82.5687,27.2781],[-82.5615,27.2801],[-82.5554,27.2763],[-82.5614,27.275],[-82.5621,27.2742],[-82.5616,27.273],[-82.5483,27.2689],[-82.551,27.285],[-82.5114,27.2082],[-82.5695,27.2747],[-82.5699,27.2797],[-82.561,27.2894],[-82.5572,27.3051]]],[[[-82.4393,27.0532],[-82.3808,26.9659],[-82.384,26.963],[-82.3739,26.9523],[-82.3596,26.9225],[-82.353,26.9177],[-82.3525,26.911],[-82.3413,26.8971],[-82.3531,26.9101],[-82.4457,27.0603],[-82.4696,27.1122],[-82.4313,27.0853],[-82.4393,27.0532]]],[[[-82.233,26.8724],[-82.1874,26.8984],[-82.1776,26.8729],[-82.233,26.8724]]],[[[-82.2478,26.7687],[-82.2613,26.7168],[-82.2829,26.8103],[-82.2478,26.7687]]],[[[-82.256,26.7031],[-82.2405,26.6491],[-82.2343,26.6549],[-82.2219,26.6136],[-82.2636,26.6782],[-82.256,26.7031]]],[[[-82.0731,26.5836],[-82.1037,26.5998],[-82.1086,26.6433],[-82.0656,26.6125],[-82.0717,26.594],[-82.0712,26.5881],[-82.0731,26.5836]]],[[[-82.1694,26.6884],[-82.1244,26.699],[-82.1169,26.6738],[-82.1068,26.6697],[-82.1202,26.6293],[-82.0722,26.5391],[-82.0885,26.5387],[-82.0754,26.5383],[-82.0757,26.5108],[-82.0716,26.5032],[-82.0692,26.5038],[-82.0702,26.5022],[-82.0793,26.5018],[-82.0807,26.5055],[-82.0809,26.5018],[-82.0808,26.51],[-82.0834,26.5177],[-82.0812,26.5099],[-82.0828,26.5103],[-82.0838,26.5099],[-82.0831,26.5041],[-82.0892,26.4923],[-82.1296,26.64],[-82.1694,26.6884]]],[[[-82.178,26.4876],[-82.1729,26.4708],[-82.1509,26.4583],[-82.1747,26.4931],[-82.1557,26.4711],[-82.107,26.4473],[-82.0757,26.4443],[-82.0603,26.4692],[-82.0394,26.4403],[-82.0139,26.4535],[-82.0542,26.4291],[-82.0799,26.4216],[-82.121,26.4333],[-82.1668,26.4643],[-82.1822,26.4807],[-82.178,26.4876]]],[[[-82.7206,27.5279],[-82.6888,27.4444],[-82.7476,27.5382],[-82.7206,27.5279]]],[[[-81.7039,24.6041],[-81.685,24.5587],[-81.7178,24.5573],[-81.7039,24.6041]]],[[[-81.7671,24.5849],[-81.7479,24.556],[-81.8125,24.5455],[-81.7671,24.5849]]],[[[-81.3351,25.7585],[-81.3675,25.7795],[-81.354,25.7805],[-81.3404,25.7721],[-81.3393,25.7845],[-81.3089,25.7846],[-81.2841,25.7985],[-81.2955,25.7502],[-81.2712,25.744],[-81.2999,25.6932],[-81.3459,25.7217],[-81.3351,25.7585]]],[[[-81.2527,25.6661],[-81.2441,25.6544],[-81.2388,25.6405],[-81.1942,25.6891],[-81.1781,25.6498],[-81.1505,25.6552],[-81.1563,25.6402],[-81.1321,25.6153],[-81.1631,25.5583],[-81.2259,25.5575],[-81.2186,25.5739],[-81.2511,25.6422],[-81.2727,25.6482],[-81.267,25.6674],[-81.2822,25.6876],[-81.2165,25.7205],[-81.201,25.6845],[-81.2527,25.6661]]],[[[-81.1395,25.559],[-81.0814,25.5389],[-81.1888,25.4805],[-81.2038,25.5335],[-81.1885,25.5509],[-81.1395,25.559]]],[[[-81.0919,25.5236],[-81.0811,25.5373],[-81.0575,25.53],[-81.0671,25.5117],[-81.0697,25.5105],[-81.0782,25.503],[-81.0789,25.504],[-81.0795,25.5039],[-81.0793,25.5025],[-81.1124,25.5154],[-81.0919,25.5236]]],[[[-81.1029,25.5104],[-81.0824,25.5026],[-81.1605,25.4748],[-81.1632,25.4891],[-81.1332,25.4945],[-81.123,25.5039],[-81.1113,25.5046],[-81.1066,25.5064],[-81.1029,25.5104]]],[[[-81.029,25.4773],[-81.0552,25.4846],[-81.1102,25.4666],[-81.1456,25.477],[-81.1355,25.4834],[-81.1194,25.4831],[-81.1071,25.4869],[-81.0929,25.4936],[-81.0021,25.4873],[-81.0127,25.4868],[-81.0212,25.4738],[-81.029,25.4773]]],[[[-81.0126,25.3881],[-81.0061,25.4144],[-80.9677,25.4085],[-80.9727,25.3927],[-81.0126,25.3881]]],[[[-81.1496,25.3875],[-81.093,25.4263],[-81.0887,25.4305],[-81.0619,25.4232],[-81.057,25.4233],[-81.0458,25.4281],[-81.0213,25.4184],[-81.0076,25.415],[-81.0587,25.3718],[-81.0596,25.377],[-81.0732,25.3825],[-81.1496,25.3875]]],[[[-81.0882,24.7027],[-81.1247,24.7073],[-81.0306,24.7369],[-81.0778,24.6912],[-81.0753,24.7132],[-81.0882,24.7027]]],[[[-81.4521,24.7466],[-81.4207,24.6996],[-81.4245,24.6914],[-81.4181,24.6904],[-81.426,24.6881],[-81.4542,24.722],[-81.4521,24.7466]]],[[[-81.3748,24.6514],[-81.3957,24.7455],[-81.3559,24.7008],[-81.3617,24.6948],[-81.3517,24.6762],[-81.3394,24.6723],[-81.3325,24.6397],[-81.3653,24.6359],[-81.3383,24.6586],[-81.3748,24.6514]]],[[[-81.4732,24.6491],[-81.502,24.6885],[-81.509,24.7024],[-81.4838,24.6873],[-81.4671,24.6629],[-81.4732,24.6491]]],[[[-81.5087,24.6316],[-81.5661,24.6868],[-81.5278,24.6704],[-81.5087,24.6316]]],[[[-79.5857,32.9909],[-79.6175,32.9379],[-79.5729,32.9339],[-79.5808,32.9077],[-79.7067,32.857],[-79.7237,32.8072],[-79.8551,32.7545],[-79.9068,32.8145],[-79.9339,32.8182],[-79.9251,32.7739],[-79.9627,32.7813],[-79.8779,32.7526],[-79.8852,32.6844],[-79.9962,32.6391],[-80.008,32.6013],[-80.19,32.5727],[-80.3334,32.478],[-80.3441,32.5003],[-80.4135,32.4706],[-80.4308,32.501],[-80.4786,32.4974],[-80.4833,32.4463],[-80.4239,32.401],[-80.453,32.3224],[-80.6248,32.2563],[-80.6444,32.2955],[-80.774,32.303],[-80.6674,32.2179],[-80.8263,32.1085],[-80.8478,31.9872],[-81.1379,31.7209],[-81.1312,31.6279],[-81.2683,31.3833],[-81.3248,31.4239],[-81.2744,31.2532],[-81.3721,31.1401],[-81.4286,31.159],[-81.4716,31.0989],[-81.4471,31.0843],[-81.4081,31.1197],[-81.4229,31.0144],[-81.4989,30.9737],[-81.5278,30.9953],[-81.5739,30.9972],[-81.6041,30.9809],[-81.6124,30.9979],[-81.6485,30.9967],[-81.6357,31.0043],[-81.6373,31.0365],[-81.6727,31.0419],[-81.6375,31.0043],[-81.6511,31.0016],[-81.6454,30.9783],[-81.6584,30.9709],[-81.6537,30.9578],[-81.6797,30.9522],[-81.6519,30.9571],[-81.6565,30.9696],[-81.6444,30.9757],[-81.642,30.9952],[-81.5715,30.9669],[-81.5351,30.986],[-81.5074,30.9529],[-81.5402,30.9741],[-81.5273,30.9608],[-81.5527,30.9642],[-81.5488,30.9534],[-81.5582,30.9573],[-81.5575,30.95],[-81.561,30.9542],[-81.579,30.9567],[-81.5728,30.9432],[-81.5273,30.9593],[-81.5015,30.9226],[-81.4826,30.9313],[-81.469,30.9225],[-81.523,30.92],[-81.4932,30.9102],[-81.5164,30.8868],[-81.4979,30.8623],[-81.5105,30.868],[-81.5163,30.8556],[-81.485,30.8437],[-81.5382,30.8566],[-81.5314,30.8643],[-81.5382,30.8837],[-81.5415,30.8852],[-81.5521,30.8851],[-81.5559,30.8813],[-81.5587,30.8826],[-81.5847,30.8683],[-81.4902,30.7657],[-81.5104,30.7811],[-81.4974,30.7643],[-81.5003,30.7299],[-81.5069,30.7633],[-81.5076,30.7255],[-81.5303,30.7266],[-81.5221,30.7305],[-81.5223,30.7336],[-81.5392,30.7382],[-81.53,30.736],[-81.5242,30.7414],[-81.5379,30.7473],[-81.5305,30.7511],[-81.5393,30.7565],[-81.5251,30.7593],[-81.5207,30.7667],[-81.5238,30.7903],[-81.5297,30.7945],[-81.5402,30.7561],[-81.5382,30.7466],[-81.5251,30.7406],[-81.5402,30.7385],[-81.5228,30.7318],[-81.5364,30.7244],[-81.538,30.7113],[-81.5829,30.7624],[-81.5888,30.739],[-81.5647,30.7271],[-81.5849,30.7148],[-81.5837,30.7039],[-81.5202,30.6751],[-81.5239,30.6231],[-81.4838,30.6745],[-81.5103,30.6337],[-81.4827,30.6243],[-81.502,30.6161],[-81.496,30.5657],[-81.5345,30.5599],[-81.5418,30.5258],[-81.5468,30.5455],[-81.5877,30.5483],[-81.5875,30.5778],[-81.6088,30.5548],[-81.6004,30.5681],[-81.6045,30.5875],[-81.6148,30.5805],[-81.6253,30.5869],[-81.65,30.5781],[-81.6597,30.5669],[-81.6593,30.5613],[-81.6429,30.5797],[-81.6145,30.5794],[-81.6057,30.5851],[-81.6113,30.5547],[-81.6057,30.5532],[-81.5877,30.5657],[-81.5901,30.5485],[-81.5785,30.5371],[-81.552,30.5428],[-81.5457,30.5123],[-81.5401,30.5013],[-81.5334,30.5002],[-81.5447,30.5223],[-81.5042,30.544],[-81.4972,30.5379],[-81.5041,30.5285],[-81.4939,30.5029],[-81.5073,30.5052],[-81.5123,30.5004],[-81.5231,30.5052],[-81.4781,30.4699],[-81.5003,30.5518],[-81.4482,30.4534],[-81.4736,30.4356],[-81.4603,30.4103],[-81.468,30.422],[-81.4734,30.4237],[-81.481,30.4212],[-81.4814,30.4277],[-81.5032,30.4103],[-81.4858,30.4312],[-81.4989,30.4447],[-81.5058,30.4348],[-81.5178,30.45],[-81.526,30.4522],[-81.5303,30.4508],[-81.5172,30.4356],[-81.4975,30.4296],[-81.5112,30.4058],[-81.5413,30.4267],[-81.5585,30.3873],[-81.5863,30.4364],[-81.5841,30.412],[-81.6152,30.4382],[-81.636,30.4376],[-81.6022,30.4121],[-81.637,30.3938],[-81.6729,30.4217],[-81.6967,30.4186],[-81.6195,30.3591],[-81.6287,30.3188],[-81.6661,30.3241],[-81.7148,30.2902],[-81.6615,30.2359],[-81.6909,30.1925],[-81.6373,30.1875],[-81.6218,30.2179],[-81.6659,30.3148],[-81.6288,30.3062],[-81.6123,30.3205],[-81.62,30.3895],[-81.5309,30.356],[-81.5348,30.3847],[-81.4769,30.3907],[-81.4801,30.3775],[-81.4585,30.3517],[-81.4275,30.3978],[-81.3762,30.3964],[-81.3967,30.3643],[-81.3759,30.2369],[-81.1696,29.5683],[-80.9576,29.1325],[-80.5748,28.5855],[-80.526,28.4608],[-80.5888,28.4079],[-80.6044,28.3519],[-80.5745,28.1212],[-80.3824,27.7376],[-80.1536,27.1691],[-80.2952,27.4673],[-80.3169,27.4296],[-80.1868,27.1854],[-80.2012,27.1488],[-80.1573,27.1631],[-80.0928,27.0159],[-80.0326,26.8025],[-80.0385,26.7734],[-80.039,26.8246],[-80.0578,26.8426],[-80.0452,26.6168],[-80.0951,26.2859],[-80.081,26.2848],[-80.0814,26.2765],[-80.0909,26.2797],[-80.0959,26.2663],[-80.0824,26.2657],[-80.1,26.2524],[-80.0903,26.2521],[-80.0971,26.2442],[-80.0959,26.224],[-80.1063,26.2211],[-80.0968,26.2204],[-80.1101,26.1969],[-80.1104,26.1292],[-80.1188,26.1376],[-80.1266,26.1162],[-80.1314,26.1189],[-80.1481,26.1196],[-80.1595,26.109],[-80.1611,26.0994],[-80.1683,26.0979],[-80.1536,26.1001],[-80.1479,26.1189],[-80.1281,26.1164],[-80.1143,26.0862],[-80.1348,26.0451],[-80.118,26.0195],[-80.1315,26.0158],[-80.1185,26.0149],[-80.1312,26.0083],[-80.1193,26.0056],[-80.1304,26.004],[-80.1334,25.9669],[-80.1246,25.9606],[-80.1286,25.9599],[-80.1329,25.9509],[-80.1412,25.9505],[-80.1346,25.9487],[-80.1425,25.9484],[-80.1336,25.9385],[-80.1441,25.9449],[-80.1504,25.9346],[-80.1283,25.9133],[-80.1613,25.8989],[-80.188,25.8479],[-80.1892,25.7577],[-80.2607,25.7062],[-80.306,25.6145],[-80.3444,25.4631],[-80.3056,25.3854],[-80.3735,25.2872],[-80.406,25.2917],[-80.3986,25.276],[-80.4007,25.2613],[-80.4309,25.2683],[-80.3922,25.1837],[-80.4333,25.2253],[-80.4538,25.2243],[-80.4436,25.2444],[-80.4943,25.2269],[-80.4954,25.1993],[-80.5188,25.2217],[-80.6512,25.1923],[-80.663,25.1756],[-80.6334,25.1762],[-80.6736,25.1384],[-80.6719,25.1746],[-80.7044,25.14],[-80.7314,25.1671],[-80.7219,25.145],[-80.7659,25.1618],[-80.7772,25.1371],[-80.7823,25.1649],[-80.8004,25.1425],[-80.8059,25.1835],[-80.878,25.1726],[-80.9009,25.1394],[-81.0891,25.1168],[-81.1716,25.2231],[-81.1454,25.3271],[-81.1183,25.3284],[-81.118,25.3204],[-81.1066,25.3081],[-81.0937,25.3051],[-81.0972,25.2947],[-81.0815,25.2876],[-81.0927,25.2765],[-81.018,25.2121],[-80.9625,25.2024],[-80.9207,25.2155],[-80.916,25.2321],[-80.8865,25.2468],[-80.8856,25.2495],[-80.8875,25.2502],[-80.8866,25.2523],[-80.8747,25.2405],[-80.8644,25.2598],[-80.8484,25.2438],[-80.8477,25.2562],[-80.8818,25.2694],[-80.8674,25.288],[-80.887,25.2935],[-80.8952,25.2826],[-80.8974,25.2833],[-80.9112,25.2821],[-80.902,25.2869],[-80.8913,25.3076],[-80.9217,25.2884],[-80.9046,25.3171],[-80.9038,25.3534],[-80.9143,25.3378],[-80.936,25.3334],[-80.949,25.3211],[-80.9564,25.3198],[-80.9344,25.3438],[-80.946,25.347],[-80.9665,25.3334],[-80.9574,25.3431],[-80.9727,25.3279],[-80.9568,25.3467],[-80.9624,25.3497],[-80.9816,25.3419],[-80.9409,25.3751],[-80.9884,25.3392],[-81.0004,25.3669],[-81.006,25.3616],[-81.0088,25.3644],[-81.0149,25.365],[-81.0079,25.3657],[-81.007,25.3734],[-81.0395,25.3727],[-80.9636,25.3934],[-80.964,25.432],[-80.9522,25.4288],[-80.906,25.445],[-80.9487,25.4189],[-80.9293,25.4245],[-80.8671,25.4611],[-80.9052,25.4417],[-80.9057,25.4449],[-80.9125,25.4476],[-80.9285,25.4397],[-80.9375,25.4436],[-80.9493,25.4397],[-80.9502,25.4383],[-80.9551,25.4375],[-80.9585,25.4347],[-80.9471,25.4492],[-80.9349,25.4496],[-80.9592,25.4548],[-80.9781,25.4293],[-80.9822,25.4373],[-81.0637,25.44],[-81.0887,25.4316],[-81.0893,25.4529],[-81.1545,25.4281],[-81.112,25.4501],[-81.1635,25.4445],[-81.1464,25.4766],[-81.1446,25.4739],[-81.1422,25.4735],[-81.1389,25.4741],[-81.1371,25.4715],[-81.1328,25.47],[-81.1294,25.4707],[-81.1265,25.4683],[-81.1175,25.4664],[-81.1101,25.4665],[-81.0996,25.4693],[-81.0844,25.4682],[-81.051,25.479],[-81.0496,25.4785],[-81.0477,25.4787],[-81.0459,25.4779],[-81.0437,25.4785],[-81.0349,25.4761],[-81.0295,25.477],[-81.0144,25.4695],[-81.003,25.4873],[-80.9997,25.4818],[-80.9753,25.4705],[-80.9275,25.5027],[-81.0393,25.502],[-80.9963,25.5332],[-81.0383,25.5506],[-80.9951,25.5443],[-80.9843,25.5524],[-81.0449,25.5511],[-81.0608,25.5646],[-81.0204,25.5591],[-81.0166,25.5604],[-81.0157,25.5594],[-81.0099,25.5606],[-81.0047,25.5652],[-80.9981,25.5651],[-81.0479,25.5661],[-81.0405,25.5895],[-81.0979,25.5703],[-81.0914,25.5809],[-81.1081,25.5979],[-81.1184,25.6022],[-81.1326,25.5987],[-81.1054,25.6102],[-81.1444,25.6333],[-81.1081,25.6391],[-81.1425,25.6348],[-81.1459,25.6451],[-81.1524,25.6488],[-81.1498,25.6539],[-81.1505,25.6554],[-81.152,25.6556],[-81.1522,25.6584],[-81.1647,25.6683],[-81.1651,25.6771],[-81.1923,25.6847],[-81.1812,25.7261],[-81.2287,25.7652],[-81.2481,25.7617],[-81.2528,25.8091],[-81.28,25.7987],[-81.3073,25.8182],[-81.3054,25.81],[-81.3215,25.8225],[-81.3322,25.8238],[-81.2879,25.8583],[-81.3334,25.8508],[-81.3506,25.8211],[-81.3819,25.872],[-81.4577,25.8656],[-81.5177,25.919],[-81.5403,25.8922],[-81.5431,25.9295],[-81.5705,25.9032],[-81.5727,25.8959],[-81.5653,25.8969],[-81.5648,25.8875],[-81.5776,25.8907],[-81.5705,25.9051],[-81.5713,25.9061],[-81.5747,25.9059],[-81.5772,25.9046],[-81.5804,25.9105],[-81.5704,25.9268],[-81.5932,25.9227],[-81.5849,25.9374],[-81.5821,25.9593],[-81.5927,25.9881],[-81.6428,25.9355],[-81.6265,25.9851],[-81.6462,25.9382],[-81.6505,25.9332],[-81.6462,25.9402],[-81.6276,25.9841],[-81.6257,25.9867],[-81.6318,25.9805],[-81.6467,25.9398],[-81.6527,25.9347],[-81.6446,25.9551],[-81.6631,25.9924],[-81.6948,25.9854],[-81.7073,25.9669],[-81.7018,25.9848],[-81.6777,25.9974],[-81.7024,25.9879],[-81.7052,26.0066],[-81.7166,25.9972],[-81.73,26.0181],[-81.7428,26.012],[-81.7504,26.0671],[-81.7791,26.0519],[-81.7742,26.168],[-81.8009,26.0935],[-81.8311,26.2874],[-81.8196,26.2534],[-81.8258,26.2899],[-81.8124,26.2814],[-81.7991,26.2828],[-81.7866,26.2737],[-81.7862,26.2747],[-81.784,26.2725],[-81.7797,26.2727],[-81.8059,26.2897],[-81.8257,26.2922],[-81.8274,26.33],[-81.8418,26.3302],[-81.8319,26.2899],[-81.8784,26.404],[-81.9647,26.4584],[-81.9539,26.4565],[-81.9524,26.479],[-82.0135,26.4873],[-81.9871,26.4857],[-81.999,26.5222],[-81.9227,26.5361],[-81.8819,26.6371],[-81.7756,26.7042],[-81.8351,26.7041],[-81.8803,26.6541],[-81.8962,26.658],[-81.8947,26.6663],[-81.9,26.6733],[-81.9059,26.6724],[-81.9065,26.6772],[-81.9477,26.5407],[-81.9666,26.5528],[-82.035,26.529],[-82.0534,26.5654],[-82.0638,26.5664],[-82.0448,26.5747],[-82.0527,26.6388],[-82.0817,26.6662],[-82.0698,26.6723],[-82.0792,26.6914],[-82.0662,26.693],[-82.0802,26.7175],[-82.048,26.7865],[-82.063,26.7959],[-82.041,26.7997],[-82.0556,26.8766],[-82.0551,26.8771],[-82.0548,26.8761],[-82.0532,26.8758],[-82.0461,26.8825],[-82.0439,26.8818],[-82.0458,26.8794],[-82.0457,26.8789],[-82.0451,26.8785],[-82.0267,26.8788],[-82.0479,26.9164],[-82.0581,26.9123],[-82.0492,26.8963],[-82.0595,26.8842],[-82.0646,26.8846],[-82.0593,26.8866],[-82.0548,26.8907],[-82.0605,26.8866],[-82.0624,26.8884],[-82.0605,26.8877],[-82.0552,26.8919],[-82.0552,26.901],[-82.0628,26.9026],[-82.0587,26.9092],[-82.0866,26.8995],[-82.0848,26.9275],[-82.0535,26.9181],[-82.0598,26.95],[-82.1395,26.9892],[-82.1178,26.9564],[-82.1279,26.965],[-82.1513,26.9652],[-82.1296,26.9548],[-82.1563,26.9535],[-82.1641,27.0064],[-82.1669,26.9629],[-82.1735,27.0032],[-82.1812,26.991],[-82.1699,26.9733],[-82.1749,26.968],[-82.1666,26.9617],[-82.1639,26.9562],[-82.1592,26.9535],[-82.1522,26.9526],[-82.1515,26.946],[-82.1803,26.952],[-82.1859,26.9903],[-82.2122,26.9598],[-82.2388,27.0057],[-82.275,27.0219],[-82.2467,26.9664],[-82.1963,26.9438],[-82.2145,26.9163],[-82.1959,26.9179],[-82.1875,26.8989],[-82.2098,26.8993],[-82.2147,26.9163],[-82.2261,26.9163],[-82.2146,26.9094],[-82.2349,26.8919],[-82.2333,26.8721],[-82.1726,26.8709],[-82.1927,26.9157],[-82.1973,26.9197],[-82.2067,26.9196],[-82.1839,26.9359],[-82.1572,26.8575],[-82.1491,26.7872],[-82.1732,26.7964],[-82.1568,26.8135],[-82.1639,26.8375],[-82.1952,26.7998],[-82.1957,26.8047],[-82.1987,26.8078],[-82.2126,26.8097],[-82.2054,26.8192],[-82.205,26.8311],[-82.2062,26.8347],[-82.2182,26.8068],[-82.233,26.8357],[-82.2545,26.8192],[-82.2513,26.8607],[-82.2969,26.8609],[-82.2618,26.8322],[-82.2696,26.8277],[-82.2806,26.8439],[-82.2872,26.8429],[-82.2853,26.8455],[-82.2915,26.8517],[-82.2944,26.8525],[-82.2982,26.8514],[-82.3008,26.8527],[-82.3353,26.914],[-82.3174,26.9185],[-82.3133,26.9299],[-82.3423,26.9231],[-82.3178,26.9452],[-82.3521,26.9354],[-82.3763,27.0027],[-82.4295,27.0417],[-82.4193,27.0444],[-82.4174,27.0475],[-82.4162,27.0518],[-82.4133,27.0557],[-82.4132,27.0573],[-82.4378,27.0523],[-82.4301,27.0846],[-82.5074,27.2408],[-82.5424,27.272],[-82.5299,27.3244],[-82.5748,27.4164],[-82.6923,27.474],[-82.6398,27.4737],[-82.6649,27.5224],[-82.581,27.4922],[-82.5337,27.5039],[-82.4943,27.4641],[-82.4915,27.4647],[-82.4941,27.483],[-82.5226,27.503],[-82.5048,27.5206],[-82.4899,27.5108],[-82.4203,27.5182],[-82.447,27.5336],[-82.4742,27.534],[-82.6041,27.5167],[-82.5427,27.5746],[-82.6031,27.5562],[-82.5855,27.5752],[-82.6204,27.5861],[-82.5761,27.5815],[-82.5767,27.6063],[-82.5447,27.6021],[-82.5703,27.6086],[-82.5349,27.6762],[-82.4957,27.6811],[-82.5236,27.6884],[-82.4928,27.7114],[-82.4569,27.702],[-82.4292,27.7173],[-82.4822,27.7194],[-82.4815,27.7432],[-82.4097,27.7669],[-82.4088,27.774],[-82.4275,27.7735],[-82.4264,27.7827],[-82.4352,27.776],[-82.3829,27.8201],[-82.3867,27.8789],[-82.4339,27.8974],[-82.4075,27.9036],[-82.4286,27.9062],[-82.4102,27.9519],[-82.4362,27.9043],[-82.4421,27.9549],[-82.4905,27.9188],[-82.4727,27.8224],[-82.5339,27.8329],[-82.5548,27.8509],[-82.5248,27.9407],[-82.5647,27.9368],[-82.5379,27.9497],[-82.5402,27.9689],[-82.5711,27.9619],[-82.6432,28.0272],[-82.6634,27.9996],[-82.6965,28.0365],[-82.6754,28.0057],[-82.7044,27.9658],[-82.6791,27.9632],[-82.7296,27.9342],[-82.6113,27.8721],[-82.5826,27.8792],[-82.6142,27.8701],[-82.6239,27.8603],[-82.5966,27.8645],[-82.5969,27.8265],[-82.6127,27.8551],[-82.6375,27.8609],[-82.6066,27.8358],[-82.6262,27.7982],[-82.6057,27.7955],[-82.623,27.7902],[-82.6335,27.8001],[-82.6232,27.7448],[-82.6404,27.7388],[-82.6373,27.7044],[-82.6787,27.6944],[-82.6868,27.7446],[-82.7417,27.752],[-82.7423,27.7699],[-82.7638,27.8156],[-82.7546,27.8343],[-82.7815,27.8391],[-82.7701,27.7994],[-82.794,27.8075],[-82.8487,27.8712],[-82.7838,27.9788],[-82.7633,28.1212],[-82.8008,28.1706],[-82.7575,28.138],[-82.7643,28.1561],[-82.742,28.1566],[-82.7318,28.1687],[-82.725,28.1588],[-82.7117,28.1818],[-82.7609,28.1562],[-82.7991,28.1851],[-82.7383,28.2295],[-82.7645,28.2315],[-82.7621,28.243],[-82.7318,28.2303],[-82.7316,28.2491],[-82.7587,28.2544],[-82.732,28.2564],[-82.7351,28.2986],[-82.7094,28.302],[-82.7359,28.3059],[-82.691,28.3683],[-82.7079,28.395],[-82.6702,28.4078],[-82.6975,28.4195],[-82.6651,28.4331],[-82.6843,28.465],[-82.6653,28.4919],[-82.6514,28.4917],[-82.6515,28.4846],[-82.659,28.4845],[-82.6603,28.4836],[-82.6604,28.4823],[-82.6603,28.4784],[-82.6591,28.4783],[-82.659,28.4775],[-82.6579,28.4774],[-82.6599,28.4721],[-82.6593,28.4693],[-82.6514,28.4701],[-82.6507,28.4923],[-82.6682,28.4923],[-82.6533,28.5058],[-82.6766,28.5005],[-82.638,28.5308],[-82.6641,28.6048],[-82.6465,28.6497],[-82.6649,28.6528],[-82.6352,28.6599],[-82.6547,28.6697],[-82.6418,28.6753],[-82.6396,28.6925],[-82.6305,28.6888],[-82.605,28.7154],[-82.6258,28.719],[-82.6362,28.6973],[-82.672,28.7262],[-82.6353,28.732],[-82.6252,28.7841],[-82.6346,28.7988],[-82.6444,28.7956],[-82.6465,28.8056],[-82.6227,28.8255],[-82.6538,28.8308],[-82.6269,28.8381],[-82.6234,28.8802],[-82.6514,28.9001],[-82.628,28.9071],[-82.711,28.9547],[-82.7526,28.9464],[-82.7073,28.9558],[-82.6985,28.9558],[-82.7002,28.9566],[-82.7073,28.9565],[-82.7749,28.9431],[-82.7972,28.9393],[-82.6983,28.9587],[-82.7343,28.9766],[-82.7208,29.0103],[-82.7494,28.9968],[-82.7329,29.0086],[-82.7276,29.0147],[-82.7429,29.0157],[-82.7534,29.0103],[-82.733,29.0246],[-82.7584,29.035],[-82.7355,29.043],[-82.7408,29.0639],[-82.7649,29.0708],[-82.7828,29.0635],[-82.7674,29.087],[-82.7759,29.0905],[-82.7817,29.0871],[-82.7833,29.0752],[-82.7919,29.0779],[-82.7904,29.0858],[-82.7963,29.0857],[-82.7953,29.0903],[-82.8001,29.0893],[-82.7994,29.0914],[-82.8006,29.093],[-82.8013,29.0931],[-82.8017,29.0927],[-82.8001,29.0944],[-82.7949,29.0941],[-82.7997,29.103],[-82.7803,29.097],[-82.795,29.1116],[-82.7737,29.103],[-82.8064,29.1273],[-82.7945,29.1779],[-82.834,29.1551],[-82.85,29.1791],[-82.8757,29.1596],[-82.9252,29.1855],[-82.9833,29.1854],[-83.0002,29.1632],[-83.0396,29.1926],[-83.0529,29.1745],[-83.0776,29.225],[-83.0522,29.2488],[-83.0752,29.2454],[-83.0711,29.2794],[-83.0955,29.2671],[-83.0677,29.2914],[-83.1068,29.2681],[-83.0933,29.2937],[-83.1081,29.278],[-83.1185,29.3157],[-83.1637,29.309],[-83.1452,29.32],[-83.1483,29.3395],[-83.1582,29.3476],[-83.1727,29.3481],[-83.1598,29.3535],[-83.1518,29.3606],[-83.191,29.3661],[-83.1755,29.3749],[-83.1822,29.3763],[-83.1711,29.3849],[-83.1794,29.3805],[-83.1781,29.3927],[-83.1706,29.3949],[-83.1682,29.3974],[-83.1691,29.4008],[-83.2002,29.3748],[-83.2072,29.43],[-83.2953,29.437],[-83.3128,29.4786],[-83.4007,29.5176],[-83.408,29.598],[-83.386,29.5955],[-83.3928,29.6584],[-83.4086,29.6671],[-83.3662,29.6652],[-83.3591,29.6836],[-83.4561,29.6756],[-83.5486,29.7283],[-83.5848,29.7594],[-83.5814,29.8272],[-83.6776,29.9254],[-83.9259,30.035],[-83.9475,30.0765],[-83.9891,30.0772],[-83.9777,30.1212],[-84.0108,30.0969],[-84.018,30.1189],[-84.116,30.0868],[-84.1354,30.1058],[-84.1665,30.0714],[-84.1748,30.1078],[-84.2073,30.1127],[-84.228,30.0844],[-84.2741,30.1147],[-84.289,30.0575],[-84.2979,30.0573],[-84.294,30.059],[-84.2965,30.0656],[-84.3151,30.0761],[-84.3462,30.0799],[-84.3916,29.9948],[-84.3726,29.9894],[-84.3782,30.0085],[-84.3692,30.011],[-84.342,29.9708],[-84.4345,29.9963],[-84.4454,29.9881],[-84.4392,29.9601],[-84.3401,29.9485],[-84.348,29.8972],[-84.4431,29.9294],[-84.5122,29.9171],[-84.662,29.8398],[-84.6665,29.8516],[-84.6888,29.8524],[-84.674,29.8606],[-84.6818,29.8677],[-84.6904,29.8533],[-84.6746,29.8306],[-84.8877,29.7227],[-85.1075,29.7183],[-85.3492,29.666],[-85.3652,29.6779],[-85.3744,29.6907],[-85.393,29.7289],[-85.4061,29.7683],[-85.4175,29.8286],[-85.408,29.8668],[-85.3841,29.8785],[-85.4042,29.7668],[-85.3638,29.6788],[-85.3089,29.6876],[-85.3022,29.8072],[-85.3624,29.8964],[-85.421,29.9531],[-85.482,29.9579],[-85.5051,29.9697],[-85.5179,29.9805],[-85.5297,29.9944],[-85.529,30.0012],[-85.4981,29.9715],[-85.4563,29.9636],[-85.5778,30.0509],[-85.5354,30.004],[-85.7308,30.1181],[-85.6012,30.0571],[-85.6869,30.1229],[-85.6223,30.1257],[-85.6223,30.0902],[-85.535,30.0794],[-85.5383,30.0571],[-85.4731,30.0044],[-85.3941,30.048],[-85.4375,30.0594],[-85.4194,30.0968],[-85.4797,30.0311],[-85.4872,30.0973],[-85.5228,30.0931],[-85.5387,30.1287],[-85.567,30.1434],[-85.6034,30.1046],[-85.5915,30.1251],[-85.733,30.1762],[-85.6801,30.249],[-85.6004,30.2387],[-85.5775,30.3177],[-85.6074,30.2697],[-85.6462,30.2617],[-85.6497,30.289],[-85.7199,30.2341],[-85.762,30.3145],[-85.7777,30.2867],[-85.8513,30.2839],[-85.8462,30.2304],[-85.8184,30.2213],[-85.7988,30.2528],[-85.7422,30.2163],[-85.7591,30.1733],[-85.7174,30.1381],[-85.789,30.1703],[-85.7348,30.1206],[-86.0881,30.3031],[-86.5158,30.3967],[-86.4872,30.4177],[-86.3296,30.382],[-86.3133,30.4231],[-86.3035,30.3902],[-86.2422,30.3858],[-86.224,30.3991],[-86.2682,30.4158],[-86.2496,30.4285],[-86.1585,30.3735],[-86.1039,30.3841],[-86.1206,30.4299],[-86.1964,30.4645],[-86.1927,30.5082],[-86.222,30.4756],[-86.4212,30.4512],[-86.4481,30.4973],[-86.4179,30.5079],[-86.4547,30.5112],[-86.4684,30.4845],[-86.4841,30.5153],[-86.5,30.5224],[-86.4924,30.4618],[-86.5583,30.43],[-86.5879,30.4343],[-86.5877,30.4767],[-86.6099,30.4663],[-86.6022,30.4014],[-86.7751,30.4102],[-86.956,30.3953],[-87.1836,30.3432],[-87.2045,30.3609],[-87.0147,30.4034],[-86.936,30.4543],[-86.9123,30.4379],[-86.8755,30.4399],[-87.0201,30.505],[-86.9911,30.5226],[-86.9825,30.563],[-87.0258,30.6261],[-87.0561,30.6045],[-87.0016,30.5697],[-87.0911,30.4388],[-87.0976,30.516],[-87.13,30.5311],[-87.1069,30.5503],[-87.1823,30.5822],[-87.1746,30.559],[-87.1798,30.5592],[-87.1858,30.5562],[-87.1891,30.5507],[-87.1892,30.5335],[-87.1486,30.4905],[-87.1798,30.4226],[-87.2712,30.3788],[-87.2663,30.3441],[-87.3937,30.322],[-87.4006,30.309],[-87.4301,30.3145],[-87.4981,30.313],[-87.4151,30.3441],[-87.4424,30.3656],[-87.4263,30.4026],[-87.3432,30.4263],[-87.3734,30.4594],[-87.4865,30.3428],[-87.4977,30.375],[-87.4957,30.3453],[-87.5145,30.3605],[-87.5397,30.3063],[-87.5579,30.3253],[-87.5771,30.3024],[-87.5753,30.349],[-87.594,30.3348],[-87.6043,30.3607],[-87.6098,30.3026],[-87.625,30.3079],[-87.6542,30.2806],[-87.7241,30.2792],[-87.7393,30.2942],[-87.7079,30.3176],[-87.706,30.3252],[-87.7083,30.3363],[-87.7538,30.2911],[-87.8318,30.3569],[-87.825,30.414],[-87.8376,30.3763],[-87.9064,30.4102],[-87.9371,30.4828],[-87.9017,30.5492],[-87.9135,30.6518],[-87.9232,30.6399],[-87.9504,30.672],[-88.0118,30.6853],[-88.0596,30.6507],[-88.0864,30.5251],[-88.1059,30.533],[-88.1432,30.5335],[-88.0935,30.5211],[-88.1127,30.4567],[-88.1083,30.3735],[-88.1281,30.3387],[-88.1596,30.3539],[-88.157,30.3272],[-88.1954,30.3215],[-88.1877,30.3664],[-88.2865,30.3917],[-88.3129,30.3703],[-88.3578,30.4065],[-88.4809,30.3185],[-88.5038,30.3585],[-88.5163,30.3334],[-88.6108,30.3773],[-88.7297,30.3431],[-88.8373,30.431],[-88.9765,30.4241],[-88.9912,30.4353],[-88.9522,30.4485],[-88.9629,30.4533],[-88.9482,30.4475],[-88.9445,30.4537],[-88.9662,30.4614],[-88.9712,30.4447],[-88.989,30.4481],[-89.0032,30.4415],[-89.0048,30.4292],[-89.0071,30.4476],[-89.027,30.4505],[-89.026,30.4381],[-89.0058,30.4283],[-88.9884,30.4298],[-88.9925,30.4206],[-89.0432,30.4261],[-88.8568,30.3906],[-89.003,30.387],[-89.2842,30.3032],[-89.288,30.3336],[-89.2487,30.3281],[-89.2292,30.3583],[-89.3502,30.3714],[-89.3786,30.3367],[-89.3326,30.3391],[-89.3268,30.3025],[-89.4195,30.2543],[-89.4438,30.1875],[-89.4633,30.1745],[-89.4674,30.1763],[-89.4887,30.2136],[-89.6226,30.1568],[-89.7297,30.0602],[-89.7177,30.0252],[-89.8162,30.0457],[-89.8578,30.0075],[-89.839,29.9422],[-89.7278,29.9573],[-89.7449,29.9081],[-89.6369,29.8629],[-89.5901,29.8856],[-89.5791,29.9935],[-89.4906,30.037],[-89.4839,30.0791],[-89.4176,30.0304],[-89.4572,29.995],[-89.3943,29.9641],[-89.3984,29.9561],[-89.3723,29.8947],[-89.3597,29.8907],[-89.3702,29.8671],[-89.3402,29.8781],[-89.4291,29.8179],[-89.3049,29.7736],[-89.3061,29.7964],[-89.292,29.7994],[-89.2893,29.7615],[-89.3896,29.7914],[-89.4177,29.7561],[-89.435,29.8027],[-89.503,29.849],[-89.5126,29.8248],[-89.5162,29.8518],[-89.5451,29.8033],[-89.5015,29.8015],[-89.4939,29.8188],[-89.4872,29.8091],[-89.4598,29.8054],[-89.5105,29.7981],[-89.5157,29.7817],[-89.5376,29.7991],[-89.5377,29.7812],[-89.4221,29.6969],[-89.4728,29.7033],[-89.4797,29.7319],[-89.586,29.7565],[-89.6088,29.729],[-89.6017,29.6854],[-89.6319,29.6907],[-89.6164,29.6594],[-89.7048,29.7038],[-89.7111,29.6528],[-89.7425,29.6578],[-89.7386,29.6311],[-89.7553,29.6402],[-89.782,29.6323],[-89.723,29.6117],[-89.7409,29.6124],[-89.6775,29.5413],[-89.693,29.5208],[-89.52,29.4575],[-89.5658,29.4408],[-89.5188,29.4004],[-89.5582,29.4246],[-89.5623,29.3935],[-89.4683,29.4004],[-89.3615,29.3298],[-89.3057,29.3557],[-89.3105,29.3756],[-89.2611,29.3224],[-89.184,29.3387],[-89.1391,29.2827],[-89.1737,29.2518],[-89.1208,29.2558],[-89.1694,29.2305],[-89.1296,29.2147],[-89.1314,29.1795],[-89.0707,29.184],[-89.1301,29.1532],[-89.0553,29.1289],[-89.0732,29.0942],[-89.1426,29.1329],[-89.1514,29.1053],[-89.1185,29.0938],[-89.1556,29.0985],[-89.1247,29.0792],[-89.157,29.0866],[-89.1537,29.0514],[-89.1848,29.0868],[-89.213,29.0867],[-89.1491,28.9963],[-89.2585,29.1246],[-89.2724,29.0977],[-89.259,29.059],[-89.4122,28.9297],[-89.2927,29.0896],[-89.2964,29.1306],[-89.2698,29.1313],[-89.2711,29.1725],[-89.2948,29.2141],[-89.3293,29.2217],[-89.3244,29.2014],[-89.3375,29.2004],[-89.3297,29.1874],[-89.3415,29.1898],[-89.3452,29.1463],[-89.3555,29.1421],[-89.3446,29.2303],[-89.3613,29.1871],[-89.3508,29.2273],[-89.3748,29.2341],[-89.4121,29.1826],[-89.4506,29.1884],[-89.4875,29.2329],[-89.4721,29.2623],[-89.4849,29.3191],[-89.5385,29.3555],[-89.5948,29.3557],[-89.6237,29.3954],[-89.7203,29.3881],[-89.7387,29.4129],[-89.7787,29.4175],[-89.81,29.4121],[-89.8115,29.4334],[-89.8376,29.4194],[-89.8086,29.4561],[-89.8371,29.4753],[-89.9946,29.4423],[-89.9961,29.4582],[-90.0563,29.4627],[-90.0445,29.4426],[-90.0663,29.4469],[-90.0704,29.4326],[-90.0575,29.4055],[-90.0716,29.3985],[-90.0519,29.3822],[-90.0686,29.375],[-90.0801,29.3496],[-90.0528,29.3229],[-90.0671,29.3288],[-90.0824,29.3292],[-90.1288,29.323],[-90.1356,29.3147],[-90.1001,29.197],[-90.0484,29.2157],[-90.0733,29.1784],[-90.0472,29.1904],[-90.2255,29.0792],[-90.1984,29.1001],[-90.2405,29.1709],[-90.2079,29.2468],[-90.22,29.2204],[-90.2411,29.2366],[-90.2523,29.2334],[-90.2702,29.2957],[-90.2815,29.2873],[-90.2888,29.3088],[-90.3113,29.3355],[-90.3216,29.3365],[-90.2432,29.3351],[-90.2813,29.3932],[-90.3437,29.3878],[-90.35,29.4079],[-90.3607,29.4223],[-90.368,29.423],[-90.3756,29.4383],[-90.3418,29.4703],[-90.3522,29.4903],[-90.4372,29.4711],[-90.4461,29.4463],[-90.4479,29.4146],[-90.5002,29.4713],[-90.5017,29.4197],[-90.5119,29.4582],[-90.5578,29.4582],[-90.561,29.4347],[-90.5497,29.4257],[-90.551,29.4127],[-90.5628,29.4342],[-90.6444,29.309],[-90.6158,29.2755],[-90.6482,29.3011],[-90.6619,29.245],[-90.6667,29.2966],[-90.686,29.3139],[-90.6966,29.275],[-90.6912,29.313],[-90.7364,29.3439],[-90.7447,29.3425],[-90.7692,29.3031],[-90.7702,29.2608],[-90.8032,29.2774],[-90.8128,29.2632],[-90.8155,29.2381],[-90.8386,29.2528],[-90.8243,29.2637],[-90.8331,29.2704],[-90.8233,29.2692],[-90.8147,29.2777],[-90.8119,29.2858],[-90.8259,29.3112],[-90.8686,29.252],[-90.9342,29.2634],[-90.9029,29.2671],[-90.8741,29.2975],[-90.8788,29.3031],[-90.8955,29.2939],[-90.8994,29.3045],[-90.9084,29.294],[-90.9012,29.3133],[-90.9345,29.2869],[-90.8758,29.3811],[-90.9097,29.3753],[-90.905,29.3794],[-90.8437,29.3843],[-90.8248,29.4183],[-90.8246,29.4109],[-90.8046,29.4029],[-90.8212,29.4131],[-90.8153,29.4211],[-90.8029,29.4033],[-90.7681,29.442],[-90.8989,29.4006],[-90.9315,29.3636],[-90.9176,29.3823],[-90.9378,29.397],[-90.9723,29.39],[-90.9999,29.3753],[-90.963,29.3664],[-90.9611,29.3569],[-90.9761,29.3612],[-90.986,29.3471],[-90.9771,29.3372],[-90.9929,29.3434],[-90.9757,29.3307],[-90.9943,29.3311],[-91.0404,29.2975],[-91.0364,29.2857],[-91.0259,29.2807],[-91.0228,29.2693],[-91.0373,29.2693],[-91.0381,29.2628],[-91.0632,29.2531],[-91.0673,29.244],[-91.0728,29.2112],[-91.0622,29.1834],[-91.1302,29.2225],[-91.1026,29.2883],[-91.1234,29.3342],[-91.1949,29.3714],[-91.2181,29.4358],[-91.2653,29.4754],[-91.3353,29.4863],[-91.3557,29.5157],[-91.3993,29.498],[-91.4019,29.504],[-91.4158,29.5073],[-91.4193,29.5056],[-91.4313,29.5425],[-91.4666,29.5476],[-91.5407,29.5267],[-91.5564,29.6383],[-91.647,29.6348],[-91.6054,29.7577],[-91.7158,29.739],[-91.7396,29.7643],[-91.8139,29.7867],[-91.8294,29.8307],[-91.965,29.837],[-91.9853,29.8231],[-91.9826,29.7969],[-92.1112,29.7426],[-92.1406,29.785],[-92.1613,29.7823],[-92.1965,29.7607],[-92.2006,29.7648],[-92.2223,29.7458],[-92.264,29.7585],[-92.1662,29.6982],[-92.1043,29.6989],[-92.1434,29.6752],[-92.1077,29.6128],[-92.035,29.6316],[-92.0085,29.6136],[-92.274,29.536],[-92.6607,29.5961],[-93.1593,29.7663],[-93.4845,29.7692],[-93.7425,29.7343],[-93.84,29.6784],[-94.1141,29.6545],[-94.6124,29.4609],[-94.779,29.3597],[-94.6813,29.4538],[-94.468,29.5207],[-94.4652,29.5537],[-94.5233,29.541],[-94.5617,29.5744],[-94.7795,29.5303],[-94.687,29.6458],[-94.6958,29.7757],[-94.7101,29.7596],[-94.7115,29.7914],[-94.7284,29.7796],[-94.7179,29.7902],[-94.7378,29.79],[-94.7372,29.7994],[-94.7451,29.8047],[-94.7464,29.8045],[-94.9011,29.6575],[-94.9258,29.6612],[-94.9181,29.6607],[-94.916,29.7016],[-94.9297,29.6977],[-94.9246,29.7028],[-94.9323,29.715],[-94.945,29.7165],[-94.9236,29.7342],[-94.9233,29.7556],[-94.9451,29.7248],[-94.9462,29.7161],[-94.9434,29.7131],[-94.9329,29.7138],[-94.9479,29.6992],[-95.0136,29.7227],[-94.9894,29.6856],[-95.009,29.6796],[-94.9811,29.6766],[-95.0174,29.6449],[-94.9971,29.6151],[-95.028,29.6127],[-94.9827,29.601],[-95.0217,29.5519],[-94.9096,29.4972],[-94.9788,29.4517],[-94.9259,29.4566],[-94.8863,29.3909],[-94.8096,29.364],[-94.8861,29.3895],[-94.9192,29.362],[-94.8646,29.3718],[-94.9065,29.3558],[-94.8999,29.302],[-94.9477,29.323],[-95.0335,29.2127],[-95.1075,29.1705],[-95.0992,29.1931],[-95.2105,29.2129],[-95.1505,29.184],[-95.1598,29.101],[-95.1936,29.1118],[-95.1728,29.08],[-95.2604,28.9857],[-95.1234,29.0701],[-95.3834,28.8694],[-95.6505,28.7532],[-95.6534,28.7617],[-95.6713,28.7618],[-95.7444,28.7364],[-95.7848,28.7469],[-95.9263,28.7004],[-95.9618,28.6253],[-95.8672,28.6491],[-95.826,28.6789],[-95.7667,28.698],[-95.7687,28.7015],[-95.7466,28.7072],[-95.7359,28.7163],[-95.6955,28.7292],[-95.6612,28.7467],[-95.6594,28.7582],[-95.6597,28.7486],[-95.6603,28.747],[-95.6625,28.7452],[-95.8066,28.6686],[-96.2137,28.4936],[-96.3135,28.4173],[-96.3357,28.4381],[-96.2369,28.5019],[-95.985,28.6019],[-95.9717,28.6567],[-96.0094,28.627],[-96.0387,28.6587],[-96.1787,28.5956],[-96.1482,28.6201],[-96.2117,28.6143],[-96.2343,28.643],[-96.1816,28.7059],[-96.1733,28.7627],[-96.2079,28.6978],[-96.2814,28.6729],[-96.2577,28.6891],[-96.2554,28.718],[-96.269,28.7201],[-96.2631,28.6936],[-96.312,28.6803],[-96.3043,28.6465],[-96.3645,28.6286],[-96.3887,28.7292],[-96.4041,28.7374],[-96.4332,28.7178],[-96.4327,28.7674],[-96.4446,28.7694],[-96.4389,28.7136],[-96.4054,28.7278],[-96.4188,28.6321],[-96.3831,28.6201],[-96.4653,28.5775],[-96.4902,28.5698],[-96.4346,28.603],[-96.4588,28.6638],[-96.4846,28.6087],[-96.5135,28.6165],[-96.5115,28.6553],[-96.5611,28.6253],[-96.5494,28.6454],[-96.5716,28.6663],[-96.586,28.6573],[-96.5581,28.691],[-96.6119,28.7233],[-96.6033,28.7644],[-96.6149,28.7196],[-96.6645,28.7232],[-96.6645,28.6943],[-96.6098,28.6393],[-96.6122,28.5865],[-96.6444,28.5796],[-96.5678,28.5831],[-96.4865,28.5114],[-96.561,28.481],[-96.5185,28.4659],[-96.4883,28.5097],[-96.4024,28.4427],[-96.6487,28.3529],[-96.6259,28.3421],[-96.6747,28.3216],[-96.6452,28.3403],[-96.6875,28.3278],[-96.7076,28.4065],[-96.748,28.4096],[-96.7935,28.4669],[-96.7647,28.4123],[-96.8382,28.4332],[-96.8597,28.4134],[-96.7919,28.3598],[-96.8097,28.2898],[-96.7765,28.2444],[-96.908,28.1509],[-96.928,28.115],[-96.916,28.0949],[-96.8834,28.1046],[-96.8736,28.1331],[-96.8218,28.1108],[-96.8164,28.1751],[-96.7013,28.1976],[-96.6445,28.2548],[-96.6125,28.2491],[-96.6046,28.286],[-96.558,28.3013],[-96.5793,28.2918],[-96.5708,28.2759],[-96.5523,28.2889],[-96.5371,28.3188],[-96.4403,28.3423],[-96.417,28.3994],[-96.4254,28.3567],[-96.3835,28.3792],[-96.4105,28.3471],[-96.8144,28.0931],[-97.0455,27.8391],[-97.095,27.8789],[-97.069,27.9048],[-97.0728,27.9965],[-97.1951,27.8219],[-97.2249,27.8263],[-97.2455,27.8718],[-97.2717,27.8818],[-97.3549,27.8504],[-97.3374,27.8834],[-97.4594,27.8785],[-97.4942,27.8484],[-97.4694,27.8241],[-97.3811,27.8377],[-97.3696,27.7422],[-97.2254,27.6855],[-97.1931,27.6875],[-97.1247,27.7804],[-97.1352,27.8247],[-97.0446,27.8345],[-97.2808,27.4619],[-97.3771,27.0954],[-97.3585,26.8396],[-97.2172,26.3826],[-97.1465,25.9564],[-97.2835,25.9595],[-97.2767,25.9352],[-97.3483,25.9312],[-97.3752,25.9078],[-97.364,25.85],[-97.4056,25.8376],[-97.4086,25.8621],[-97.4258,25.8407],[-97.4554,25.884],[-97.5211,25.8861],[-97.5372,25.9307],[-97.583,25.933],[-97.5663,25.9449],[-97.5679,25.9524],[-97.6626,26.0382],[-97.7614,26.0257],[-97.8616,26.0702],[-98.0277,26.067],[-98.0765,26.0363],[-98.0804,26.0712],[-98.1949,26.0534],[-98.2882,26.1045],[-98.2664,26.1209],[-98.3058,26.1032],[-98.3359,26.1662],[-98.3865,26.1577],[-98.4446,26.2244],[-98.4818,26.2009],[-98.6229,26.2599],[-98.6701,26.2367],[-98.8055,26.3681],[-98.8965,26.3532],[-98.9263,26.3944],[-98.9436,26.3694],[-98.9739,26.4012],[-99.0845,26.398],[-99.1137,26.4329],[-99.1044,26.4993],[-99.171,26.5417],[-99.2088,26.7248],[-99.2681,26.8422],[-99.4458,27.0216],[-99.4417,27.2502],[-99.5381,27.3168],[-99.5042,27.3392],[-99.4787,27.4794],[-99.5281,27.4982],[-99.5137,27.5695],[-99.596,27.6397],[-99.7105,27.6577],[-99.8133,27.7745],[-99.8763,27.7976],[-99.9314,27.9806],[-99.9904,27.9935],[-100.0844,28.1448],[-100.2086,28.1909],[-100.221,28.2329],[-100.292,28.2763],[-100.3684,28.4764],[-100.3339,28.4993],[-100.3885,28.5153],[-100.3987,28.5853],[-100.5005,28.662],[-100.5352,28.8052],[-100.6409,28.9149],[-100.6746,29.1004],[-100.7726,29.1684],[-100.8138,29.2636],[-101.0099,29.3683],[-101.0599,29.4586],[-101.2568,29.5223],[-101.2486,29.6234],[-101.3074,29.5802],[-101.3038,29.6531],[-101.3612,29.6493],[-101.4161,29.7465],[-101.4011,29.7712],[-101.4475,29.7499],[-101.4619,29.79],[-101.5362,29.7581],[-101.5445,29.8121],[-101.5747,29.7698],[-101.645,29.7542],[-101.8048,29.7802],[-101.8181,29.8117],[-101.8238,29.7874],[-101.8526,29.8079],[-101.9291,29.7827],[-101.9765,29.8159],[-102.0729,29.7864],[-102.3156,29.88],[-102.3645,29.8456],[-102.3876,29.7612],[-102.487,29.7866],[-102.5482,29.7447],[-102.5687,29.7715],[-102.6306,29.7341],[-102.674,29.7446],[-102.8086,29.5229],[-102.8334,29.4105],[-102.8127,29.3994],[-102.8842,29.3479],[-102.9064,29.26],[-102.8677,29.2234],[-102.9507,29.1736],[-102.9958,29.1793],[-103.0335,29.1013],[-103.1006,29.0607],[-103.116,28.9846],[-103.2859,28.9768],[-103.3304,29.0431],[-103.3607,29.0182],[-103.4326,29.0434],[-103.5536,29.158],[-103.7185,29.1808],[-103.7819,29.2267],[-103.7839,29.2655],[-104.0377,29.3198],[-104.1673,29.3946],[-104.2138,29.4847],[-104.3375,29.5197],[-104.5083,29.6325],[-104.5659,29.7714],[-104.68,29.9208],[-104.7063,30.2349],[-104.8116,30.3328],[-104.8166,30.3754],[-104.8595,30.3903],[-104.8666,30.4943],[-104.9226,30.6037],[-104.9717,30.6102],[-105.0066,30.6861],[-105.0618,30.6859],[-105.215,30.8059],[-105.2576,30.7941],[-105.3999,30.852],[-105.4,30.8893],[-105.5572,30.9897],[-105.6044,31.0837],[-105.773,31.1668],[-105.954,31.3649],[-106.2067,31.4663],[-106.3496,31.6967],[-106.4505,31.7642],[-108.2085,31.7837],[-108.2085,31.3334],[-111.075,31.3324],[-114.8136,32.494],[-114.7915,32.5564],[-114.813,32.5574],[-114.8105,32.6223],[-114.7199,32.7187],[-117.1242,32.5343],[-117.1428,32.6335],[-117.2258,32.7008],[-117.1667,32.698],[-117.1157,32.5994],[-117.0943,32.6048],[-117.1157,32.6745],[-117.2088,32.741],[-117.2446,32.6665],[-117.2555,32.7453],[-117.2244,32.7578],[-117.2592,32.7559],[-117.2108,32.7667],[-117.2098,32.7959],[-117.2524,32.7889],[-117.2428,32.7697],[-117.2603,32.7583],[-117.281,32.8219],[-117.2516,32.8768],[-117.2704,32.9746],[-117.2551,32.9633],[-117.25,32.9684],[-117.2802,33.0],[-79.5857,32.9909]]]]},"properties":{"country":"US"}}]}